run,type,module,name,attrname,attrvalue,value
LoRaSim-MinimalTopology-0-20240420-23:13:02-14384,runattr,,,configname,LoRaSim-MinimalTopology,
LoRaSim-MinimalTopology-0-20240420-23:13:02-14384,runattr,,,datetime,20240420-23:13:02,
LoRaSim-MinimalTopology-0-20240420-23:13:02-14384,runattr,,,experiment,LoRaSim-MinimalTopology,
LoRaSim-MinimalTopology-0-20240420-23:13:02-14384,runattr,,,inifile,omnetpp.ini,
LoRaSim-MinimalTopology-0-20240420-23:13:02-14384,runattr,,,iterationvars,"$N=4000, $M=9",
LoRaSim-MinimalTopology-0-20240420-23:13:02-14384,runattr,,,iterationvarsf,"N=4000,M=9-",
LoRaSim-MinimalTopology-0-20240420-23:13:02-14384,runattr,,,measurement,"$N=4000, $M=9",
LoRaSim-MinimalTopology-0-20240420-23:13:02-14384,runattr,,,network,LoRa,
LoRaSim-MinimalTopology-0-20240420-23:13:02-14384,runattr,,,processid,14384,
LoRaSim-MinimalTopology-0-20240420-23:13:02-14384,runattr,,,repetition,0,
LoRaSim-MinimalTopology-0-20240420-23:13:02-14384,runattr,,,replication,#0,
LoRaSim-MinimalTopology-0-20240420-23:13:02-14384,runattr,,,resultdir,results,
LoRaSim-MinimalTopology-0-20240420-23:13:02-14384,runattr,,,runnumber,0,
LoRaSim-MinimalTopology-0-20240420-23:13:02-14384,runattr,,,seedset,0,
LoRaSim-MinimalTopology-0-20240420-23:13:02-14384,itervar,,,M,9,
LoRaSim-MinimalTopology-0-20240420-23:13:02-14384,itervar,,,N,4000,
LoRaSim-MinimalTopology-0-20240420-23:13:02-14384,param,,,LoRa.host[*].isBufferingEvents,false,
LoRaSim-MinimalTopology-0-20240420-23:13:02-14384,param,,,LoRa.host[*].addFrameHeader,false,
LoRaSim-MinimalTopology-0-20240420-23:13:02-14384,param,,,LoRa.host[*].nbOfChannels,3,
LoRaSim-MinimalTopology-0-20240420-23:13:02-14384,param,,,LoRa.numHosts,4000,
LoRaSim-MinimalTopology-0-20240420-23:13:02-14384,param,,,LoRa.host[*].iaTime,exponential(600s),
LoRaSim-MinimalTopology-0-20240420-23:13:02-14384,param,,,LoRa.host[*].pkLenBits,160b,
LoRaSim-MinimalTopology-0-20240420-23:13:02-14384,param,,,LoRa.netR,6333.83 m,
LoRaSim-MinimalTopology-0-20240420-23:13:02-14384,param,,,LoRa.server[*].pathlossExp,3,
LoRaSim-MinimalTopology-0-20240420-23:13:02-14384,param,,,LoRa.server[*].BW,125,
LoRaSim-MinimalTopology-0-20240420-23:13:02-14384,param,,,LoRa.numServers,9,
LoRaSim-MinimalTopology-0-20240420-23:13:02-14384,param,,,LoRa.server[0].x,-6333.83m,
LoRaSim-MinimalTopology-0-20240420-23:13:02-14384,param,,,LoRa.server[0].y,0,
LoRaSim-MinimalTopology-0-20240420-23:13:02-14384,param,,,LoRa.server[1].x,-4491.94m,
LoRaSim-MinimalTopology-0-20240420-23:13:02-14384,param,,,LoRa.server[1].y,4491.94m,
LoRaSim-MinimalTopology-0-20240420-23:13:02-14384,param,,,LoRa.server[2].x,0,
LoRaSim-MinimalTopology-0-20240420-23:13:02-14384,param,,,LoRa.server[2].y,6333.83m,
LoRaSim-MinimalTopology-0-20240420-23:13:02-14384,param,,,LoRa.server[3].x,4491.94m,
LoRaSim-MinimalTopology-0-20240420-23:13:02-14384,param,,,LoRa.server[3].y,4491.94m,
LoRaSim-MinimalTopology-0-20240420-23:13:02-14384,param,,,LoRa.server[4].x,6333.83m,
LoRaSim-MinimalTopology-0-20240420-23:13:02-14384,param,,,LoRa.server[4].y,0,
LoRaSim-MinimalTopology-0-20240420-23:13:02-14384,param,,,LoRa.server[5].x,4491.94m,
LoRaSim-MinimalTopology-0-20240420-23:13:02-14384,param,,,LoRa.server[5].y,-4491.94m,
LoRaSim-MinimalTopology-0-20240420-23:13:02-14384,param,,,LoRa.server[6].x,0,
LoRaSim-MinimalTopology-0-20240420-23:13:02-14384,param,,,LoRa.server[6].y,-6333.83m,
LoRaSim-MinimalTopology-0-20240420-23:13:02-14384,param,,,LoRa.server[7].x,-4491.94m,
LoRaSim-MinimalTopology-0-20240420-23:13:02-14384,param,,,LoRa.server[7].y,-4491.94m,
LoRaSim-MinimalTopology-0-20240420-23:13:02-14384,param,,,LoRa.server[8].x,0m,
LoRaSim-MinimalTopology-0-20240420-23:13:02-14384,param,,,LoRa.server[8].y,0m,
LoRaSim-MinimalTopology-0-20240420-23:13:02-14384,param,,,**.animationHoldTimeOnCollision,0s,
LoRaSim-MinimalTopology-0-20240420-23:13:02-14384,param,,,**.idleAnimationSpeed,1,
LoRaSim-MinimalTopology-0-20240420-23:13:02-14384,param,,,**.transmissionEdgeAnimationSpeed,1e-6,
LoRaSim-MinimalTopology-0-20240420-23:13:02-14384,param,,,**.midTransmissionAnimationSpeed,1e-1,
LoRaSim-MinimalTopology-0-20240420-23:13:02-14384,param,,,LoRa.slotTime,0,
LoRaSim-MinimalTopology-0-20240420-23:13:02-14384,param,,,LoRa.dutyCycleActive,true,
LoRaSim-MinimalTopology-0-20240420-23:13:02-14384,scalar,LoRa.server[0],SF: 7,,,0.63562037037037
LoRaSim-MinimalTopology-0-20240420-23:13:02-14384,scalar,LoRa.server[0],rcvCounter: 7,,,278032
LoRaSim-MinimalTopology-0-20240420-23:13:02-14384,scalar,LoRa.server[0],noOfCollidedPackets: 7,,,3444
LoRaSim-MinimalTopology-0-20240420-23:13:02-14384,scalar,LoRa.server[0],noOfSuccessPackets: 7,,,274588
LoRaSim-MinimalTopology-0-20240420-23:13:02-14384,scalar,LoRa.server[0],noOfHostsInSFTier: 7,,,592
LoRaSim-MinimalTopology-0-20240420-23:13:02-14384,scalar,LoRa.server[0],SF: 8,,,0
LoRaSim-MinimalTopology-0-20240420-23:13:02-14384,scalar,LoRa.server[0],rcvCounter: 8,,,0
LoRaSim-MinimalTopology-0-20240420-23:13:02-14384,scalar,LoRa.server[0],noOfCollidedPackets: 8,,,0
LoRaSim-MinimalTopology-0-20240420-23:13:02-14384,scalar,LoRa.server[0],noOfSuccessPackets: 8,,,0
LoRaSim-MinimalTopology-0-20240420-23:13:02-14384,scalar,LoRa.server[0],noOfHostsInSFTier: 8,,,262
LoRaSim-MinimalTopology-0-20240420-23:13:02-14384,scalar,LoRa.server[0],SF: 9,,,0
LoRaSim-MinimalTopology-0-20240420-23:13:02-14384,scalar,LoRa.server[0],rcvCounter: 9,,,0
LoRaSim-MinimalTopology-0-20240420-23:13:02-14384,scalar,LoRa.server[0],noOfCollidedPackets: 9,,,0
LoRaSim-MinimalTopology-0-20240420-23:13:02-14384,scalar,LoRa.server[0],noOfSuccessPackets: 9,,,0
LoRaSim-MinimalTopology-0-20240420-23:13:02-14384,scalar,LoRa.server[0],noOfHostsInSFTier: 9,,,429
LoRaSim-MinimalTopology-0-20240420-23:13:02-14384,scalar,LoRa.server[0],SF: 10,,,0
LoRaSim-MinimalTopology-0-20240420-23:13:02-14384,scalar,LoRa.server[0],rcvCounter: 10,,,0
LoRaSim-MinimalTopology-0-20240420-23:13:02-14384,scalar,LoRa.server[0],noOfCollidedPackets: 10,,,0
LoRaSim-MinimalTopology-0-20240420-23:13:02-14384,scalar,LoRa.server[0],noOfSuccessPackets: 10,,,0
LoRaSim-MinimalTopology-0-20240420-23:13:02-14384,scalar,LoRa.server[0],noOfHostsInSFTier: 10,,,623
LoRaSim-MinimalTopology-0-20240420-23:13:02-14384,scalar,LoRa.server[0],SF: 11,,,0
LoRaSim-MinimalTopology-0-20240420-23:13:02-14384,scalar,LoRa.server[0],rcvCounter: 11,,,0
LoRaSim-MinimalTopology-0-20240420-23:13:02-14384,scalar,LoRa.server[0],noOfCollidedPackets: 11,,,0
LoRaSim-MinimalTopology-0-20240420-23:13:02-14384,scalar,LoRa.server[0],noOfSuccessPackets: 11,,,0
LoRaSim-MinimalTopology-0-20240420-23:13:02-14384,scalar,LoRa.server[0],noOfHostsInSFTier: 11,,,801
LoRaSim-MinimalTopology-0-20240420-23:13:02-14384,scalar,LoRa.server[0],SF: 12,,,0
LoRaSim-MinimalTopology-0-20240420-23:13:02-14384,scalar,LoRa.server[0],rcvCounter: 12,,,0
LoRaSim-MinimalTopology-0-20240420-23:13:02-14384,scalar,LoRa.server[0],noOfCollidedPackets: 12,,,0
LoRaSim-MinimalTopology-0-20240420-23:13:02-14384,scalar,LoRa.server[0],noOfSuccessPackets: 12,,,0
LoRaSim-MinimalTopology-0-20240420-23:13:02-14384,scalar,LoRa.server[0],noOfHostsInSFTier: 12,,,1289
LoRaSim-MinimalTopology-0-20240420-23:13:02-14384,scalar,LoRa.server[0],totalSuccessRate,,,0.63562037037037
LoRaSim-MinimalTopology-0-20240420-23:13:02-14384,scalar,LoRa.server[0],totalSuccessProb,,,0.98761293664039
LoRaSim-MinimalTopology-0-20240420-23:13:02-14384,scalar,LoRa.server[0],duration,,,432000
LoRaSim-MinimalTopology-0-20240420-23:13:02-14384,scalar,LoRa.server[1],SF: 7,,,0.57491898148148
LoRaSim-MinimalTopology-0-20240420-23:13:02-14384,scalar,LoRa.server[1],rcvCounter: 7,,,251188
LoRaSim-MinimalTopology-0-20240420-23:13:02-14384,scalar,LoRa.server[1],noOfCollidedPackets: 7,,,2823
LoRaSim-MinimalTopology-0-20240420-23:13:02-14384,scalar,LoRa.server[1],noOfSuccessPackets: 7,,,248365
LoRaSim-MinimalTopology-0-20240420-23:13:02-14384,scalar,LoRa.server[1],noOfHostsInSFTier: 7,,,592
LoRaSim-MinimalTopology-0-20240420-23:13:02-14384,scalar,LoRa.server[1],SF: 8,,,0
LoRaSim-MinimalTopology-0-20240420-23:13:02-14384,scalar,LoRa.server[1],rcvCounter: 8,,,0
LoRaSim-MinimalTopology-0-20240420-23:13:02-14384,scalar,LoRa.server[1],noOfCollidedPackets: 8,,,0
LoRaSim-MinimalTopology-0-20240420-23:13:02-14384,scalar,LoRa.server[1],noOfSuccessPackets: 8,,,0
LoRaSim-MinimalTopology-0-20240420-23:13:02-14384,scalar,LoRa.server[1],noOfHostsInSFTier: 8,,,262
LoRaSim-MinimalTopology-0-20240420-23:13:02-14384,scalar,LoRa.server[1],SF: 9,,,0
LoRaSim-MinimalTopology-0-20240420-23:13:02-14384,scalar,LoRa.server[1],rcvCounter: 9,,,0
LoRaSim-MinimalTopology-0-20240420-23:13:02-14384,scalar,LoRa.server[1],noOfCollidedPackets: 9,,,0
LoRaSim-MinimalTopology-0-20240420-23:13:02-14384,scalar,LoRa.server[1],noOfSuccessPackets: 9,,,0
LoRaSim-MinimalTopology-0-20240420-23:13:02-14384,scalar,LoRa.server[1],noOfHostsInSFTier: 9,,,429
LoRaSim-MinimalTopology-0-20240420-23:13:02-14384,scalar,LoRa.server[1],SF: 10,,,0
LoRaSim-MinimalTopology-0-20240420-23:13:02-14384,scalar,LoRa.server[1],rcvCounter: 10,,,0
LoRaSim-MinimalTopology-0-20240420-23:13:02-14384,scalar,LoRa.server[1],noOfCollidedPackets: 10,,,0
LoRaSim-MinimalTopology-0-20240420-23:13:02-14384,scalar,LoRa.server[1],noOfSuccessPackets: 10,,,0
LoRaSim-MinimalTopology-0-20240420-23:13:02-14384,scalar,LoRa.server[1],noOfHostsInSFTier: 10,,,623
LoRaSim-MinimalTopology-0-20240420-23:13:02-14384,scalar,LoRa.server[1],SF: 11,,,0
LoRaSim-MinimalTopology-0-20240420-23:13:02-14384,scalar,LoRa.server[1],rcvCounter: 11,,,0
LoRaSim-MinimalTopology-0-20240420-23:13:02-14384,scalar,LoRa.server[1],noOfCollidedPackets: 11,,,0
LoRaSim-MinimalTopology-0-20240420-23:13:02-14384,scalar,LoRa.server[1],noOfSuccessPackets: 11,,,0
LoRaSim-MinimalTopology-0-20240420-23:13:02-14384,scalar,LoRa.server[1],noOfHostsInSFTier: 11,,,801
LoRaSim-MinimalTopology-0-20240420-23:13:02-14384,scalar,LoRa.server[1],SF: 12,,,0
LoRaSim-MinimalTopology-0-20240420-23:13:02-14384,scalar,LoRa.server[1],rcvCounter: 12,,,0
LoRaSim-MinimalTopology-0-20240420-23:13:02-14384,scalar,LoRa.server[1],noOfCollidedPackets: 12,,,0
LoRaSim-MinimalTopology-0-20240420-23:13:02-14384,scalar,LoRa.server[1],noOfSuccessPackets: 12,,,0
LoRaSim-MinimalTopology-0-20240420-23:13:02-14384,scalar,LoRa.server[1],noOfHostsInSFTier: 12,,,1289
LoRaSim-MinimalTopology-0-20240420-23:13:02-14384,scalar,LoRa.server[1],totalSuccessRate,,,0.57491898148148
LoRaSim-MinimalTopology-0-20240420-23:13:02-14384,scalar,LoRa.server[1],totalSuccessProb,,,0.98876140579964
LoRaSim-MinimalTopology-0-20240420-23:13:02-14384,scalar,LoRa.server[1],duration,,,432000
LoRaSim-MinimalTopology-0-20240420-23:13:02-14384,scalar,LoRa.server[2],SF: 7,,,0.61867592592593
LoRaSim-MinimalTopology-0-20240420-23:13:02-14384,scalar,LoRa.server[2],rcvCounter: 7,,,270587
LoRaSim-MinimalTopology-0-20240420-23:13:02-14384,scalar,LoRa.server[2],noOfCollidedPackets: 7,,,3319
LoRaSim-MinimalTopology-0-20240420-23:13:02-14384,scalar,LoRa.server[2],noOfSuccessPackets: 7,,,267268
LoRaSim-MinimalTopology-0-20240420-23:13:02-14384,scalar,LoRa.server[2],noOfHostsInSFTier: 7,,,592
LoRaSim-MinimalTopology-0-20240420-23:13:02-14384,scalar,LoRa.server[2],SF: 8,,,0
LoRaSim-MinimalTopology-0-20240420-23:13:02-14384,scalar,LoRa.server[2],rcvCounter: 8,,,0
LoRaSim-MinimalTopology-0-20240420-23:13:02-14384,scalar,LoRa.server[2],noOfCollidedPackets: 8,,,0
LoRaSim-MinimalTopology-0-20240420-23:13:02-14384,scalar,LoRa.server[2],noOfSuccessPackets: 8,,,0
LoRaSim-MinimalTopology-0-20240420-23:13:02-14384,scalar,LoRa.server[2],noOfHostsInSFTier: 8,,,262
LoRaSim-MinimalTopology-0-20240420-23:13:02-14384,scalar,LoRa.server[2],SF: 9,,,0
LoRaSim-MinimalTopology-0-20240420-23:13:02-14384,scalar,LoRa.server[2],rcvCounter: 9,,,0
LoRaSim-MinimalTopology-0-20240420-23:13:02-14384,scalar,LoRa.server[2],noOfCollidedPackets: 9,,,0
LoRaSim-MinimalTopology-0-20240420-23:13:02-14384,scalar,LoRa.server[2],noOfSuccessPackets: 9,,,0
LoRaSim-MinimalTopology-0-20240420-23:13:02-14384,scalar,LoRa.server[2],noOfHostsInSFTier: 9,,,429
LoRaSim-MinimalTopology-0-20240420-23:13:02-14384,scalar,LoRa.server[2],SF: 10,,,0
LoRaSim-MinimalTopology-0-20240420-23:13:02-14384,scalar,LoRa.server[2],rcvCounter: 10,,,0
LoRaSim-MinimalTopology-0-20240420-23:13:02-14384,scalar,LoRa.server[2],noOfCollidedPackets: 10,,,0
LoRaSim-MinimalTopology-0-20240420-23:13:02-14384,scalar,LoRa.server[2],noOfSuccessPackets: 10,,,0
LoRaSim-MinimalTopology-0-20240420-23:13:02-14384,scalar,LoRa.server[2],noOfHostsInSFTier: 10,,,623
LoRaSim-MinimalTopology-0-20240420-23:13:02-14384,scalar,LoRa.server[2],SF: 11,,,0
LoRaSim-MinimalTopology-0-20240420-23:13:02-14384,scalar,LoRa.server[2],rcvCounter: 11,,,0
LoRaSim-MinimalTopology-0-20240420-23:13:02-14384,scalar,LoRa.server[2],noOfCollidedPackets: 11,,,0
LoRaSim-MinimalTopology-0-20240420-23:13:02-14384,scalar,LoRa.server[2],noOfSuccessPackets: 11,,,0
LoRaSim-MinimalTopology-0-20240420-23:13:02-14384,scalar,LoRa.server[2],noOfHostsInSFTier: 11,,,801
LoRaSim-MinimalTopology-0-20240420-23:13:02-14384,scalar,LoRa.server[2],SF: 12,,,0
LoRaSim-MinimalTopology-0-20240420-23:13:02-14384,scalar,LoRa.server[2],rcvCounter: 12,,,0
LoRaSim-MinimalTopology-0-20240420-23:13:02-14384,scalar,LoRa.server[2],noOfCollidedPackets: 12,,,0
LoRaSim-MinimalTopology-0-20240420-23:13:02-14384,scalar,LoRa.server[2],noOfSuccessPackets: 12,,,0
LoRaSim-MinimalTopology-0-20240420-23:13:02-14384,scalar,LoRa.server[2],noOfHostsInSFTier: 12,,,1289
LoRaSim-MinimalTopology-0-20240420-23:13:02-14384,scalar,LoRa.server[2],totalSuccessRate,,,0.61867592592593
LoRaSim-MinimalTopology-0-20240420-23:13:02-14384,scalar,LoRa.server[2],totalSuccessProb,,,0.98773407443817
LoRaSim-MinimalTopology-0-20240420-23:13:02-14384,scalar,LoRa.server[2],duration,,,432000
LoRaSim-MinimalTopology-0-20240420-23:13:02-14384,scalar,LoRa.server[3],SF: 7,,,0.58775694444444
LoRaSim-MinimalTopology-0-20240420-23:13:02-14384,scalar,LoRa.server[3],rcvCounter: 7,,,256966
LoRaSim-MinimalTopology-0-20240420-23:13:02-14384,scalar,LoRa.server[3],noOfCollidedPackets: 7,,,3055
LoRaSim-MinimalTopology-0-20240420-23:13:02-14384,scalar,LoRa.server[3],noOfSuccessPackets: 7,,,253911
LoRaSim-MinimalTopology-0-20240420-23:13:02-14384,scalar,LoRa.server[3],noOfHostsInSFTier: 7,,,592
LoRaSim-MinimalTopology-0-20240420-23:13:02-14384,scalar,LoRa.server[3],SF: 8,,,0
LoRaSim-MinimalTopology-0-20240420-23:13:02-14384,scalar,LoRa.server[3],rcvCounter: 8,,,0
LoRaSim-MinimalTopology-0-20240420-23:13:02-14384,scalar,LoRa.server[3],noOfCollidedPackets: 8,,,0
LoRaSim-MinimalTopology-0-20240420-23:13:02-14384,scalar,LoRa.server[3],noOfSuccessPackets: 8,,,0
LoRaSim-MinimalTopology-0-20240420-23:13:02-14384,scalar,LoRa.server[3],noOfHostsInSFTier: 8,,,262
LoRaSim-MinimalTopology-0-20240420-23:13:02-14384,scalar,LoRa.server[3],SF: 9,,,0
LoRaSim-MinimalTopology-0-20240420-23:13:02-14384,scalar,LoRa.server[3],rcvCounter: 9,,,0
LoRaSim-MinimalTopology-0-20240420-23:13:02-14384,scalar,LoRa.server[3],noOfCollidedPackets: 9,,,0
LoRaSim-MinimalTopology-0-20240420-23:13:02-14384,scalar,LoRa.server[3],noOfSuccessPackets: 9,,,0
LoRaSim-MinimalTopology-0-20240420-23:13:02-14384,scalar,LoRa.server[3],noOfHostsInSFTier: 9,,,429
LoRaSim-MinimalTopology-0-20240420-23:13:02-14384,scalar,LoRa.server[3],SF: 10,,,0
LoRaSim-MinimalTopology-0-20240420-23:13:02-14384,scalar,LoRa.server[3],rcvCounter: 10,,,0
LoRaSim-MinimalTopology-0-20240420-23:13:02-14384,scalar,LoRa.server[3],noOfCollidedPackets: 10,,,0
LoRaSim-MinimalTopology-0-20240420-23:13:02-14384,scalar,LoRa.server[3],noOfSuccessPackets: 10,,,0
LoRaSim-MinimalTopology-0-20240420-23:13:02-14384,scalar,LoRa.server[3],noOfHostsInSFTier: 10,,,623
LoRaSim-MinimalTopology-0-20240420-23:13:02-14384,scalar,LoRa.server[3],SF: 11,,,0
LoRaSim-MinimalTopology-0-20240420-23:13:02-14384,scalar,LoRa.server[3],rcvCounter: 11,,,0
LoRaSim-MinimalTopology-0-20240420-23:13:02-14384,scalar,LoRa.server[3],noOfCollidedPackets: 11,,,0
LoRaSim-MinimalTopology-0-20240420-23:13:02-14384,scalar,LoRa.server[3],noOfSuccessPackets: 11,,,0
LoRaSim-MinimalTopology-0-20240420-23:13:02-14384,scalar,LoRa.server[3],noOfHostsInSFTier: 11,,,801
LoRaSim-MinimalTopology-0-20240420-23:13:02-14384,scalar,LoRa.server[3],SF: 12,,,0
LoRaSim-MinimalTopology-0-20240420-23:13:02-14384,scalar,LoRa.server[3],rcvCounter: 12,,,0
LoRaSim-MinimalTopology-0-20240420-23:13:02-14384,scalar,LoRa.server[3],noOfCollidedPackets: 12,,,0
LoRaSim-MinimalTopology-0-20240420-23:13:02-14384,scalar,LoRa.server[3],noOfSuccessPackets: 12,,,0
LoRaSim-MinimalTopology-0-20240420-23:13:02-14384,scalar,LoRa.server[3],noOfHostsInSFTier: 12,,,1289
LoRaSim-MinimalTopology-0-20240420-23:13:02-14384,scalar,LoRa.server[3],totalSuccessRate,,,0.58775694444444
LoRaSim-MinimalTopology-0-20240420-23:13:02-14384,scalar,LoRa.server[3],totalSuccessProb,,,0.98811126763852
LoRaSim-MinimalTopology-0-20240420-23:13:02-14384,scalar,LoRa.server[3],duration,,,432000
LoRaSim-MinimalTopology-0-20240420-23:13:02-14384,scalar,LoRa.server[4],SF: 7,,,0.61885185185185
LoRaSim-MinimalTopology-0-20240420-23:13:02-14384,scalar,LoRa.server[4],rcvCounter: 7,,,270667
LoRaSim-MinimalTopology-0-20240420-23:13:02-14384,scalar,LoRa.server[4],noOfCollidedPackets: 7,,,3323
LoRaSim-MinimalTopology-0-20240420-23:13:02-14384,scalar,LoRa.server[4],noOfSuccessPackets: 7,,,267344
LoRaSim-MinimalTopology-0-20240420-23:13:02-14384,scalar,LoRa.server[4],noOfHostsInSFTier: 7,,,592
LoRaSim-MinimalTopology-0-20240420-23:13:02-14384,scalar,LoRa.server[4],SF: 8,,,0
LoRaSim-MinimalTopology-0-20240420-23:13:02-14384,scalar,LoRa.server[4],rcvCounter: 8,,,0
LoRaSim-MinimalTopology-0-20240420-23:13:02-14384,scalar,LoRa.server[4],noOfCollidedPackets: 8,,,0
LoRaSim-MinimalTopology-0-20240420-23:13:02-14384,scalar,LoRa.server[4],noOfSuccessPackets: 8,,,0
LoRaSim-MinimalTopology-0-20240420-23:13:02-14384,scalar,LoRa.server[4],noOfHostsInSFTier: 8,,,262
LoRaSim-MinimalTopology-0-20240420-23:13:02-14384,scalar,LoRa.server[4],SF: 9,,,0
LoRaSim-MinimalTopology-0-20240420-23:13:02-14384,scalar,LoRa.server[4],rcvCounter: 9,,,0
LoRaSim-MinimalTopology-0-20240420-23:13:02-14384,scalar,LoRa.server[4],noOfCollidedPackets: 9,,,0
LoRaSim-MinimalTopology-0-20240420-23:13:02-14384,scalar,LoRa.server[4],noOfSuccessPackets: 9,,,0
LoRaSim-MinimalTopology-0-20240420-23:13:02-14384,scalar,LoRa.server[4],noOfHostsInSFTier: 9,,,429
LoRaSim-MinimalTopology-0-20240420-23:13:02-14384,scalar,LoRa.server[4],SF: 10,,,0
LoRaSim-MinimalTopology-0-20240420-23:13:02-14384,scalar,LoRa.server[4],rcvCounter: 10,,,0
LoRaSim-MinimalTopology-0-20240420-23:13:02-14384,scalar,LoRa.server[4],noOfCollidedPackets: 10,,,0
LoRaSim-MinimalTopology-0-20240420-23:13:02-14384,scalar,LoRa.server[4],noOfSuccessPackets: 10,,,0
LoRaSim-MinimalTopology-0-20240420-23:13:02-14384,scalar,LoRa.server[4],noOfHostsInSFTier: 10,,,623
LoRaSim-MinimalTopology-0-20240420-23:13:02-14384,scalar,LoRa.server[4],SF: 11,,,0
LoRaSim-MinimalTopology-0-20240420-23:13:02-14384,scalar,LoRa.server[4],rcvCounter: 11,,,0
LoRaSim-MinimalTopology-0-20240420-23:13:02-14384,scalar,LoRa.server[4],noOfCollidedPackets: 11,,,0
LoRaSim-MinimalTopology-0-20240420-23:13:02-14384,scalar,LoRa.server[4],noOfSuccessPackets: 11,,,0
LoRaSim-MinimalTopology-0-20240420-23:13:02-14384,scalar,LoRa.server[4],noOfHostsInSFTier: 11,,,801
LoRaSim-MinimalTopology-0-20240420-23:13:02-14384,scalar,LoRa.server[4],SF: 12,,,0
LoRaSim-MinimalTopology-0-20240420-23:13:02-14384,scalar,LoRa.server[4],rcvCounter: 12,,,0
LoRaSim-MinimalTopology-0-20240420-23:13:02-14384,scalar,LoRa.server[4],noOfCollidedPackets: 12,,,0
LoRaSim-MinimalTopology-0-20240420-23:13:02-14384,scalar,LoRa.server[4],noOfSuccessPackets: 12,,,0
LoRaSim-MinimalTopology-0-20240420-23:13:02-14384,scalar,LoRa.server[4],noOfHostsInSFTier: 12,,,1289
LoRaSim-MinimalTopology-0-20240420-23:13:02-14384,scalar,LoRa.server[4],totalSuccessRate,,,0.61885185185185
LoRaSim-MinimalTopology-0-20240420-23:13:02-14384,scalar,LoRa.server[4],totalSuccessProb,,,0.9877229215235
LoRaSim-MinimalTopology-0-20240420-23:13:02-14384,scalar,LoRa.server[4],duration,,,432000
LoRaSim-MinimalTopology-0-20240420-23:13:02-14384,scalar,LoRa.server[5],SF: 7,,,0.58646064814815
LoRaSim-MinimalTopology-0-20240420-23:13:02-14384,scalar,LoRa.server[5],rcvCounter: 7,,,256282
LoRaSim-MinimalTopology-0-20240420-23:13:02-14384,scalar,LoRa.server[5],noOfCollidedPackets: 7,,,2931
LoRaSim-MinimalTopology-0-20240420-23:13:02-14384,scalar,LoRa.server[5],noOfSuccessPackets: 7,,,253351
LoRaSim-MinimalTopology-0-20240420-23:13:02-14384,scalar,LoRa.server[5],noOfHostsInSFTier: 7,,,592
LoRaSim-MinimalTopology-0-20240420-23:13:02-14384,scalar,LoRa.server[5],SF: 8,,,0
LoRaSim-MinimalTopology-0-20240420-23:13:02-14384,scalar,LoRa.server[5],rcvCounter: 8,,,0
LoRaSim-MinimalTopology-0-20240420-23:13:02-14384,scalar,LoRa.server[5],noOfCollidedPackets: 8,,,0
LoRaSim-MinimalTopology-0-20240420-23:13:02-14384,scalar,LoRa.server[5],noOfSuccessPackets: 8,,,0
LoRaSim-MinimalTopology-0-20240420-23:13:02-14384,scalar,LoRa.server[5],noOfHostsInSFTier: 8,,,262
LoRaSim-MinimalTopology-0-20240420-23:13:02-14384,scalar,LoRa.server[5],SF: 9,,,0
LoRaSim-MinimalTopology-0-20240420-23:13:02-14384,scalar,LoRa.server[5],rcvCounter: 9,,,0
LoRaSim-MinimalTopology-0-20240420-23:13:02-14384,scalar,LoRa.server[5],noOfCollidedPackets: 9,,,0
LoRaSim-MinimalTopology-0-20240420-23:13:02-14384,scalar,LoRa.server[5],noOfSuccessPackets: 9,,,0
LoRaSim-MinimalTopology-0-20240420-23:13:02-14384,scalar,LoRa.server[5],noOfHostsInSFTier: 9,,,429
LoRaSim-MinimalTopology-0-20240420-23:13:02-14384,scalar,LoRa.server[5],SF: 10,,,0
LoRaSim-MinimalTopology-0-20240420-23:13:02-14384,scalar,LoRa.server[5],rcvCounter: 10,,,0
LoRaSim-MinimalTopology-0-20240420-23:13:02-14384,scalar,LoRa.server[5],noOfCollidedPackets: 10,,,0
LoRaSim-MinimalTopology-0-20240420-23:13:02-14384,scalar,LoRa.server[5],noOfSuccessPackets: 10,,,0
LoRaSim-MinimalTopology-0-20240420-23:13:02-14384,scalar,LoRa.server[5],noOfHostsInSFTier: 10,,,623
LoRaSim-MinimalTopology-0-20240420-23:13:02-14384,scalar,LoRa.server[5],SF: 11,,,0
LoRaSim-MinimalTopology-0-20240420-23:13:02-14384,scalar,LoRa.server[5],rcvCounter: 11,,,0
LoRaSim-MinimalTopology-0-20240420-23:13:02-14384,scalar,LoRa.server[5],noOfCollidedPackets: 11,,,0
LoRaSim-MinimalTopology-0-20240420-23:13:02-14384,scalar,LoRa.server[5],noOfSuccessPackets: 11,,,0
LoRaSim-MinimalTopology-0-20240420-23:13:02-14384,scalar,LoRa.server[5],noOfHostsInSFTier: 11,,,801
LoRaSim-MinimalTopology-0-20240420-23:13:02-14384,scalar,LoRa.server[5],SF: 12,,,0
LoRaSim-MinimalTopology-0-20240420-23:13:02-14384,scalar,LoRa.server[5],rcvCounter: 12,,,0
LoRaSim-MinimalTopology-0-20240420-23:13:02-14384,scalar,LoRa.server[5],noOfCollidedPackets: 12,,,0
LoRaSim-MinimalTopology-0-20240420-23:13:02-14384,scalar,LoRa.server[5],noOfSuccessPackets: 12,,,0
LoRaSim-MinimalTopology-0-20240420-23:13:02-14384,scalar,LoRa.server[5],noOfHostsInSFTier: 12,,,1289
LoRaSim-MinimalTopology-0-20240420-23:13:02-14384,scalar,LoRa.server[5],totalSuccessRate,,,0.58646064814815
LoRaSim-MinimalTopology-0-20240420-23:13:02-14384,scalar,LoRa.server[5],totalSuccessProb,,,0.98856337940238
LoRaSim-MinimalTopology-0-20240420-23:13:02-14384,scalar,LoRa.server[5],duration,,,432000
LoRaSim-MinimalTopology-0-20240420-23:13:02-14384,scalar,LoRa.server[6],SF: 7,,,0.57703240740741
LoRaSim-MinimalTopology-0-20240420-23:13:02-14384,scalar,LoRa.server[6],rcvCounter: 7,,,252226
LoRaSim-MinimalTopology-0-20240420-23:13:02-14384,scalar,LoRa.server[6],noOfCollidedPackets: 7,,,2948
LoRaSim-MinimalTopology-0-20240420-23:13:02-14384,scalar,LoRa.server[6],noOfSuccessPackets: 7,,,249278
LoRaSim-MinimalTopology-0-20240420-23:13:02-14384,scalar,LoRa.server[6],noOfHostsInSFTier: 7,,,592
LoRaSim-MinimalTopology-0-20240420-23:13:02-14384,scalar,LoRa.server[6],SF: 8,,,0
LoRaSim-MinimalTopology-0-20240420-23:13:02-14384,scalar,LoRa.server[6],rcvCounter: 8,,,0
LoRaSim-MinimalTopology-0-20240420-23:13:02-14384,scalar,LoRa.server[6],noOfCollidedPackets: 8,,,0
LoRaSim-MinimalTopology-0-20240420-23:13:02-14384,scalar,LoRa.server[6],noOfSuccessPackets: 8,,,0
LoRaSim-MinimalTopology-0-20240420-23:13:02-14384,scalar,LoRa.server[6],noOfHostsInSFTier: 8,,,262
LoRaSim-MinimalTopology-0-20240420-23:13:02-14384,scalar,LoRa.server[6],SF: 9,,,0
LoRaSim-MinimalTopology-0-20240420-23:13:02-14384,scalar,LoRa.server[6],rcvCounter: 9,,,0
LoRaSim-MinimalTopology-0-20240420-23:13:02-14384,scalar,LoRa.server[6],noOfCollidedPackets: 9,,,0
LoRaSim-MinimalTopology-0-20240420-23:13:02-14384,scalar,LoRa.server[6],noOfSuccessPackets: 9,,,0
LoRaSim-MinimalTopology-0-20240420-23:13:02-14384,scalar,LoRa.server[6],noOfHostsInSFTier: 9,,,429
LoRaSim-MinimalTopology-0-20240420-23:13:02-14384,scalar,LoRa.server[6],SF: 10,,,0
LoRaSim-MinimalTopology-0-20240420-23:13:02-14384,scalar,LoRa.server[6],rcvCounter: 10,,,0
LoRaSim-MinimalTopology-0-20240420-23:13:02-14384,scalar,LoRa.server[6],noOfCollidedPackets: 10,,,0
LoRaSim-MinimalTopology-0-20240420-23:13:02-14384,scalar,LoRa.server[6],noOfSuccessPackets: 10,,,0
LoRaSim-MinimalTopology-0-20240420-23:13:02-14384,scalar,LoRa.server[6],noOfHostsInSFTier: 10,,,623
LoRaSim-MinimalTopology-0-20240420-23:13:02-14384,scalar,LoRa.server[6],SF: 11,,,0
LoRaSim-MinimalTopology-0-20240420-23:13:02-14384,scalar,LoRa.server[6],rcvCounter: 11,,,0
LoRaSim-MinimalTopology-0-20240420-23:13:02-14384,scalar,LoRa.server[6],noOfCollidedPackets: 11,,,0
LoRaSim-MinimalTopology-0-20240420-23:13:02-14384,scalar,LoRa.server[6],noOfSuccessPackets: 11,,,0
LoRaSim-MinimalTopology-0-20240420-23:13:02-14384,scalar,LoRa.server[6],noOfHostsInSFTier: 11,,,801
LoRaSim-MinimalTopology-0-20240420-23:13:02-14384,scalar,LoRa.server[6],SF: 12,,,0
LoRaSim-MinimalTopology-0-20240420-23:13:02-14384,scalar,LoRa.server[6],rcvCounter: 12,,,0
LoRaSim-MinimalTopology-0-20240420-23:13:02-14384,scalar,LoRa.server[6],noOfCollidedPackets: 12,,,0
LoRaSim-MinimalTopology-0-20240420-23:13:02-14384,scalar,LoRa.server[6],noOfSuccessPackets: 12,,,0
LoRaSim-MinimalTopology-0-20240420-23:13:02-14384,scalar,LoRa.server[6],noOfHostsInSFTier: 12,,,1289
LoRaSim-MinimalTopology-0-20240420-23:13:02-14384,scalar,LoRa.server[6],totalSuccessRate,,,0.57703240740741
LoRaSim-MinimalTopology-0-20240420-23:13:02-14384,scalar,LoRa.server[6],totalSuccessProb,,,0.98831206933464
LoRaSim-MinimalTopology-0-20240420-23:13:02-14384,scalar,LoRa.server[6],duration,,,432000
LoRaSim-MinimalTopology-0-20240420-23:13:02-14384,scalar,LoRa.server[7],SF: 7,,,0.62496064814815
LoRaSim-MinimalTopology-0-20240420-23:13:02-14384,scalar,LoRa.server[7],rcvCounter: 7,,,273303
LoRaSim-MinimalTopology-0-20240420-23:13:02-14384,scalar,LoRa.server[7],noOfCollidedPackets: 7,,,3320
LoRaSim-MinimalTopology-0-20240420-23:13:02-14384,scalar,LoRa.server[7],noOfSuccessPackets: 7,,,269983
LoRaSim-MinimalTopology-0-20240420-23:13:02-14384,scalar,LoRa.server[7],noOfHostsInSFTier: 7,,,592
LoRaSim-MinimalTopology-0-20240420-23:13:02-14384,scalar,LoRa.server[7],SF: 8,,,0
LoRaSim-MinimalTopology-0-20240420-23:13:02-14384,scalar,LoRa.server[7],rcvCounter: 8,,,0
LoRaSim-MinimalTopology-0-20240420-23:13:02-14384,scalar,LoRa.server[7],noOfCollidedPackets: 8,,,0
LoRaSim-MinimalTopology-0-20240420-23:13:02-14384,scalar,LoRa.server[7],noOfSuccessPackets: 8,,,0
LoRaSim-MinimalTopology-0-20240420-23:13:02-14384,scalar,LoRa.server[7],noOfHostsInSFTier: 8,,,262
LoRaSim-MinimalTopology-0-20240420-23:13:02-14384,scalar,LoRa.server[7],SF: 9,,,0
LoRaSim-MinimalTopology-0-20240420-23:13:02-14384,scalar,LoRa.server[7],rcvCounter: 9,,,0
LoRaSim-MinimalTopology-0-20240420-23:13:02-14384,scalar,LoRa.server[7],noOfCollidedPackets: 9,,,0
LoRaSim-MinimalTopology-0-20240420-23:13:02-14384,scalar,LoRa.server[7],noOfSuccessPackets: 9,,,0
LoRaSim-MinimalTopology-0-20240420-23:13:02-14384,scalar,LoRa.server[7],noOfHostsInSFTier: 9,,,429
LoRaSim-MinimalTopology-0-20240420-23:13:02-14384,scalar,LoRa.server[7],SF: 10,,,0
LoRaSim-MinimalTopology-0-20240420-23:13:02-14384,scalar,LoRa.server[7],rcvCounter: 10,,,0
LoRaSim-MinimalTopology-0-20240420-23:13:02-14384,scalar,LoRa.server[7],noOfCollidedPackets: 10,,,0
LoRaSim-MinimalTopology-0-20240420-23:13:02-14384,scalar,LoRa.server[7],noOfSuccessPackets: 10,,,0
LoRaSim-MinimalTopology-0-20240420-23:13:02-14384,scalar,LoRa.server[7],noOfHostsInSFTier: 10,,,623
LoRaSim-MinimalTopology-0-20240420-23:13:02-14384,scalar,LoRa.server[7],SF: 11,,,0
LoRaSim-MinimalTopology-0-20240420-23:13:02-14384,scalar,LoRa.server[7],rcvCounter: 11,,,0
LoRaSim-MinimalTopology-0-20240420-23:13:02-14384,scalar,LoRa.server[7],noOfCollidedPackets: 11,,,0
LoRaSim-MinimalTopology-0-20240420-23:13:02-14384,scalar,LoRa.server[7],noOfSuccessPackets: 11,,,0
LoRaSim-MinimalTopology-0-20240420-23:13:02-14384,scalar,LoRa.server[7],noOfHostsInSFTier: 11,,,801
LoRaSim-MinimalTopology-0-20240420-23:13:02-14384,scalar,LoRa.server[7],SF: 12,,,0
LoRaSim-MinimalTopology-0-20240420-23:13:02-14384,scalar,LoRa.server[7],rcvCounter: 12,,,0
LoRaSim-MinimalTopology-0-20240420-23:13:02-14384,scalar,LoRa.server[7],noOfCollidedPackets: 12,,,0
LoRaSim-MinimalTopology-0-20240420-23:13:02-14384,scalar,LoRa.server[7],noOfSuccessPackets: 12,,,0
LoRaSim-MinimalTopology-0-20240420-23:13:02-14384,scalar,LoRa.server[7],noOfHostsInSFTier: 12,,,1289
LoRaSim-MinimalTopology-0-20240420-23:13:02-14384,scalar,LoRa.server[7],totalSuccessRate,,,0.62496064814815
LoRaSim-MinimalTopology-0-20240420-23:13:02-14384,scalar,LoRa.server[7],totalSuccessProb,,,0.98785231043933
LoRaSim-MinimalTopology-0-20240420-23:13:02-14384,scalar,LoRa.server[7],duration,,,432000
LoRaSim-MinimalTopology-0-20240420-23:13:02-14384,scalar,LoRa.server[8],SF: 7,,,1.6889652777778
LoRaSim-MinimalTopology-0-20240420-23:13:02-14384,scalar,LoRa.server[8],rcvCounter: 7,,,754776
LoRaSim-MinimalTopology-0-20240420-23:13:02-14384,scalar,LoRa.server[8],noOfCollidedPackets: 7,,,25143
LoRaSim-MinimalTopology-0-20240420-23:13:02-14384,scalar,LoRa.server[8],noOfSuccessPackets: 7,,,729633
LoRaSim-MinimalTopology-0-20240420-23:13:02-14384,scalar,LoRa.server[8],noOfHostsInSFTier: 7,,,592
LoRaSim-MinimalTopology-0-20240420-23:13:02-14384,scalar,LoRa.server[8],SF: 8,,,0
LoRaSim-MinimalTopology-0-20240420-23:13:02-14384,scalar,LoRa.server[8],rcvCounter: 8,,,0
LoRaSim-MinimalTopology-0-20240420-23:13:02-14384,scalar,LoRa.server[8],noOfCollidedPackets: 8,,,0
LoRaSim-MinimalTopology-0-20240420-23:13:02-14384,scalar,LoRa.server[8],noOfSuccessPackets: 8,,,0
LoRaSim-MinimalTopology-0-20240420-23:13:02-14384,scalar,LoRa.server[8],noOfHostsInSFTier: 8,,,262
LoRaSim-MinimalTopology-0-20240420-23:13:02-14384,scalar,LoRa.server[8],SF: 9,,,0
LoRaSim-MinimalTopology-0-20240420-23:13:02-14384,scalar,LoRa.server[8],rcvCounter: 9,,,0
LoRaSim-MinimalTopology-0-20240420-23:13:02-14384,scalar,LoRa.server[8],noOfCollidedPackets: 9,,,0
LoRaSim-MinimalTopology-0-20240420-23:13:02-14384,scalar,LoRa.server[8],noOfSuccessPackets: 9,,,0
LoRaSim-MinimalTopology-0-20240420-23:13:02-14384,scalar,LoRa.server[8],noOfHostsInSFTier: 9,,,429
LoRaSim-MinimalTopology-0-20240420-23:13:02-14384,scalar,LoRa.server[8],SF: 10,,,0
LoRaSim-MinimalTopology-0-20240420-23:13:02-14384,scalar,LoRa.server[8],rcvCounter: 10,,,0
LoRaSim-MinimalTopology-0-20240420-23:13:02-14384,scalar,LoRa.server[8],noOfCollidedPackets: 10,,,0
LoRaSim-MinimalTopology-0-20240420-23:13:02-14384,scalar,LoRa.server[8],noOfSuccessPackets: 10,,,0
LoRaSim-MinimalTopology-0-20240420-23:13:02-14384,scalar,LoRa.server[8],noOfHostsInSFTier: 10,,,623
LoRaSim-MinimalTopology-0-20240420-23:13:02-14384,scalar,LoRa.server[8],SF: 11,,,0
LoRaSim-MinimalTopology-0-20240420-23:13:02-14384,scalar,LoRa.server[8],rcvCounter: 11,,,0
LoRaSim-MinimalTopology-0-20240420-23:13:02-14384,scalar,LoRa.server[8],noOfCollidedPackets: 11,,,0
LoRaSim-MinimalTopology-0-20240420-23:13:02-14384,scalar,LoRa.server[8],noOfSuccessPackets: 11,,,0
LoRaSim-MinimalTopology-0-20240420-23:13:02-14384,scalar,LoRa.server[8],noOfHostsInSFTier: 11,,,801
LoRaSim-MinimalTopology-0-20240420-23:13:02-14384,scalar,LoRa.server[8],SF: 12,,,0
LoRaSim-MinimalTopology-0-20240420-23:13:02-14384,scalar,LoRa.server[8],rcvCounter: 12,,,0
LoRaSim-MinimalTopology-0-20240420-23:13:02-14384,scalar,LoRa.server[8],noOfCollidedPackets: 12,,,0
LoRaSim-MinimalTopology-0-20240420-23:13:02-14384,scalar,LoRa.server[8],noOfSuccessPackets: 12,,,0
LoRaSim-MinimalTopology-0-20240420-23:13:02-14384,scalar,LoRa.server[8],noOfHostsInSFTier: 12,,,1289
LoRaSim-MinimalTopology-0-20240420-23:13:02-14384,scalar,LoRa.server[8],totalSuccessRate,,,1.6889652777778
LoRaSim-MinimalTopology-0-20240420-23:13:02-14384,scalar,LoRa.server[8],totalSuccessProb,,,0.96668812998823
LoRaSim-MinimalTopology-0-20240420-23:13:02-14384,scalar,LoRa.server[8],duration,,,432000
LoRaSim-MinimalTopology-0-20240420-23:13:02-14384,scalar,LoRa.host[0],numOfHostsPerSF_Server0_SF7,,,271
LoRaSim-MinimalTopology-0-20240420-23:13:02-14384,scalar,LoRa.host[0],numOfHostsPerSF_Server0_SF8,,,74
LoRaSim-MinimalTopology-0-20240420-23:13:02-14384,scalar,LoRa.host[0],numOfHostsPerSF_Server0_SF9,,,44
LoRaSim-MinimalTopology-0-20240420-23:13:02-14384,scalar,LoRa.host[0],numOfHostsPerSF_Server0_SF10,,,0
LoRaSim-MinimalTopology-0-20240420-23:13:02-14384,scalar,LoRa.host[0],numOfHostsPerSF_Server0_SF11,,,0
LoRaSim-MinimalTopology-0-20240420-23:13:02-14384,scalar,LoRa.host[0],numOfHostsPerSF_Server0_SF12,,,0
LoRaSim-MinimalTopology-0-20240420-23:13:02-14384,scalar,LoRa.host[0],numOfHostsPerSF_Server1_SF7,,,251
LoRaSim-MinimalTopology-0-20240420-23:13:02-14384,scalar,LoRa.host[0],numOfHostsPerSF_Server1_SF8,,,72
LoRaSim-MinimalTopology-0-20240420-23:13:02-14384,scalar,LoRa.host[0],numOfHostsPerSF_Server1_SF9,,,27
LoRaSim-MinimalTopology-0-20240420-23:13:02-14384,scalar,LoRa.host[0],numOfHostsPerSF_Server1_SF10,,,0
LoRaSim-MinimalTopology-0-20240420-23:13:02-14384,scalar,LoRa.host[0],numOfHostsPerSF_Server1_SF11,,,0
LoRaSim-MinimalTopology-0-20240420-23:13:02-14384,scalar,LoRa.host[0],numOfHostsPerSF_Server1_SF12,,,0
LoRaSim-MinimalTopology-0-20240420-23:13:02-14384,scalar,LoRa.host[0],numOfHostsPerSF_Server2_SF7,,,264
LoRaSim-MinimalTopology-0-20240420-23:13:02-14384,scalar,LoRa.host[0],numOfHostsPerSF_Server2_SF8,,,67
LoRaSim-MinimalTopology-0-20240420-23:13:02-14384,scalar,LoRa.host[0],numOfHostsPerSF_Server2_SF9,,,47
LoRaSim-MinimalTopology-0-20240420-23:13:02-14384,scalar,LoRa.host[0],numOfHostsPerSF_Server2_SF10,,,0
LoRaSim-MinimalTopology-0-20240420-23:13:02-14384,scalar,LoRa.host[0],numOfHostsPerSF_Server2_SF11,,,0
LoRaSim-MinimalTopology-0-20240420-23:13:02-14384,scalar,LoRa.host[0],numOfHostsPerSF_Server2_SF12,,,0
LoRaSim-MinimalTopology-0-20240420-23:13:02-14384,scalar,LoRa.host[0],numOfHostsPerSF_Server3_SF7,,,272
LoRaSim-MinimalTopology-0-20240420-23:13:02-14384,scalar,LoRa.host[0],numOfHostsPerSF_Server3_SF8,,,49
LoRaSim-MinimalTopology-0-20240420-23:13:02-14384,scalar,LoRa.host[0],numOfHostsPerSF_Server3_SF9,,,38
LoRaSim-MinimalTopology-0-20240420-23:13:02-14384,scalar,LoRa.host[0],numOfHostsPerSF_Server3_SF10,,,0
LoRaSim-MinimalTopology-0-20240420-23:13:02-14384,scalar,LoRa.host[0],numOfHostsPerSF_Server3_SF11,,,0
LoRaSim-MinimalTopology-0-20240420-23:13:02-14384,scalar,LoRa.host[0],numOfHostsPerSF_Server3_SF12,,,0
LoRaSim-MinimalTopology-0-20240420-23:13:02-14384,scalar,LoRa.host[0],numOfHostsPerSF_Server4_SF7,,,273
LoRaSim-MinimalTopology-0-20240420-23:13:02-14384,scalar,LoRa.host[0],numOfHostsPerSF_Server4_SF8,,,69
LoRaSim-MinimalTopology-0-20240420-23:13:02-14384,scalar,LoRa.host[0],numOfHostsPerSF_Server4_SF9,,,37
LoRaSim-MinimalTopology-0-20240420-23:13:02-14384,scalar,LoRa.host[0],numOfHostsPerSF_Server4_SF10,,,0
LoRaSim-MinimalTopology-0-20240420-23:13:02-14384,scalar,LoRa.host[0],numOfHostsPerSF_Server4_SF11,,,0
LoRaSim-MinimalTopology-0-20240420-23:13:02-14384,scalar,LoRa.host[0],numOfHostsPerSF_Server4_SF12,,,0
LoRaSim-MinimalTopology-0-20240420-23:13:02-14384,scalar,LoRa.host[0],numOfHostsPerSF_Server5_SF7,,,263
LoRaSim-MinimalTopology-0-20240420-23:13:02-14384,scalar,LoRa.host[0],numOfHostsPerSF_Server5_SF8,,,68
LoRaSim-MinimalTopology-0-20240420-23:13:02-14384,scalar,LoRa.host[0],numOfHostsPerSF_Server5_SF9,,,26
LoRaSim-MinimalTopology-0-20240420-23:13:02-14384,scalar,LoRa.host[0],numOfHostsPerSF_Server5_SF10,,,0
LoRaSim-MinimalTopology-0-20240420-23:13:02-14384,scalar,LoRa.host[0],numOfHostsPerSF_Server5_SF11,,,0
LoRaSim-MinimalTopology-0-20240420-23:13:02-14384,scalar,LoRa.host[0],numOfHostsPerSF_Server5_SF12,,,0
LoRaSim-MinimalTopology-0-20240420-23:13:02-14384,scalar,LoRa.host[0],numOfHostsPerSF_Server6_SF7,,,252
LoRaSim-MinimalTopology-0-20240420-23:13:02-14384,scalar,LoRa.host[0],numOfHostsPerSF_Server6_SF8,,,63
LoRaSim-MinimalTopology-0-20240420-23:13:02-14384,scalar,LoRa.host[0],numOfHostsPerSF_Server6_SF9,,,37
LoRaSim-MinimalTopology-0-20240420-23:13:02-14384,scalar,LoRa.host[0],numOfHostsPerSF_Server6_SF10,,,0
LoRaSim-MinimalTopology-0-20240420-23:13:02-14384,scalar,LoRa.host[0],numOfHostsPerSF_Server6_SF11,,,0
LoRaSim-MinimalTopology-0-20240420-23:13:02-14384,scalar,LoRa.host[0],numOfHostsPerSF_Server6_SF12,,,0
LoRaSim-MinimalTopology-0-20240420-23:13:02-14384,scalar,LoRa.host[0],numOfHostsPerSF_Server7_SF7,,,284
LoRaSim-MinimalTopology-0-20240420-23:13:02-14384,scalar,LoRa.host[0],numOfHostsPerSF_Server7_SF8,,,68
LoRaSim-MinimalTopology-0-20240420-23:13:02-14384,scalar,LoRa.host[0],numOfHostsPerSF_Server7_SF9,,,30
LoRaSim-MinimalTopology-0-20240420-23:13:02-14384,scalar,LoRa.host[0],numOfHostsPerSF_Server7_SF10,,,0
LoRaSim-MinimalTopology-0-20240420-23:13:02-14384,scalar,LoRa.host[0],numOfHostsPerSF_Server7_SF11,,,0
LoRaSim-MinimalTopology-0-20240420-23:13:02-14384,scalar,LoRa.host[0],numOfHostsPerSF_Server7_SF12,,,0
LoRaSim-MinimalTopology-0-20240420-23:13:02-14384,scalar,LoRa.host[0],numOfHostsPerSF_Server8_SF7,,,592
LoRaSim-MinimalTopology-0-20240420-23:13:02-14384,scalar,LoRa.host[0],numOfHostsPerSF_Server8_SF8,,,262
LoRaSim-MinimalTopology-0-20240420-23:13:02-14384,scalar,LoRa.host[0],numOfHostsPerSF_Server8_SF9,,,200
LoRaSim-MinimalTopology-0-20240420-23:13:02-14384,scalar,LoRa.host[0],numOfHostsPerSF_Server8_SF10,,,0
LoRaSim-MinimalTopology-0-20240420-23:13:02-14384,scalar,LoRa.host[0],numOfHostsPerSF_Server8_SF11,,,0
LoRaSim-MinimalTopology-0-20240420-23:13:02-14384,scalar,LoRa.host[0],numOfHostsPerSF_Server8_SF12,,,0
LoRaSim-MinimalTopology-0-20240420-23:13:02-14384,scalar,_runattrs_,M,,,9
LoRaSim-MinimalTopology-0-20240420-23:13:02-14384,scalar,_runattrs_,N,,,4000
