run,type,module,name,attrname,attrvalue,value
LoRaSim-MinimalTopology-0-20240420-23:08:21-10436,runattr,,,configname,LoRaSim-MinimalTopology,
LoRaSim-MinimalTopology-0-20240420-23:08:21-10436,runattr,,,datetime,20240420-23:08:21,
LoRaSim-MinimalTopology-0-20240420-23:08:21-10436,runattr,,,experiment,LoRaSim-MinimalTopology,
LoRaSim-MinimalTopology-0-20240420-23:08:21-10436,runattr,,,inifile,omnetpp.ini,
LoRaSim-MinimalTopology-0-20240420-23:08:21-10436,runattr,,,iterationvars,"$N=1000, $M=9",
LoRaSim-MinimalTopology-0-20240420-23:08:21-10436,runattr,,,iterationvarsf,"N=1000,M=9-",
LoRaSim-MinimalTopology-0-20240420-23:08:21-10436,runattr,,,measurement,"$N=1000, $M=9",
LoRaSim-MinimalTopology-0-20240420-23:08:21-10436,runattr,,,network,LoRa,
LoRaSim-MinimalTopology-0-20240420-23:08:21-10436,runattr,,,processid,10436,
LoRaSim-MinimalTopology-0-20240420-23:08:21-10436,runattr,,,repetition,0,
LoRaSim-MinimalTopology-0-20240420-23:08:21-10436,runattr,,,replication,#0,
LoRaSim-MinimalTopology-0-20240420-23:08:21-10436,runattr,,,resultdir,results,
LoRaSim-MinimalTopology-0-20240420-23:08:21-10436,runattr,,,runnumber,0,
LoRaSim-MinimalTopology-0-20240420-23:08:21-10436,runattr,,,seedset,0,
LoRaSim-MinimalTopology-0-20240420-23:08:21-10436,itervar,,,M,9,
LoRaSim-MinimalTopology-0-20240420-23:08:21-10436,itervar,,,N,1000,
LoRaSim-MinimalTopology-0-20240420-23:08:21-10436,param,,,LoRa.host[*].isBufferingEvents,false,
LoRaSim-MinimalTopology-0-20240420-23:08:21-10436,param,,,LoRa.host[*].addFrameHeader,false,
LoRaSim-MinimalTopology-0-20240420-23:08:21-10436,param,,,LoRa.host[*].nbOfChannels,3,
LoRaSim-MinimalTopology-0-20240420-23:08:21-10436,param,,,LoRa.numHosts,1000,
LoRaSim-MinimalTopology-0-20240420-23:08:21-10436,param,,,LoRa.host[*].iaTime,exponential(600s),
LoRaSim-MinimalTopology-0-20240420-23:08:21-10436,param,,,LoRa.host[*].pkLenBits,160b,
LoRaSim-MinimalTopology-0-20240420-23:08:21-10436,param,,,LoRa.netR,6333.83 m,
LoRaSim-MinimalTopology-0-20240420-23:08:21-10436,param,,,LoRa.server[*].pathlossExp,3,
LoRaSim-MinimalTopology-0-20240420-23:08:21-10436,param,,,LoRa.server[*].BW,125,
LoRaSim-MinimalTopology-0-20240420-23:08:21-10436,param,,,LoRa.numServers,9,
LoRaSim-MinimalTopology-0-20240420-23:08:21-10436,param,,,LoRa.server[0].x,-6333.83m,
LoRaSim-MinimalTopology-0-20240420-23:08:21-10436,param,,,LoRa.server[0].y,0,
LoRaSim-MinimalTopology-0-20240420-23:08:21-10436,param,,,LoRa.server[1].x,-4491.94m,
LoRaSim-MinimalTopology-0-20240420-23:08:21-10436,param,,,LoRa.server[1].y,4491.94m,
LoRaSim-MinimalTopology-0-20240420-23:08:21-10436,param,,,LoRa.server[2].x,0,
LoRaSim-MinimalTopology-0-20240420-23:08:21-10436,param,,,LoRa.server[2].y,6333.83m,
LoRaSim-MinimalTopology-0-20240420-23:08:21-10436,param,,,LoRa.server[3].x,4491.94m,
LoRaSim-MinimalTopology-0-20240420-23:08:21-10436,param,,,LoRa.server[3].y,4491.94m,
LoRaSim-MinimalTopology-0-20240420-23:08:21-10436,param,,,LoRa.server[4].x,6333.83m,
LoRaSim-MinimalTopology-0-20240420-23:08:21-10436,param,,,LoRa.server[4].y,0,
LoRaSim-MinimalTopology-0-20240420-23:08:21-10436,param,,,LoRa.server[5].x,4491.94m,
LoRaSim-MinimalTopology-0-20240420-23:08:21-10436,param,,,LoRa.server[5].y,-4491.94m,
LoRaSim-MinimalTopology-0-20240420-23:08:21-10436,param,,,LoRa.server[6].x,0,
LoRaSim-MinimalTopology-0-20240420-23:08:21-10436,param,,,LoRa.server[6].y,-6333.83m,
LoRaSim-MinimalTopology-0-20240420-23:08:21-10436,param,,,LoRa.server[7].x,-4491.94m,
LoRaSim-MinimalTopology-0-20240420-23:08:21-10436,param,,,LoRa.server[7].y,-4491.94m,
LoRaSim-MinimalTopology-0-20240420-23:08:21-10436,param,,,LoRa.server[8].x,0m,
LoRaSim-MinimalTopology-0-20240420-23:08:21-10436,param,,,LoRa.server[8].y,0m,
LoRaSim-MinimalTopology-0-20240420-23:08:21-10436,param,,,**.animationHoldTimeOnCollision,0s,
LoRaSim-MinimalTopology-0-20240420-23:08:21-10436,param,,,**.idleAnimationSpeed,1,
LoRaSim-MinimalTopology-0-20240420-23:08:21-10436,param,,,**.transmissionEdgeAnimationSpeed,1e-6,
LoRaSim-MinimalTopology-0-20240420-23:08:21-10436,param,,,**.midTransmissionAnimationSpeed,1e-1,
LoRaSim-MinimalTopology-0-20240420-23:08:21-10436,param,,,LoRa.slotTime,0,
LoRaSim-MinimalTopology-0-20240420-23:08:21-10436,param,,,LoRa.dutyCycleActive,true,
LoRaSim-MinimalTopology-0-20240420-23:08:21-10436,scalar,LoRa.server[0],SF: 7,,,0.1591412037037
LoRaSim-MinimalTopology-0-20240420-23:08:21-10436,scalar,LoRa.server[0],rcvCounter: 7,,,68947
LoRaSim-MinimalTopology-0-20240420-23:08:21-10436,scalar,LoRa.server[0],noOfCollidedPackets: 7,,,198
LoRaSim-MinimalTopology-0-20240420-23:08:21-10436,scalar,LoRa.server[0],noOfSuccessPackets: 7,,,68749
LoRaSim-MinimalTopology-0-20240420-23:08:21-10436,scalar,LoRa.server[0],noOfHostsInSFTier: 7,,,148
LoRaSim-MinimalTopology-0-20240420-23:08:21-10436,scalar,LoRa.server[0],SF: 8,,,0
LoRaSim-MinimalTopology-0-20240420-23:08:21-10436,scalar,LoRa.server[0],rcvCounter: 8,,,0
LoRaSim-MinimalTopology-0-20240420-23:08:21-10436,scalar,LoRa.server[0],noOfCollidedPackets: 8,,,0
LoRaSim-MinimalTopology-0-20240420-23:08:21-10436,scalar,LoRa.server[0],noOfSuccessPackets: 8,,,0
LoRaSim-MinimalTopology-0-20240420-23:08:21-10436,scalar,LoRa.server[0],noOfHostsInSFTier: 8,,,64
LoRaSim-MinimalTopology-0-20240420-23:08:21-10436,scalar,LoRa.server[0],SF: 9,,,0
LoRaSim-MinimalTopology-0-20240420-23:08:21-10436,scalar,LoRa.server[0],rcvCounter: 9,,,0
LoRaSim-MinimalTopology-0-20240420-23:08:21-10436,scalar,LoRa.server[0],noOfCollidedPackets: 9,,,0
LoRaSim-MinimalTopology-0-20240420-23:08:21-10436,scalar,LoRa.server[0],noOfSuccessPackets: 9,,,0
LoRaSim-MinimalTopology-0-20240420-23:08:21-10436,scalar,LoRa.server[0],noOfHostsInSFTier: 9,,,110
LoRaSim-MinimalTopology-0-20240420-23:08:21-10436,scalar,LoRa.server[0],SF: 10,,,0
LoRaSim-MinimalTopology-0-20240420-23:08:21-10436,scalar,LoRa.server[0],rcvCounter: 10,,,0
LoRaSim-MinimalTopology-0-20240420-23:08:21-10436,scalar,LoRa.server[0],noOfCollidedPackets: 10,,,0
LoRaSim-MinimalTopology-0-20240420-23:08:21-10436,scalar,LoRa.server[0],noOfSuccessPackets: 10,,,0
LoRaSim-MinimalTopology-0-20240420-23:08:21-10436,scalar,LoRa.server[0],noOfHostsInSFTier: 10,,,168
LoRaSim-MinimalTopology-0-20240420-23:08:21-10436,scalar,LoRa.server[0],SF: 11,,,0
LoRaSim-MinimalTopology-0-20240420-23:08:21-10436,scalar,LoRa.server[0],rcvCounter: 11,,,0
LoRaSim-MinimalTopology-0-20240420-23:08:21-10436,scalar,LoRa.server[0],noOfCollidedPackets: 11,,,0
LoRaSim-MinimalTopology-0-20240420-23:08:21-10436,scalar,LoRa.server[0],noOfSuccessPackets: 11,,,0
LoRaSim-MinimalTopology-0-20240420-23:08:21-10436,scalar,LoRa.server[0],noOfHostsInSFTier: 11,,,194
LoRaSim-MinimalTopology-0-20240420-23:08:21-10436,scalar,LoRa.server[0],SF: 12,,,0
LoRaSim-MinimalTopology-0-20240420-23:08:21-10436,scalar,LoRa.server[0],rcvCounter: 12,,,0
LoRaSim-MinimalTopology-0-20240420-23:08:21-10436,scalar,LoRa.server[0],noOfCollidedPackets: 12,,,0
LoRaSim-MinimalTopology-0-20240420-23:08:21-10436,scalar,LoRa.server[0],noOfSuccessPackets: 12,,,0
LoRaSim-MinimalTopology-0-20240420-23:08:21-10436,scalar,LoRa.server[0],noOfHostsInSFTier: 12,,,315
LoRaSim-MinimalTopology-0-20240420-23:08:21-10436,scalar,LoRa.server[0],totalSuccessRate,,,0.1591412037037
LoRaSim-MinimalTopology-0-20240420-23:08:21-10436,scalar,LoRa.server[0],totalSuccessProb,,,0.99712822892947
LoRaSim-MinimalTopology-0-20240420-23:08:21-10436,scalar,LoRa.server[0],duration,,,432000
LoRaSim-MinimalTopology-0-20240420-23:08:21-10436,scalar,LoRa.server[1],SF: 7,,,0.14923842592593
LoRaSim-MinimalTopology-0-20240420-23:08:21-10436,scalar,LoRa.server[1],rcvCounter: 7,,,64683
LoRaSim-MinimalTopology-0-20240420-23:08:21-10436,scalar,LoRa.server[1],noOfCollidedPackets: 7,,,212
LoRaSim-MinimalTopology-0-20240420-23:08:21-10436,scalar,LoRa.server[1],noOfSuccessPackets: 7,,,64471
LoRaSim-MinimalTopology-0-20240420-23:08:21-10436,scalar,LoRa.server[1],noOfHostsInSFTier: 7,,,148
LoRaSim-MinimalTopology-0-20240420-23:08:21-10436,scalar,LoRa.server[1],SF: 8,,,0
LoRaSim-MinimalTopology-0-20240420-23:08:21-10436,scalar,LoRa.server[1],rcvCounter: 8,,,0
LoRaSim-MinimalTopology-0-20240420-23:08:21-10436,scalar,LoRa.server[1],noOfCollidedPackets: 8,,,0
LoRaSim-MinimalTopology-0-20240420-23:08:21-10436,scalar,LoRa.server[1],noOfSuccessPackets: 8,,,0
LoRaSim-MinimalTopology-0-20240420-23:08:21-10436,scalar,LoRa.server[1],noOfHostsInSFTier: 8,,,64
LoRaSim-MinimalTopology-0-20240420-23:08:21-10436,scalar,LoRa.server[1],SF: 9,,,0
LoRaSim-MinimalTopology-0-20240420-23:08:21-10436,scalar,LoRa.server[1],rcvCounter: 9,,,0
LoRaSim-MinimalTopology-0-20240420-23:08:21-10436,scalar,LoRa.server[1],noOfCollidedPackets: 9,,,0
LoRaSim-MinimalTopology-0-20240420-23:08:21-10436,scalar,LoRa.server[1],noOfSuccessPackets: 9,,,0
LoRaSim-MinimalTopology-0-20240420-23:08:21-10436,scalar,LoRa.server[1],noOfHostsInSFTier: 9,,,110
LoRaSim-MinimalTopology-0-20240420-23:08:21-10436,scalar,LoRa.server[1],SF: 10,,,0
LoRaSim-MinimalTopology-0-20240420-23:08:21-10436,scalar,LoRa.server[1],rcvCounter: 10,,,0
LoRaSim-MinimalTopology-0-20240420-23:08:21-10436,scalar,LoRa.server[1],noOfCollidedPackets: 10,,,0
LoRaSim-MinimalTopology-0-20240420-23:08:21-10436,scalar,LoRa.server[1],noOfSuccessPackets: 10,,,0
LoRaSim-MinimalTopology-0-20240420-23:08:21-10436,scalar,LoRa.server[1],noOfHostsInSFTier: 10,,,168
LoRaSim-MinimalTopology-0-20240420-23:08:21-10436,scalar,LoRa.server[1],SF: 11,,,0
LoRaSim-MinimalTopology-0-20240420-23:08:21-10436,scalar,LoRa.server[1],rcvCounter: 11,,,0
LoRaSim-MinimalTopology-0-20240420-23:08:21-10436,scalar,LoRa.server[1],noOfCollidedPackets: 11,,,0
LoRaSim-MinimalTopology-0-20240420-23:08:21-10436,scalar,LoRa.server[1],noOfSuccessPackets: 11,,,0
LoRaSim-MinimalTopology-0-20240420-23:08:21-10436,scalar,LoRa.server[1],noOfHostsInSFTier: 11,,,194
LoRaSim-MinimalTopology-0-20240420-23:08:21-10436,scalar,LoRa.server[1],SF: 12,,,0
LoRaSim-MinimalTopology-0-20240420-23:08:21-10436,scalar,LoRa.server[1],rcvCounter: 12,,,0
LoRaSim-MinimalTopology-0-20240420-23:08:21-10436,scalar,LoRa.server[1],noOfCollidedPackets: 12,,,0
LoRaSim-MinimalTopology-0-20240420-23:08:21-10436,scalar,LoRa.server[1],noOfSuccessPackets: 12,,,0
LoRaSim-MinimalTopology-0-20240420-23:08:21-10436,scalar,LoRa.server[1],noOfHostsInSFTier: 12,,,315
LoRaSim-MinimalTopology-0-20240420-23:08:21-10436,scalar,LoRa.server[1],totalSuccessRate,,,0.14923842592593
LoRaSim-MinimalTopology-0-20240420-23:08:21-10436,scalar,LoRa.server[1],totalSuccessProb,,,0.99672247731243
LoRaSim-MinimalTopology-0-20240420-23:08:21-10436,scalar,LoRa.server[1],duration,,,432000
LoRaSim-MinimalTopology-0-20240420-23:08:21-10436,scalar,LoRa.server[2],SF: 7,,,0.13432175925926
LoRaSim-MinimalTopology-0-20240420-23:08:21-10436,scalar,LoRa.server[2],rcvCounter: 7,,,58169
LoRaSim-MinimalTopology-0-20240420-23:08:21-10436,scalar,LoRa.server[2],noOfCollidedPackets: 7,,,142
LoRaSim-MinimalTopology-0-20240420-23:08:21-10436,scalar,LoRa.server[2],noOfSuccessPackets: 7,,,58027
LoRaSim-MinimalTopology-0-20240420-23:08:21-10436,scalar,LoRa.server[2],noOfHostsInSFTier: 7,,,148
LoRaSim-MinimalTopology-0-20240420-23:08:21-10436,scalar,LoRa.server[2],SF: 8,,,0
LoRaSim-MinimalTopology-0-20240420-23:08:21-10436,scalar,LoRa.server[2],rcvCounter: 8,,,0
LoRaSim-MinimalTopology-0-20240420-23:08:21-10436,scalar,LoRa.server[2],noOfCollidedPackets: 8,,,0
LoRaSim-MinimalTopology-0-20240420-23:08:21-10436,scalar,LoRa.server[2],noOfSuccessPackets: 8,,,0
LoRaSim-MinimalTopology-0-20240420-23:08:21-10436,scalar,LoRa.server[2],noOfHostsInSFTier: 8,,,64
LoRaSim-MinimalTopology-0-20240420-23:08:21-10436,scalar,LoRa.server[2],SF: 9,,,0
LoRaSim-MinimalTopology-0-20240420-23:08:21-10436,scalar,LoRa.server[2],rcvCounter: 9,,,0
LoRaSim-MinimalTopology-0-20240420-23:08:21-10436,scalar,LoRa.server[2],noOfCollidedPackets: 9,,,0
LoRaSim-MinimalTopology-0-20240420-23:08:21-10436,scalar,LoRa.server[2],noOfSuccessPackets: 9,,,0
LoRaSim-MinimalTopology-0-20240420-23:08:21-10436,scalar,LoRa.server[2],noOfHostsInSFTier: 9,,,110
LoRaSim-MinimalTopology-0-20240420-23:08:21-10436,scalar,LoRa.server[2],SF: 10,,,0
LoRaSim-MinimalTopology-0-20240420-23:08:21-10436,scalar,LoRa.server[2],rcvCounter: 10,,,0
LoRaSim-MinimalTopology-0-20240420-23:08:21-10436,scalar,LoRa.server[2],noOfCollidedPackets: 10,,,0
LoRaSim-MinimalTopology-0-20240420-23:08:21-10436,scalar,LoRa.server[2],noOfSuccessPackets: 10,,,0
LoRaSim-MinimalTopology-0-20240420-23:08:21-10436,scalar,LoRa.server[2],noOfHostsInSFTier: 10,,,168
LoRaSim-MinimalTopology-0-20240420-23:08:21-10436,scalar,LoRa.server[2],SF: 11,,,0
LoRaSim-MinimalTopology-0-20240420-23:08:21-10436,scalar,LoRa.server[2],rcvCounter: 11,,,0
LoRaSim-MinimalTopology-0-20240420-23:08:21-10436,scalar,LoRa.server[2],noOfCollidedPackets: 11,,,0
LoRaSim-MinimalTopology-0-20240420-23:08:21-10436,scalar,LoRa.server[2],noOfSuccessPackets: 11,,,0
LoRaSim-MinimalTopology-0-20240420-23:08:21-10436,scalar,LoRa.server[2],noOfHostsInSFTier: 11,,,194
LoRaSim-MinimalTopology-0-20240420-23:08:21-10436,scalar,LoRa.server[2],SF: 12,,,0
LoRaSim-MinimalTopology-0-20240420-23:08:21-10436,scalar,LoRa.server[2],rcvCounter: 12,,,0
LoRaSim-MinimalTopology-0-20240420-23:08:21-10436,scalar,LoRa.server[2],noOfCollidedPackets: 12,,,0
LoRaSim-MinimalTopology-0-20240420-23:08:21-10436,scalar,LoRa.server[2],noOfSuccessPackets: 12,,,0
LoRaSim-MinimalTopology-0-20240420-23:08:21-10436,scalar,LoRa.server[2],noOfHostsInSFTier: 12,,,315
LoRaSim-MinimalTopology-0-20240420-23:08:21-10436,scalar,LoRa.server[2],totalSuccessRate,,,0.13432175925926
LoRaSim-MinimalTopology-0-20240420-23:08:21-10436,scalar,LoRa.server[2],totalSuccessProb,,,0.99755883718132
LoRaSim-MinimalTopology-0-20240420-23:08:21-10436,scalar,LoRa.server[2],duration,,,432000
LoRaSim-MinimalTopology-0-20240420-23:08:21-10436,scalar,LoRa.server[3],SF: 7,,,0.13753472222222
LoRaSim-MinimalTopology-0-20240420-23:08:21-10436,scalar,LoRa.server[3],rcvCounter: 7,,,59555
LoRaSim-MinimalTopology-0-20240420-23:08:21-10436,scalar,LoRa.server[3],noOfCollidedPackets: 7,,,140
LoRaSim-MinimalTopology-0-20240420-23:08:21-10436,scalar,LoRa.server[3],noOfSuccessPackets: 7,,,59415
LoRaSim-MinimalTopology-0-20240420-23:08:21-10436,scalar,LoRa.server[3],noOfHostsInSFTier: 7,,,148
LoRaSim-MinimalTopology-0-20240420-23:08:21-10436,scalar,LoRa.server[3],SF: 8,,,0
LoRaSim-MinimalTopology-0-20240420-23:08:21-10436,scalar,LoRa.server[3],rcvCounter: 8,,,0
LoRaSim-MinimalTopology-0-20240420-23:08:21-10436,scalar,LoRa.server[3],noOfCollidedPackets: 8,,,0
LoRaSim-MinimalTopology-0-20240420-23:08:21-10436,scalar,LoRa.server[3],noOfSuccessPackets: 8,,,0
LoRaSim-MinimalTopology-0-20240420-23:08:21-10436,scalar,LoRa.server[3],noOfHostsInSFTier: 8,,,64
LoRaSim-MinimalTopology-0-20240420-23:08:21-10436,scalar,LoRa.server[3],SF: 9,,,0
LoRaSim-MinimalTopology-0-20240420-23:08:21-10436,scalar,LoRa.server[3],rcvCounter: 9,,,0
LoRaSim-MinimalTopology-0-20240420-23:08:21-10436,scalar,LoRa.server[3],noOfCollidedPackets: 9,,,0
LoRaSim-MinimalTopology-0-20240420-23:08:21-10436,scalar,LoRa.server[3],noOfSuccessPackets: 9,,,0
LoRaSim-MinimalTopology-0-20240420-23:08:21-10436,scalar,LoRa.server[3],noOfHostsInSFTier: 9,,,110
LoRaSim-MinimalTopology-0-20240420-23:08:21-10436,scalar,LoRa.server[3],SF: 10,,,0
LoRaSim-MinimalTopology-0-20240420-23:08:21-10436,scalar,LoRa.server[3],rcvCounter: 10,,,0
LoRaSim-MinimalTopology-0-20240420-23:08:21-10436,scalar,LoRa.server[3],noOfCollidedPackets: 10,,,0
LoRaSim-MinimalTopology-0-20240420-23:08:21-10436,scalar,LoRa.server[3],noOfSuccessPackets: 10,,,0
LoRaSim-MinimalTopology-0-20240420-23:08:21-10436,scalar,LoRa.server[3],noOfHostsInSFTier: 10,,,168
LoRaSim-MinimalTopology-0-20240420-23:08:21-10436,scalar,LoRa.server[3],SF: 11,,,0
LoRaSim-MinimalTopology-0-20240420-23:08:21-10436,scalar,LoRa.server[3],rcvCounter: 11,,,0
LoRaSim-MinimalTopology-0-20240420-23:08:21-10436,scalar,LoRa.server[3],noOfCollidedPackets: 11,,,0
LoRaSim-MinimalTopology-0-20240420-23:08:21-10436,scalar,LoRa.server[3],noOfSuccessPackets: 11,,,0
LoRaSim-MinimalTopology-0-20240420-23:08:21-10436,scalar,LoRa.server[3],noOfHostsInSFTier: 11,,,194
LoRaSim-MinimalTopology-0-20240420-23:08:21-10436,scalar,LoRa.server[3],SF: 12,,,0
LoRaSim-MinimalTopology-0-20240420-23:08:21-10436,scalar,LoRa.server[3],rcvCounter: 12,,,0
LoRaSim-MinimalTopology-0-20240420-23:08:21-10436,scalar,LoRa.server[3],noOfCollidedPackets: 12,,,0
LoRaSim-MinimalTopology-0-20240420-23:08:21-10436,scalar,LoRa.server[3],noOfSuccessPackets: 12,,,0
LoRaSim-MinimalTopology-0-20240420-23:08:21-10436,scalar,LoRa.server[3],noOfHostsInSFTier: 12,,,315
LoRaSim-MinimalTopology-0-20240420-23:08:21-10436,scalar,LoRa.server[3],totalSuccessRate,,,0.13753472222222
LoRaSim-MinimalTopology-0-20240420-23:08:21-10436,scalar,LoRa.server[3],totalSuccessProb,,,0.99764923180254
LoRaSim-MinimalTopology-0-20240420-23:08:21-10436,scalar,LoRa.server[3],duration,,,432000
LoRaSim-MinimalTopology-0-20240420-23:08:21-10436,scalar,LoRa.server[4],SF: 7,,,0.15644212962963
LoRaSim-MinimalTopology-0-20240420-23:08:21-10436,scalar,LoRa.server[4],rcvCounter: 7,,,67785
LoRaSim-MinimalTopology-0-20240420-23:08:21-10436,scalar,LoRa.server[4],noOfCollidedPackets: 7,,,202
LoRaSim-MinimalTopology-0-20240420-23:08:21-10436,scalar,LoRa.server[4],noOfSuccessPackets: 7,,,67583
LoRaSim-MinimalTopology-0-20240420-23:08:21-10436,scalar,LoRa.server[4],noOfHostsInSFTier: 7,,,148
LoRaSim-MinimalTopology-0-20240420-23:08:21-10436,scalar,LoRa.server[4],SF: 8,,,0
LoRaSim-MinimalTopology-0-20240420-23:08:21-10436,scalar,LoRa.server[4],rcvCounter: 8,,,0
LoRaSim-MinimalTopology-0-20240420-23:08:21-10436,scalar,LoRa.server[4],noOfCollidedPackets: 8,,,0
LoRaSim-MinimalTopology-0-20240420-23:08:21-10436,scalar,LoRa.server[4],noOfSuccessPackets: 8,,,0
LoRaSim-MinimalTopology-0-20240420-23:08:21-10436,scalar,LoRa.server[4],noOfHostsInSFTier: 8,,,64
LoRaSim-MinimalTopology-0-20240420-23:08:21-10436,scalar,LoRa.server[4],SF: 9,,,0
LoRaSim-MinimalTopology-0-20240420-23:08:21-10436,scalar,LoRa.server[4],rcvCounter: 9,,,0
LoRaSim-MinimalTopology-0-20240420-23:08:21-10436,scalar,LoRa.server[4],noOfCollidedPackets: 9,,,0
LoRaSim-MinimalTopology-0-20240420-23:08:21-10436,scalar,LoRa.server[4],noOfSuccessPackets: 9,,,0
LoRaSim-MinimalTopology-0-20240420-23:08:21-10436,scalar,LoRa.server[4],noOfHostsInSFTier: 9,,,110
LoRaSim-MinimalTopology-0-20240420-23:08:21-10436,scalar,LoRa.server[4],SF: 10,,,0
LoRaSim-MinimalTopology-0-20240420-23:08:21-10436,scalar,LoRa.server[4],rcvCounter: 10,,,0
LoRaSim-MinimalTopology-0-20240420-23:08:21-10436,scalar,LoRa.server[4],noOfCollidedPackets: 10,,,0
LoRaSim-MinimalTopology-0-20240420-23:08:21-10436,scalar,LoRa.server[4],noOfSuccessPackets: 10,,,0
LoRaSim-MinimalTopology-0-20240420-23:08:21-10436,scalar,LoRa.server[4],noOfHostsInSFTier: 10,,,168
LoRaSim-MinimalTopology-0-20240420-23:08:21-10436,scalar,LoRa.server[4],SF: 11,,,0
LoRaSim-MinimalTopology-0-20240420-23:08:21-10436,scalar,LoRa.server[4],rcvCounter: 11,,,0
LoRaSim-MinimalTopology-0-20240420-23:08:21-10436,scalar,LoRa.server[4],noOfCollidedPackets: 11,,,0
LoRaSim-MinimalTopology-0-20240420-23:08:21-10436,scalar,LoRa.server[4],noOfSuccessPackets: 11,,,0
LoRaSim-MinimalTopology-0-20240420-23:08:21-10436,scalar,LoRa.server[4],noOfHostsInSFTier: 11,,,194
LoRaSim-MinimalTopology-0-20240420-23:08:21-10436,scalar,LoRa.server[4],SF: 12,,,0
LoRaSim-MinimalTopology-0-20240420-23:08:21-10436,scalar,LoRa.server[4],rcvCounter: 12,,,0
LoRaSim-MinimalTopology-0-20240420-23:08:21-10436,scalar,LoRa.server[4],noOfCollidedPackets: 12,,,0
LoRaSim-MinimalTopology-0-20240420-23:08:21-10436,scalar,LoRa.server[4],noOfSuccessPackets: 12,,,0
LoRaSim-MinimalTopology-0-20240420-23:08:21-10436,scalar,LoRa.server[4],noOfHostsInSFTier: 12,,,315
LoRaSim-MinimalTopology-0-20240420-23:08:21-10436,scalar,LoRa.server[4],totalSuccessRate,,,0.15644212962963
LoRaSim-MinimalTopology-0-20240420-23:08:21-10436,scalar,LoRa.server[4],totalSuccessProb,,,0.99701998967323
LoRaSim-MinimalTopology-0-20240420-23:08:21-10436,scalar,LoRa.server[4],duration,,,432000
LoRaSim-MinimalTopology-0-20240420-23:08:21-10436,scalar,LoRa.server[5],SF: 7,,,0.16086342592593
LoRaSim-MinimalTopology-0-20240420-23:08:21-10436,scalar,LoRa.server[5],rcvCounter: 7,,,69701
LoRaSim-MinimalTopology-0-20240420-23:08:21-10436,scalar,LoRa.server[5],noOfCollidedPackets: 7,,,208
LoRaSim-MinimalTopology-0-20240420-23:08:21-10436,scalar,LoRa.server[5],noOfSuccessPackets: 7,,,69493
LoRaSim-MinimalTopology-0-20240420-23:08:21-10436,scalar,LoRa.server[5],noOfHostsInSFTier: 7,,,148
LoRaSim-MinimalTopology-0-20240420-23:08:21-10436,scalar,LoRa.server[5],SF: 8,,,0
LoRaSim-MinimalTopology-0-20240420-23:08:21-10436,scalar,LoRa.server[5],rcvCounter: 8,,,0
LoRaSim-MinimalTopology-0-20240420-23:08:21-10436,scalar,LoRa.server[5],noOfCollidedPackets: 8,,,0
LoRaSim-MinimalTopology-0-20240420-23:08:21-10436,scalar,LoRa.server[5],noOfSuccessPackets: 8,,,0
LoRaSim-MinimalTopology-0-20240420-23:08:21-10436,scalar,LoRa.server[5],noOfHostsInSFTier: 8,,,64
LoRaSim-MinimalTopology-0-20240420-23:08:21-10436,scalar,LoRa.server[5],SF: 9,,,0
LoRaSim-MinimalTopology-0-20240420-23:08:21-10436,scalar,LoRa.server[5],rcvCounter: 9,,,0
LoRaSim-MinimalTopology-0-20240420-23:08:21-10436,scalar,LoRa.server[5],noOfCollidedPackets: 9,,,0
LoRaSim-MinimalTopology-0-20240420-23:08:21-10436,scalar,LoRa.server[5],noOfSuccessPackets: 9,,,0
LoRaSim-MinimalTopology-0-20240420-23:08:21-10436,scalar,LoRa.server[5],noOfHostsInSFTier: 9,,,110
LoRaSim-MinimalTopology-0-20240420-23:08:21-10436,scalar,LoRa.server[5],SF: 10,,,0
LoRaSim-MinimalTopology-0-20240420-23:08:21-10436,scalar,LoRa.server[5],rcvCounter: 10,,,0
LoRaSim-MinimalTopology-0-20240420-23:08:21-10436,scalar,LoRa.server[5],noOfCollidedPackets: 10,,,0
LoRaSim-MinimalTopology-0-20240420-23:08:21-10436,scalar,LoRa.server[5],noOfSuccessPackets: 10,,,0
LoRaSim-MinimalTopology-0-20240420-23:08:21-10436,scalar,LoRa.server[5],noOfHostsInSFTier: 10,,,168
LoRaSim-MinimalTopology-0-20240420-23:08:21-10436,scalar,LoRa.server[5],SF: 11,,,0
LoRaSim-MinimalTopology-0-20240420-23:08:21-10436,scalar,LoRa.server[5],rcvCounter: 11,,,0
LoRaSim-MinimalTopology-0-20240420-23:08:21-10436,scalar,LoRa.server[5],noOfCollidedPackets: 11,,,0
LoRaSim-MinimalTopology-0-20240420-23:08:21-10436,scalar,LoRa.server[5],noOfSuccessPackets: 11,,,0
LoRaSim-MinimalTopology-0-20240420-23:08:21-10436,scalar,LoRa.server[5],noOfHostsInSFTier: 11,,,194
LoRaSim-MinimalTopology-0-20240420-23:08:21-10436,scalar,LoRa.server[5],SF: 12,,,0
LoRaSim-MinimalTopology-0-20240420-23:08:21-10436,scalar,LoRa.server[5],rcvCounter: 12,,,0
LoRaSim-MinimalTopology-0-20240420-23:08:21-10436,scalar,LoRa.server[5],noOfCollidedPackets: 12,,,0
LoRaSim-MinimalTopology-0-20240420-23:08:21-10436,scalar,LoRa.server[5],noOfSuccessPackets: 12,,,0
LoRaSim-MinimalTopology-0-20240420-23:08:21-10436,scalar,LoRa.server[5],noOfHostsInSFTier: 12,,,315
LoRaSim-MinimalTopology-0-20240420-23:08:21-10436,scalar,LoRa.server[5],totalSuccessRate,,,0.16086342592593
LoRaSim-MinimalTopology-0-20240420-23:08:21-10436,scalar,LoRa.server[5],totalSuccessProb,,,0.99701582473709
LoRaSim-MinimalTopology-0-20240420-23:08:21-10436,scalar,LoRa.server[5],duration,,,432000
LoRaSim-MinimalTopology-0-20240420-23:08:21-10436,scalar,LoRa.server[6],SF: 7,,,0.14160185185185
LoRaSim-MinimalTopology-0-20240420-23:08:21-10436,scalar,LoRa.server[6],rcvCounter: 7,,,61330
LoRaSim-MinimalTopology-0-20240420-23:08:21-10436,scalar,LoRa.server[6],noOfCollidedPackets: 7,,,158
LoRaSim-MinimalTopology-0-20240420-23:08:21-10436,scalar,LoRa.server[6],noOfSuccessPackets: 7,,,61172
LoRaSim-MinimalTopology-0-20240420-23:08:21-10436,scalar,LoRa.server[6],noOfHostsInSFTier: 7,,,148
LoRaSim-MinimalTopology-0-20240420-23:08:21-10436,scalar,LoRa.server[6],SF: 8,,,0
LoRaSim-MinimalTopology-0-20240420-23:08:21-10436,scalar,LoRa.server[6],rcvCounter: 8,,,0
LoRaSim-MinimalTopology-0-20240420-23:08:21-10436,scalar,LoRa.server[6],noOfCollidedPackets: 8,,,0
LoRaSim-MinimalTopology-0-20240420-23:08:21-10436,scalar,LoRa.server[6],noOfSuccessPackets: 8,,,0
LoRaSim-MinimalTopology-0-20240420-23:08:21-10436,scalar,LoRa.server[6],noOfHostsInSFTier: 8,,,64
LoRaSim-MinimalTopology-0-20240420-23:08:21-10436,scalar,LoRa.server[6],SF: 9,,,0
LoRaSim-MinimalTopology-0-20240420-23:08:21-10436,scalar,LoRa.server[6],rcvCounter: 9,,,0
LoRaSim-MinimalTopology-0-20240420-23:08:21-10436,scalar,LoRa.server[6],noOfCollidedPackets: 9,,,0
LoRaSim-MinimalTopology-0-20240420-23:08:21-10436,scalar,LoRa.server[6],noOfSuccessPackets: 9,,,0
LoRaSim-MinimalTopology-0-20240420-23:08:21-10436,scalar,LoRa.server[6],noOfHostsInSFTier: 9,,,110
LoRaSim-MinimalTopology-0-20240420-23:08:21-10436,scalar,LoRa.server[6],SF: 10,,,0
LoRaSim-MinimalTopology-0-20240420-23:08:21-10436,scalar,LoRa.server[6],rcvCounter: 10,,,0
LoRaSim-MinimalTopology-0-20240420-23:08:21-10436,scalar,LoRa.server[6],noOfCollidedPackets: 10,,,0
LoRaSim-MinimalTopology-0-20240420-23:08:21-10436,scalar,LoRa.server[6],noOfSuccessPackets: 10,,,0
LoRaSim-MinimalTopology-0-20240420-23:08:21-10436,scalar,LoRa.server[6],noOfHostsInSFTier: 10,,,168
LoRaSim-MinimalTopology-0-20240420-23:08:21-10436,scalar,LoRa.server[6],SF: 11,,,0
LoRaSim-MinimalTopology-0-20240420-23:08:21-10436,scalar,LoRa.server[6],rcvCounter: 11,,,0
LoRaSim-MinimalTopology-0-20240420-23:08:21-10436,scalar,LoRa.server[6],noOfCollidedPackets: 11,,,0
LoRaSim-MinimalTopology-0-20240420-23:08:21-10436,scalar,LoRa.server[6],noOfSuccessPackets: 11,,,0
LoRaSim-MinimalTopology-0-20240420-23:08:21-10436,scalar,LoRa.server[6],noOfHostsInSFTier: 11,,,194
LoRaSim-MinimalTopology-0-20240420-23:08:21-10436,scalar,LoRa.server[6],SF: 12,,,0
LoRaSim-MinimalTopology-0-20240420-23:08:21-10436,scalar,LoRa.server[6],rcvCounter: 12,,,0
LoRaSim-MinimalTopology-0-20240420-23:08:21-10436,scalar,LoRa.server[6],noOfCollidedPackets: 12,,,0
LoRaSim-MinimalTopology-0-20240420-23:08:21-10436,scalar,LoRa.server[6],noOfSuccessPackets: 12,,,0
LoRaSim-MinimalTopology-0-20240420-23:08:21-10436,scalar,LoRa.server[6],noOfHostsInSFTier: 12,,,315
LoRaSim-MinimalTopology-0-20240420-23:08:21-10436,scalar,LoRa.server[6],totalSuccessRate,,,0.14160185185185
LoRaSim-MinimalTopology-0-20240420-23:08:21-10436,scalar,LoRa.server[6],totalSuccessProb,,,0.99742377303114
LoRaSim-MinimalTopology-0-20240420-23:08:21-10436,scalar,LoRa.server[6],duration,,,432000
LoRaSim-MinimalTopology-0-20240420-23:08:21-10436,scalar,LoRa.server[7],SF: 7,,,0.16764814814815
LoRaSim-MinimalTopology-0-20240420-23:08:21-10436,scalar,LoRa.server[7],rcvCounter: 7,,,72645
LoRaSim-MinimalTopology-0-20240420-23:08:21-10436,scalar,LoRa.server[7],noOfCollidedPackets: 7,,,221
LoRaSim-MinimalTopology-0-20240420-23:08:21-10436,scalar,LoRa.server[7],noOfSuccessPackets: 7,,,72424
LoRaSim-MinimalTopology-0-20240420-23:08:21-10436,scalar,LoRa.server[7],noOfHostsInSFTier: 7,,,148
LoRaSim-MinimalTopology-0-20240420-23:08:21-10436,scalar,LoRa.server[7],SF: 8,,,0
LoRaSim-MinimalTopology-0-20240420-23:08:21-10436,scalar,LoRa.server[7],rcvCounter: 8,,,0
LoRaSim-MinimalTopology-0-20240420-23:08:21-10436,scalar,LoRa.server[7],noOfCollidedPackets: 8,,,0
LoRaSim-MinimalTopology-0-20240420-23:08:21-10436,scalar,LoRa.server[7],noOfSuccessPackets: 8,,,0
LoRaSim-MinimalTopology-0-20240420-23:08:21-10436,scalar,LoRa.server[7],noOfHostsInSFTier: 8,,,64
LoRaSim-MinimalTopology-0-20240420-23:08:21-10436,scalar,LoRa.server[7],SF: 9,,,0
LoRaSim-MinimalTopology-0-20240420-23:08:21-10436,scalar,LoRa.server[7],rcvCounter: 9,,,0
LoRaSim-MinimalTopology-0-20240420-23:08:21-10436,scalar,LoRa.server[7],noOfCollidedPackets: 9,,,0
LoRaSim-MinimalTopology-0-20240420-23:08:21-10436,scalar,LoRa.server[7],noOfSuccessPackets: 9,,,0
LoRaSim-MinimalTopology-0-20240420-23:08:21-10436,scalar,LoRa.server[7],noOfHostsInSFTier: 9,,,110
LoRaSim-MinimalTopology-0-20240420-23:08:21-10436,scalar,LoRa.server[7],SF: 10,,,0
LoRaSim-MinimalTopology-0-20240420-23:08:21-10436,scalar,LoRa.server[7],rcvCounter: 10,,,0
LoRaSim-MinimalTopology-0-20240420-23:08:21-10436,scalar,LoRa.server[7],noOfCollidedPackets: 10,,,0
LoRaSim-MinimalTopology-0-20240420-23:08:21-10436,scalar,LoRa.server[7],noOfSuccessPackets: 10,,,0
LoRaSim-MinimalTopology-0-20240420-23:08:21-10436,scalar,LoRa.server[7],noOfHostsInSFTier: 10,,,168
LoRaSim-MinimalTopology-0-20240420-23:08:21-10436,scalar,LoRa.server[7],SF: 11,,,0
LoRaSim-MinimalTopology-0-20240420-23:08:21-10436,scalar,LoRa.server[7],rcvCounter: 11,,,0
LoRaSim-MinimalTopology-0-20240420-23:08:21-10436,scalar,LoRa.server[7],noOfCollidedPackets: 11,,,0
LoRaSim-MinimalTopology-0-20240420-23:08:21-10436,scalar,LoRa.server[7],noOfSuccessPackets: 11,,,0
LoRaSim-MinimalTopology-0-20240420-23:08:21-10436,scalar,LoRa.server[7],noOfHostsInSFTier: 11,,,194
LoRaSim-MinimalTopology-0-20240420-23:08:21-10436,scalar,LoRa.server[7],SF: 12,,,0
LoRaSim-MinimalTopology-0-20240420-23:08:21-10436,scalar,LoRa.server[7],rcvCounter: 12,,,0
LoRaSim-MinimalTopology-0-20240420-23:08:21-10436,scalar,LoRa.server[7],noOfCollidedPackets: 12,,,0
LoRaSim-MinimalTopology-0-20240420-23:08:21-10436,scalar,LoRa.server[7],noOfSuccessPackets: 12,,,0
LoRaSim-MinimalTopology-0-20240420-23:08:21-10436,scalar,LoRa.server[7],noOfHostsInSFTier: 12,,,315
LoRaSim-MinimalTopology-0-20240420-23:08:21-10436,scalar,LoRa.server[7],totalSuccessRate,,,0.16764814814815
LoRaSim-MinimalTopology-0-20240420-23:08:21-10436,scalar,LoRa.server[7],totalSuccessProb,,,0.99695780852089
LoRaSim-MinimalTopology-0-20240420-23:08:21-10436,scalar,LoRa.server[7],duration,,,432000
LoRaSim-MinimalTopology-0-20240420-23:08:21-10436,scalar,LoRa.server[8],SF: 7,,,0.44226157407407
LoRaSim-MinimalTopology-0-20240420-23:08:21-10436,scalar,LoRa.server[8],rcvCounter: 7,,,192594
LoRaSim-MinimalTopology-0-20240420-23:08:21-10436,scalar,LoRa.server[8],noOfCollidedPackets: 7,,,1537
LoRaSim-MinimalTopology-0-20240420-23:08:21-10436,scalar,LoRa.server[8],noOfSuccessPackets: 7,,,191057
LoRaSim-MinimalTopology-0-20240420-23:08:21-10436,scalar,LoRa.server[8],noOfHostsInSFTier: 7,,,148
LoRaSim-MinimalTopology-0-20240420-23:08:21-10436,scalar,LoRa.server[8],SF: 8,,,0
LoRaSim-MinimalTopology-0-20240420-23:08:21-10436,scalar,LoRa.server[8],rcvCounter: 8,,,0
LoRaSim-MinimalTopology-0-20240420-23:08:21-10436,scalar,LoRa.server[8],noOfCollidedPackets: 8,,,0
LoRaSim-MinimalTopology-0-20240420-23:08:21-10436,scalar,LoRa.server[8],noOfSuccessPackets: 8,,,0
LoRaSim-MinimalTopology-0-20240420-23:08:21-10436,scalar,LoRa.server[8],noOfHostsInSFTier: 8,,,64
LoRaSim-MinimalTopology-0-20240420-23:08:21-10436,scalar,LoRa.server[8],SF: 9,,,0
LoRaSim-MinimalTopology-0-20240420-23:08:21-10436,scalar,LoRa.server[8],rcvCounter: 9,,,0
LoRaSim-MinimalTopology-0-20240420-23:08:21-10436,scalar,LoRa.server[8],noOfCollidedPackets: 9,,,0
LoRaSim-MinimalTopology-0-20240420-23:08:21-10436,scalar,LoRa.server[8],noOfSuccessPackets: 9,,,0
LoRaSim-MinimalTopology-0-20240420-23:08:21-10436,scalar,LoRa.server[8],noOfHostsInSFTier: 9,,,110
LoRaSim-MinimalTopology-0-20240420-23:08:21-10436,scalar,LoRa.server[8],SF: 10,,,0
LoRaSim-MinimalTopology-0-20240420-23:08:21-10436,scalar,LoRa.server[8],rcvCounter: 10,,,0
LoRaSim-MinimalTopology-0-20240420-23:08:21-10436,scalar,LoRa.server[8],noOfCollidedPackets: 10,,,0
LoRaSim-MinimalTopology-0-20240420-23:08:21-10436,scalar,LoRa.server[8],noOfSuccessPackets: 10,,,0
LoRaSim-MinimalTopology-0-20240420-23:08:21-10436,scalar,LoRa.server[8],noOfHostsInSFTier: 10,,,168
LoRaSim-MinimalTopology-0-20240420-23:08:21-10436,scalar,LoRa.server[8],SF: 11,,,0
LoRaSim-MinimalTopology-0-20240420-23:08:21-10436,scalar,LoRa.server[8],rcvCounter: 11,,,0
LoRaSim-MinimalTopology-0-20240420-23:08:21-10436,scalar,LoRa.server[8],noOfCollidedPackets: 11,,,0
LoRaSim-MinimalTopology-0-20240420-23:08:21-10436,scalar,LoRa.server[8],noOfSuccessPackets: 11,,,0
LoRaSim-MinimalTopology-0-20240420-23:08:21-10436,scalar,LoRa.server[8],noOfHostsInSFTier: 11,,,194
LoRaSim-MinimalTopology-0-20240420-23:08:21-10436,scalar,LoRa.server[8],SF: 12,,,0
LoRaSim-MinimalTopology-0-20240420-23:08:21-10436,scalar,LoRa.server[8],rcvCounter: 12,,,0
LoRaSim-MinimalTopology-0-20240420-23:08:21-10436,scalar,LoRa.server[8],noOfCollidedPackets: 12,,,0
LoRaSim-MinimalTopology-0-20240420-23:08:21-10436,scalar,LoRa.server[8],noOfSuccessPackets: 12,,,0
LoRaSim-MinimalTopology-0-20240420-23:08:21-10436,scalar,LoRa.server[8],noOfHostsInSFTier: 12,,,315
LoRaSim-MinimalTopology-0-20240420-23:08:21-10436,scalar,LoRa.server[8],totalSuccessRate,,,0.44226157407407
LoRaSim-MinimalTopology-0-20240420-23:08:21-10436,scalar,LoRa.server[8],totalSuccessProb,,,0.9920194813961
LoRaSim-MinimalTopology-0-20240420-23:08:21-10436,scalar,LoRa.server[8],duration,,,432000
LoRaSim-MinimalTopology-0-20240420-23:08:21-10436,scalar,LoRa.host[0],numOfHostsPerSF_Server0_SF7,,,66
LoRaSim-MinimalTopology-0-20240420-23:08:21-10436,scalar,LoRa.host[0],numOfHostsPerSF_Server0_SF8,,,20
LoRaSim-MinimalTopology-0-20240420-23:08:21-10436,scalar,LoRa.host[0],numOfHostsPerSF_Server0_SF9,,,10
LoRaSim-MinimalTopology-0-20240420-23:08:21-10436,scalar,LoRa.host[0],numOfHostsPerSF_Server0_SF10,,,0
LoRaSim-MinimalTopology-0-20240420-23:08:21-10436,scalar,LoRa.host[0],numOfHostsPerSF_Server0_SF11,,,0
LoRaSim-MinimalTopology-0-20240420-23:08:21-10436,scalar,LoRa.host[0],numOfHostsPerSF_Server0_SF12,,,0
LoRaSim-MinimalTopology-0-20240420-23:08:21-10436,scalar,LoRa.host[0],numOfHostsPerSF_Server1_SF7,,,68
LoRaSim-MinimalTopology-0-20240420-23:08:21-10436,scalar,LoRa.host[0],numOfHostsPerSF_Server1_SF8,,,16
LoRaSim-MinimalTopology-0-20240420-23:08:21-10436,scalar,LoRa.host[0],numOfHostsPerSF_Server1_SF9,,,6
LoRaSim-MinimalTopology-0-20240420-23:08:21-10436,scalar,LoRa.host[0],numOfHostsPerSF_Server1_SF10,,,0
LoRaSim-MinimalTopology-0-20240420-23:08:21-10436,scalar,LoRa.host[0],numOfHostsPerSF_Server1_SF11,,,0
LoRaSim-MinimalTopology-0-20240420-23:08:21-10436,scalar,LoRa.host[0],numOfHostsPerSF_Server1_SF12,,,0
LoRaSim-MinimalTopology-0-20240420-23:08:21-10436,scalar,LoRa.host[0],numOfHostsPerSF_Server2_SF7,,,54
LoRaSim-MinimalTopology-0-20240420-23:08:21-10436,scalar,LoRa.host[0],numOfHostsPerSF_Server2_SF8,,,17
LoRaSim-MinimalTopology-0-20240420-23:08:21-10436,scalar,LoRa.host[0],numOfHostsPerSF_Server2_SF9,,,10
LoRaSim-MinimalTopology-0-20240420-23:08:21-10436,scalar,LoRa.host[0],numOfHostsPerSF_Server2_SF10,,,0
LoRaSim-MinimalTopology-0-20240420-23:08:21-10436,scalar,LoRa.host[0],numOfHostsPerSF_Server2_SF11,,,0
LoRaSim-MinimalTopology-0-20240420-23:08:21-10436,scalar,LoRa.host[0],numOfHostsPerSF_Server2_SF12,,,0
LoRaSim-MinimalTopology-0-20240420-23:08:21-10436,scalar,LoRa.host[0],numOfHostsPerSF_Server3_SF7,,,59
LoRaSim-MinimalTopology-0-20240420-23:08:21-10436,scalar,LoRa.host[0],numOfHostsPerSF_Server3_SF8,,,9
LoRaSim-MinimalTopology-0-20240420-23:08:21-10436,scalar,LoRa.host[0],numOfHostsPerSF_Server3_SF9,,,15
LoRaSim-MinimalTopology-0-20240420-23:08:21-10436,scalar,LoRa.host[0],numOfHostsPerSF_Server3_SF10,,,0
LoRaSim-MinimalTopology-0-20240420-23:08:21-10436,scalar,LoRa.host[0],numOfHostsPerSF_Server3_SF11,,,0
LoRaSim-MinimalTopology-0-20240420-23:08:21-10436,scalar,LoRa.host[0],numOfHostsPerSF_Server3_SF12,,,0
LoRaSim-MinimalTopology-0-20240420-23:08:21-10436,scalar,LoRa.host[0],numOfHostsPerSF_Server4_SF7,,,68
LoRaSim-MinimalTopology-0-20240420-23:08:21-10436,scalar,LoRa.host[0],numOfHostsPerSF_Server4_SF8,,,19
LoRaSim-MinimalTopology-0-20240420-23:08:21-10436,scalar,LoRa.host[0],numOfHostsPerSF_Server4_SF9,,,8
LoRaSim-MinimalTopology-0-20240420-23:08:21-10436,scalar,LoRa.host[0],numOfHostsPerSF_Server4_SF10,,,0
LoRaSim-MinimalTopology-0-20240420-23:08:21-10436,scalar,LoRa.host[0],numOfHostsPerSF_Server4_SF11,,,0
LoRaSim-MinimalTopology-0-20240420-23:08:21-10436,scalar,LoRa.host[0],numOfHostsPerSF_Server4_SF12,,,0
LoRaSim-MinimalTopology-0-20240420-23:08:21-10436,scalar,LoRa.host[0],numOfHostsPerSF_Server5_SF7,,,69
LoRaSim-MinimalTopology-0-20240420-23:08:21-10436,scalar,LoRa.host[0],numOfHostsPerSF_Server5_SF8,,,17
LoRaSim-MinimalTopology-0-20240420-23:08:21-10436,scalar,LoRa.host[0],numOfHostsPerSF_Server5_SF9,,,11
LoRaSim-MinimalTopology-0-20240420-23:08:21-10436,scalar,LoRa.host[0],numOfHostsPerSF_Server5_SF10,,,0
LoRaSim-MinimalTopology-0-20240420-23:08:21-10436,scalar,LoRa.host[0],numOfHostsPerSF_Server5_SF11,,,0
LoRaSim-MinimalTopology-0-20240420-23:08:21-10436,scalar,LoRa.host[0],numOfHostsPerSF_Server5_SF12,,,0
LoRaSim-MinimalTopology-0-20240420-23:08:21-10436,scalar,LoRa.host[0],numOfHostsPerSF_Server6_SF7,,,60
LoRaSim-MinimalTopology-0-20240420-23:08:21-10436,scalar,LoRa.host[0],numOfHostsPerSF_Server6_SF8,,,18
LoRaSim-MinimalTopology-0-20240420-23:08:21-10436,scalar,LoRa.host[0],numOfHostsPerSF_Server6_SF9,,,8
LoRaSim-MinimalTopology-0-20240420-23:08:21-10436,scalar,LoRa.host[0],numOfHostsPerSF_Server6_SF10,,,0
LoRaSim-MinimalTopology-0-20240420-23:08:21-10436,scalar,LoRa.host[0],numOfHostsPerSF_Server6_SF11,,,0
LoRaSim-MinimalTopology-0-20240420-23:08:21-10436,scalar,LoRa.host[0],numOfHostsPerSF_Server6_SF12,,,0
LoRaSim-MinimalTopology-0-20240420-23:08:21-10436,scalar,LoRa.host[0],numOfHostsPerSF_Server7_SF7,,,76
LoRaSim-MinimalTopology-0-20240420-23:08:21-10436,scalar,LoRa.host[0],numOfHostsPerSF_Server7_SF8,,,21
LoRaSim-MinimalTopology-0-20240420-23:08:21-10436,scalar,LoRa.host[0],numOfHostsPerSF_Server7_SF9,,,5
LoRaSim-MinimalTopology-0-20240420-23:08:21-10436,scalar,LoRa.host[0],numOfHostsPerSF_Server7_SF10,,,0
LoRaSim-MinimalTopology-0-20240420-23:08:21-10436,scalar,LoRa.host[0],numOfHostsPerSF_Server7_SF11,,,0
LoRaSim-MinimalTopology-0-20240420-23:08:21-10436,scalar,LoRa.host[0],numOfHostsPerSF_Server7_SF12,,,0
LoRaSim-MinimalTopology-0-20240420-23:08:21-10436,scalar,LoRa.host[0],numOfHostsPerSF_Server8_SF7,,,148
LoRaSim-MinimalTopology-0-20240420-23:08:21-10436,scalar,LoRa.host[0],numOfHostsPerSF_Server8_SF8,,,64
LoRaSim-MinimalTopology-0-20240420-23:08:21-10436,scalar,LoRa.host[0],numOfHostsPerSF_Server8_SF9,,,58
LoRaSim-MinimalTopology-0-20240420-23:08:21-10436,scalar,LoRa.host[0],numOfHostsPerSF_Server8_SF10,,,0
LoRaSim-MinimalTopology-0-20240420-23:08:21-10436,scalar,LoRa.host[0],numOfHostsPerSF_Server8_SF11,,,0
LoRaSim-MinimalTopology-0-20240420-23:08:21-10436,scalar,LoRa.host[0],numOfHostsPerSF_Server8_SF12,,,0
LoRaSim-MinimalTopology-0-20240420-23:08:21-10436,scalar,_runattrs_,M,,,9
LoRaSim-MinimalTopology-0-20240420-23:08:21-10436,scalar,_runattrs_,N,,,1000
