run,type,module,name,attrname,attrvalue,value
LoRaSim-MinimalTopology-0-20240420-23:11:38-12112,runattr,,,configname,LoRaSim-MinimalTopology,
LoRaSim-MinimalTopology-0-20240420-23:11:38-12112,runattr,,,datetime,20240420-23:11:38,
LoRaSim-MinimalTopology-0-20240420-23:11:38-12112,runattr,,,experiment,LoRaSim-MinimalTopology,
LoRaSim-MinimalTopology-0-20240420-23:11:38-12112,runattr,,,inifile,omnetpp.ini,
LoRaSim-MinimalTopology-0-20240420-23:11:38-12112,runattr,,,iterationvars,"$N=3000, $M=9",
LoRaSim-MinimalTopology-0-20240420-23:11:38-12112,runattr,,,iterationvarsf,"N=3000,M=9-",
LoRaSim-MinimalTopology-0-20240420-23:11:38-12112,runattr,,,measurement,"$N=3000, $M=9",
LoRaSim-MinimalTopology-0-20240420-23:11:38-12112,runattr,,,network,LoRa,
LoRaSim-MinimalTopology-0-20240420-23:11:38-12112,runattr,,,processid,12112,
LoRaSim-MinimalTopology-0-20240420-23:11:38-12112,runattr,,,repetition,0,
LoRaSim-MinimalTopology-0-20240420-23:11:38-12112,runattr,,,replication,#0,
LoRaSim-MinimalTopology-0-20240420-23:11:38-12112,runattr,,,resultdir,results,
LoRaSim-MinimalTopology-0-20240420-23:11:38-12112,runattr,,,runnumber,0,
LoRaSim-MinimalTopology-0-20240420-23:11:38-12112,runattr,,,seedset,0,
LoRaSim-MinimalTopology-0-20240420-23:11:38-12112,itervar,,,M,9,
LoRaSim-MinimalTopology-0-20240420-23:11:38-12112,itervar,,,N,3000,
LoRaSim-MinimalTopology-0-20240420-23:11:38-12112,param,,,LoRa.host[*].isBufferingEvents,false,
LoRaSim-MinimalTopology-0-20240420-23:11:38-12112,param,,,LoRa.host[*].addFrameHeader,false,
LoRaSim-MinimalTopology-0-20240420-23:11:38-12112,param,,,LoRa.host[*].nbOfChannels,3,
LoRaSim-MinimalTopology-0-20240420-23:11:38-12112,param,,,LoRa.numHosts,3000,
LoRaSim-MinimalTopology-0-20240420-23:11:38-12112,param,,,LoRa.host[*].iaTime,exponential(600s),
LoRaSim-MinimalTopology-0-20240420-23:11:38-12112,param,,,LoRa.host[*].pkLenBits,160b,
LoRaSim-MinimalTopology-0-20240420-23:11:38-12112,param,,,LoRa.netR,6333.83 m,
LoRaSim-MinimalTopology-0-20240420-23:11:38-12112,param,,,LoRa.server[*].pathlossExp,3,
LoRaSim-MinimalTopology-0-20240420-23:11:38-12112,param,,,LoRa.server[*].BW,125,
LoRaSim-MinimalTopology-0-20240420-23:11:38-12112,param,,,LoRa.numServers,9,
LoRaSim-MinimalTopology-0-20240420-23:11:38-12112,param,,,LoRa.server[0].x,-6333.83m,
LoRaSim-MinimalTopology-0-20240420-23:11:38-12112,param,,,LoRa.server[0].y,0,
LoRaSim-MinimalTopology-0-20240420-23:11:38-12112,param,,,LoRa.server[1].x,-4491.94m,
LoRaSim-MinimalTopology-0-20240420-23:11:38-12112,param,,,LoRa.server[1].y,4491.94m,
LoRaSim-MinimalTopology-0-20240420-23:11:38-12112,param,,,LoRa.server[2].x,0,
LoRaSim-MinimalTopology-0-20240420-23:11:38-12112,param,,,LoRa.server[2].y,6333.83m,
LoRaSim-MinimalTopology-0-20240420-23:11:38-12112,param,,,LoRa.server[3].x,4491.94m,
LoRaSim-MinimalTopology-0-20240420-23:11:38-12112,param,,,LoRa.server[3].y,4491.94m,
LoRaSim-MinimalTopology-0-20240420-23:11:38-12112,param,,,LoRa.server[4].x,6333.83m,
LoRaSim-MinimalTopology-0-20240420-23:11:38-12112,param,,,LoRa.server[4].y,0,
LoRaSim-MinimalTopology-0-20240420-23:11:38-12112,param,,,LoRa.server[5].x,4491.94m,
LoRaSim-MinimalTopology-0-20240420-23:11:38-12112,param,,,LoRa.server[5].y,-4491.94m,
LoRaSim-MinimalTopology-0-20240420-23:11:38-12112,param,,,LoRa.server[6].x,0,
LoRaSim-MinimalTopology-0-20240420-23:11:38-12112,param,,,LoRa.server[6].y,-6333.83m,
LoRaSim-MinimalTopology-0-20240420-23:11:38-12112,param,,,LoRa.server[7].x,-4491.94m,
LoRaSim-MinimalTopology-0-20240420-23:11:38-12112,param,,,LoRa.server[7].y,-4491.94m,
LoRaSim-MinimalTopology-0-20240420-23:11:38-12112,param,,,LoRa.server[8].x,0m,
LoRaSim-MinimalTopology-0-20240420-23:11:38-12112,param,,,LoRa.server[8].y,0m,
LoRaSim-MinimalTopology-0-20240420-23:11:38-12112,param,,,**.animationHoldTimeOnCollision,0s,
LoRaSim-MinimalTopology-0-20240420-23:11:38-12112,param,,,**.idleAnimationSpeed,1,
LoRaSim-MinimalTopology-0-20240420-23:11:38-12112,param,,,**.transmissionEdgeAnimationSpeed,1e-6,
LoRaSim-MinimalTopology-0-20240420-23:11:38-12112,param,,,**.midTransmissionAnimationSpeed,1e-1,
LoRaSim-MinimalTopology-0-20240420-23:11:38-12112,param,,,LoRa.slotTime,0,
LoRaSim-MinimalTopology-0-20240420-23:11:38-12112,param,,,LoRa.dutyCycleActive,true,
LoRaSim-MinimalTopology-0-20240420-23:11:38-12112,scalar,LoRa.server[0],SF: 7,,,0.48028240740741
LoRaSim-MinimalTopology-0-20240420-23:11:38-12112,scalar,LoRa.server[0],rcvCounter: 7,,,209497
LoRaSim-MinimalTopology-0-20240420-23:11:38-12112,scalar,LoRa.server[0],noOfCollidedPackets: 7,,,2015
LoRaSim-MinimalTopology-0-20240420-23:11:38-12112,scalar,LoRa.server[0],noOfSuccessPackets: 7,,,207482
LoRaSim-MinimalTopology-0-20240420-23:11:38-12112,scalar,LoRa.server[0],noOfHostsInSFTier: 7,,,446
LoRaSim-MinimalTopology-0-20240420-23:11:38-12112,scalar,LoRa.server[0],SF: 8,,,0
LoRaSim-MinimalTopology-0-20240420-23:11:38-12112,scalar,LoRa.server[0],rcvCounter: 8,,,0
LoRaSim-MinimalTopology-0-20240420-23:11:38-12112,scalar,LoRa.server[0],noOfCollidedPackets: 8,,,0
LoRaSim-MinimalTopology-0-20240420-23:11:38-12112,scalar,LoRa.server[0],noOfSuccessPackets: 8,,,0
LoRaSim-MinimalTopology-0-20240420-23:11:38-12112,scalar,LoRa.server[0],noOfHostsInSFTier: 8,,,182
LoRaSim-MinimalTopology-0-20240420-23:11:38-12112,scalar,LoRa.server[0],SF: 9,,,0
LoRaSim-MinimalTopology-0-20240420-23:11:38-12112,scalar,LoRa.server[0],rcvCounter: 9,,,0
LoRaSim-MinimalTopology-0-20240420-23:11:38-12112,scalar,LoRa.server[0],noOfCollidedPackets: 9,,,0
LoRaSim-MinimalTopology-0-20240420-23:11:38-12112,scalar,LoRa.server[0],noOfSuccessPackets: 9,,,0
LoRaSim-MinimalTopology-0-20240420-23:11:38-12112,scalar,LoRa.server[0],noOfHostsInSFTier: 9,,,317
LoRaSim-MinimalTopology-0-20240420-23:11:38-12112,scalar,LoRa.server[0],SF: 10,,,0
LoRaSim-MinimalTopology-0-20240420-23:11:38-12112,scalar,LoRa.server[0],rcvCounter: 10,,,0
LoRaSim-MinimalTopology-0-20240420-23:11:38-12112,scalar,LoRa.server[0],noOfCollidedPackets: 10,,,0
LoRaSim-MinimalTopology-0-20240420-23:11:38-12112,scalar,LoRa.server[0],noOfSuccessPackets: 10,,,0
LoRaSim-MinimalTopology-0-20240420-23:11:38-12112,scalar,LoRa.server[0],noOfHostsInSFTier: 10,,,459
LoRaSim-MinimalTopology-0-20240420-23:11:38-12112,scalar,LoRa.server[0],SF: 11,,,0
LoRaSim-MinimalTopology-0-20240420-23:11:38-12112,scalar,LoRa.server[0],rcvCounter: 11,,,0
LoRaSim-MinimalTopology-0-20240420-23:11:38-12112,scalar,LoRa.server[0],noOfCollidedPackets: 11,,,0
LoRaSim-MinimalTopology-0-20240420-23:11:38-12112,scalar,LoRa.server[0],noOfSuccessPackets: 11,,,0
LoRaSim-MinimalTopology-0-20240420-23:11:38-12112,scalar,LoRa.server[0],noOfHostsInSFTier: 11,,,602
LoRaSim-MinimalTopology-0-20240420-23:11:38-12112,scalar,LoRa.server[0],SF: 12,,,0
LoRaSim-MinimalTopology-0-20240420-23:11:38-12112,scalar,LoRa.server[0],rcvCounter: 12,,,0
LoRaSim-MinimalTopology-0-20240420-23:11:38-12112,scalar,LoRa.server[0],noOfCollidedPackets: 12,,,0
LoRaSim-MinimalTopology-0-20240420-23:11:38-12112,scalar,LoRa.server[0],noOfSuccessPackets: 12,,,0
LoRaSim-MinimalTopology-0-20240420-23:11:38-12112,scalar,LoRa.server[0],noOfHostsInSFTier: 12,,,991
LoRaSim-MinimalTopology-0-20240420-23:11:38-12112,scalar,LoRa.server[0],totalSuccessRate,,,0.48028240740741
LoRaSim-MinimalTopology-0-20240420-23:11:38-12112,scalar,LoRa.server[0],totalSuccessProb,,,0.9903817238433
LoRaSim-MinimalTopology-0-20240420-23:11:38-12112,scalar,LoRa.server[0],duration,,,432000
LoRaSim-MinimalTopology-0-20240420-23:11:38-12112,scalar,LoRa.server[1],SF: 7,,,0.43108333333333
LoRaSim-MinimalTopology-0-20240420-23:11:38-12112,scalar,LoRa.server[1],rcvCounter: 7,,,187757
LoRaSim-MinimalTopology-0-20240420-23:11:38-12112,scalar,LoRa.server[1],noOfCollidedPackets: 7,,,1529
LoRaSim-MinimalTopology-0-20240420-23:11:38-12112,scalar,LoRa.server[1],noOfSuccessPackets: 7,,,186228
LoRaSim-MinimalTopology-0-20240420-23:11:38-12112,scalar,LoRa.server[1],noOfHostsInSFTier: 7,,,446
LoRaSim-MinimalTopology-0-20240420-23:11:38-12112,scalar,LoRa.server[1],SF: 8,,,0
LoRaSim-MinimalTopology-0-20240420-23:11:38-12112,scalar,LoRa.server[1],rcvCounter: 8,,,0
LoRaSim-MinimalTopology-0-20240420-23:11:38-12112,scalar,LoRa.server[1],noOfCollidedPackets: 8,,,0
LoRaSim-MinimalTopology-0-20240420-23:11:38-12112,scalar,LoRa.server[1],noOfSuccessPackets: 8,,,0
LoRaSim-MinimalTopology-0-20240420-23:11:38-12112,scalar,LoRa.server[1],noOfHostsInSFTier: 8,,,182
LoRaSim-MinimalTopology-0-20240420-23:11:38-12112,scalar,LoRa.server[1],SF: 9,,,0
LoRaSim-MinimalTopology-0-20240420-23:11:38-12112,scalar,LoRa.server[1],rcvCounter: 9,,,0
LoRaSim-MinimalTopology-0-20240420-23:11:38-12112,scalar,LoRa.server[1],noOfCollidedPackets: 9,,,0
LoRaSim-MinimalTopology-0-20240420-23:11:38-12112,scalar,LoRa.server[1],noOfSuccessPackets: 9,,,0
LoRaSim-MinimalTopology-0-20240420-23:11:38-12112,scalar,LoRa.server[1],noOfHostsInSFTier: 9,,,317
LoRaSim-MinimalTopology-0-20240420-23:11:38-12112,scalar,LoRa.server[1],SF: 10,,,0
LoRaSim-MinimalTopology-0-20240420-23:11:38-12112,scalar,LoRa.server[1],rcvCounter: 10,,,0
LoRaSim-MinimalTopology-0-20240420-23:11:38-12112,scalar,LoRa.server[1],noOfCollidedPackets: 10,,,0
LoRaSim-MinimalTopology-0-20240420-23:11:38-12112,scalar,LoRa.server[1],noOfSuccessPackets: 10,,,0
LoRaSim-MinimalTopology-0-20240420-23:11:38-12112,scalar,LoRa.server[1],noOfHostsInSFTier: 10,,,459
LoRaSim-MinimalTopology-0-20240420-23:11:38-12112,scalar,LoRa.server[1],SF: 11,,,0
LoRaSim-MinimalTopology-0-20240420-23:11:38-12112,scalar,LoRa.server[1],rcvCounter: 11,,,0
LoRaSim-MinimalTopology-0-20240420-23:11:38-12112,scalar,LoRa.server[1],noOfCollidedPackets: 11,,,0
LoRaSim-MinimalTopology-0-20240420-23:11:38-12112,scalar,LoRa.server[1],noOfSuccessPackets: 11,,,0
LoRaSim-MinimalTopology-0-20240420-23:11:38-12112,scalar,LoRa.server[1],noOfHostsInSFTier: 11,,,602
LoRaSim-MinimalTopology-0-20240420-23:11:38-12112,scalar,LoRa.server[1],SF: 12,,,0
LoRaSim-MinimalTopology-0-20240420-23:11:38-12112,scalar,LoRa.server[1],rcvCounter: 12,,,0
LoRaSim-MinimalTopology-0-20240420-23:11:38-12112,scalar,LoRa.server[1],noOfCollidedPackets: 12,,,0
LoRaSim-MinimalTopology-0-20240420-23:11:38-12112,scalar,LoRa.server[1],noOfSuccessPackets: 12,,,0
LoRaSim-MinimalTopology-0-20240420-23:11:38-12112,scalar,LoRa.server[1],noOfHostsInSFTier: 12,,,991
LoRaSim-MinimalTopology-0-20240420-23:11:38-12112,scalar,LoRa.server[1],totalSuccessRate,,,0.43108333333333
LoRaSim-MinimalTopology-0-20240420-23:11:38-12112,scalar,LoRa.server[1],totalSuccessProb,,,0.99185649536369
LoRaSim-MinimalTopology-0-20240420-23:11:38-12112,scalar,LoRa.server[1],duration,,,432000
LoRaSim-MinimalTopology-0-20240420-23:11:38-12112,scalar,LoRa.server[2],SF: 7,,,0.46897685185185
LoRaSim-MinimalTopology-0-20240420-23:11:38-12112,scalar,LoRa.server[2],rcvCounter: 7,,,204413
LoRaSim-MinimalTopology-0-20240420-23:11:38-12112,scalar,LoRa.server[2],noOfCollidedPackets: 7,,,1815
LoRaSim-MinimalTopology-0-20240420-23:11:38-12112,scalar,LoRa.server[2],noOfSuccessPackets: 7,,,202598
LoRaSim-MinimalTopology-0-20240420-23:11:38-12112,scalar,LoRa.server[2],noOfHostsInSFTier: 7,,,446
LoRaSim-MinimalTopology-0-20240420-23:11:38-12112,scalar,LoRa.server[2],SF: 8,,,0
LoRaSim-MinimalTopology-0-20240420-23:11:38-12112,scalar,LoRa.server[2],rcvCounter: 8,,,0
LoRaSim-MinimalTopology-0-20240420-23:11:38-12112,scalar,LoRa.server[2],noOfCollidedPackets: 8,,,0
LoRaSim-MinimalTopology-0-20240420-23:11:38-12112,scalar,LoRa.server[2],noOfSuccessPackets: 8,,,0
LoRaSim-MinimalTopology-0-20240420-23:11:38-12112,scalar,LoRa.server[2],noOfHostsInSFTier: 8,,,182
LoRaSim-MinimalTopology-0-20240420-23:11:38-12112,scalar,LoRa.server[2],SF: 9,,,0
LoRaSim-MinimalTopology-0-20240420-23:11:38-12112,scalar,LoRa.server[2],rcvCounter: 9,,,0
LoRaSim-MinimalTopology-0-20240420-23:11:38-12112,scalar,LoRa.server[2],noOfCollidedPackets: 9,,,0
LoRaSim-MinimalTopology-0-20240420-23:11:38-12112,scalar,LoRa.server[2],noOfSuccessPackets: 9,,,0
LoRaSim-MinimalTopology-0-20240420-23:11:38-12112,scalar,LoRa.server[2],noOfHostsInSFTier: 9,,,317
LoRaSim-MinimalTopology-0-20240420-23:11:38-12112,scalar,LoRa.server[2],SF: 10,,,0
LoRaSim-MinimalTopology-0-20240420-23:11:38-12112,scalar,LoRa.server[2],rcvCounter: 10,,,0
LoRaSim-MinimalTopology-0-20240420-23:11:38-12112,scalar,LoRa.server[2],noOfCollidedPackets: 10,,,0
LoRaSim-MinimalTopology-0-20240420-23:11:38-12112,scalar,LoRa.server[2],noOfSuccessPackets: 10,,,0
LoRaSim-MinimalTopology-0-20240420-23:11:38-12112,scalar,LoRa.server[2],noOfHostsInSFTier: 10,,,459
LoRaSim-MinimalTopology-0-20240420-23:11:38-12112,scalar,LoRa.server[2],SF: 11,,,0
LoRaSim-MinimalTopology-0-20240420-23:11:38-12112,scalar,LoRa.server[2],rcvCounter: 11,,,0
LoRaSim-MinimalTopology-0-20240420-23:11:38-12112,scalar,LoRa.server[2],noOfCollidedPackets: 11,,,0
LoRaSim-MinimalTopology-0-20240420-23:11:38-12112,scalar,LoRa.server[2],noOfSuccessPackets: 11,,,0
LoRaSim-MinimalTopology-0-20240420-23:11:38-12112,scalar,LoRa.server[2],noOfHostsInSFTier: 11,,,602
LoRaSim-MinimalTopology-0-20240420-23:11:38-12112,scalar,LoRa.server[2],SF: 12,,,0
LoRaSim-MinimalTopology-0-20240420-23:11:38-12112,scalar,LoRa.server[2],rcvCounter: 12,,,0
LoRaSim-MinimalTopology-0-20240420-23:11:38-12112,scalar,LoRa.server[2],noOfCollidedPackets: 12,,,0
LoRaSim-MinimalTopology-0-20240420-23:11:38-12112,scalar,LoRa.server[2],noOfSuccessPackets: 12,,,0
LoRaSim-MinimalTopology-0-20240420-23:11:38-12112,scalar,LoRa.server[2],noOfHostsInSFTier: 12,,,991
LoRaSim-MinimalTopology-0-20240420-23:11:38-12112,scalar,LoRa.server[2],totalSuccessRate,,,0.46897685185185
LoRaSim-MinimalTopology-0-20240420-23:11:38-12112,scalar,LoRa.server[2],totalSuccessProb,,,0.99112091696712
LoRaSim-MinimalTopology-0-20240420-23:11:38-12112,scalar,LoRa.server[2],duration,,,432000
LoRaSim-MinimalTopology-0-20240420-23:11:38-12112,scalar,LoRa.server[3],SF: 7,,,0.44081481481481
LoRaSim-MinimalTopology-0-20240420-23:11:38-12112,scalar,LoRa.server[3],rcvCounter: 7,,,192170
LoRaSim-MinimalTopology-0-20240420-23:11:38-12112,scalar,LoRa.server[3],noOfCollidedPackets: 7,,,1738
LoRaSim-MinimalTopology-0-20240420-23:11:38-12112,scalar,LoRa.server[3],noOfSuccessPackets: 7,,,190432
LoRaSim-MinimalTopology-0-20240420-23:11:38-12112,scalar,LoRa.server[3],noOfHostsInSFTier: 7,,,446
LoRaSim-MinimalTopology-0-20240420-23:11:38-12112,scalar,LoRa.server[3],SF: 8,,,0
LoRaSim-MinimalTopology-0-20240420-23:11:38-12112,scalar,LoRa.server[3],rcvCounter: 8,,,0
LoRaSim-MinimalTopology-0-20240420-23:11:38-12112,scalar,LoRa.server[3],noOfCollidedPackets: 8,,,0
LoRaSim-MinimalTopology-0-20240420-23:11:38-12112,scalar,LoRa.server[3],noOfSuccessPackets: 8,,,0
LoRaSim-MinimalTopology-0-20240420-23:11:38-12112,scalar,LoRa.server[3],noOfHostsInSFTier: 8,,,182
LoRaSim-MinimalTopology-0-20240420-23:11:38-12112,scalar,LoRa.server[3],SF: 9,,,0
LoRaSim-MinimalTopology-0-20240420-23:11:38-12112,scalar,LoRa.server[3],rcvCounter: 9,,,0
LoRaSim-MinimalTopology-0-20240420-23:11:38-12112,scalar,LoRa.server[3],noOfCollidedPackets: 9,,,0
LoRaSim-MinimalTopology-0-20240420-23:11:38-12112,scalar,LoRa.server[3],noOfSuccessPackets: 9,,,0
LoRaSim-MinimalTopology-0-20240420-23:11:38-12112,scalar,LoRa.server[3],noOfHostsInSFTier: 9,,,317
LoRaSim-MinimalTopology-0-20240420-23:11:38-12112,scalar,LoRa.server[3],SF: 10,,,0
LoRaSim-MinimalTopology-0-20240420-23:11:38-12112,scalar,LoRa.server[3],rcvCounter: 10,,,0
LoRaSim-MinimalTopology-0-20240420-23:11:38-12112,scalar,LoRa.server[3],noOfCollidedPackets: 10,,,0
LoRaSim-MinimalTopology-0-20240420-23:11:38-12112,scalar,LoRa.server[3],noOfSuccessPackets: 10,,,0
LoRaSim-MinimalTopology-0-20240420-23:11:38-12112,scalar,LoRa.server[3],noOfHostsInSFTier: 10,,,459
LoRaSim-MinimalTopology-0-20240420-23:11:38-12112,scalar,LoRa.server[3],SF: 11,,,0
LoRaSim-MinimalTopology-0-20240420-23:11:38-12112,scalar,LoRa.server[3],rcvCounter: 11,,,0
LoRaSim-MinimalTopology-0-20240420-23:11:38-12112,scalar,LoRa.server[3],noOfCollidedPackets: 11,,,0
LoRaSim-MinimalTopology-0-20240420-23:11:38-12112,scalar,LoRa.server[3],noOfSuccessPackets: 11,,,0
LoRaSim-MinimalTopology-0-20240420-23:11:38-12112,scalar,LoRa.server[3],noOfHostsInSFTier: 11,,,602
LoRaSim-MinimalTopology-0-20240420-23:11:38-12112,scalar,LoRa.server[3],SF: 12,,,0
LoRaSim-MinimalTopology-0-20240420-23:11:38-12112,scalar,LoRa.server[3],rcvCounter: 12,,,0
LoRaSim-MinimalTopology-0-20240420-23:11:38-12112,scalar,LoRa.server[3],noOfCollidedPackets: 12,,,0
LoRaSim-MinimalTopology-0-20240420-23:11:38-12112,scalar,LoRa.server[3],noOfSuccessPackets: 12,,,0
LoRaSim-MinimalTopology-0-20240420-23:11:38-12112,scalar,LoRa.server[3],noOfHostsInSFTier: 12,,,991
LoRaSim-MinimalTopology-0-20240420-23:11:38-12112,scalar,LoRa.server[3],totalSuccessRate,,,0.44081481481481
LoRaSim-MinimalTopology-0-20240420-23:11:38-12112,scalar,LoRa.server[3],totalSuccessProb,,,0.9909559244419
LoRaSim-MinimalTopology-0-20240420-23:11:38-12112,scalar,LoRa.server[3],duration,,,432000
LoRaSim-MinimalTopology-0-20240420-23:11:38-12112,scalar,LoRa.server[4],SF: 7,,,0.47315509259259
LoRaSim-MinimalTopology-0-20240420-23:11:38-12112,scalar,LoRa.server[4],rcvCounter: 7,,,206304
LoRaSim-MinimalTopology-0-20240420-23:11:38-12112,scalar,LoRa.server[4],noOfCollidedPackets: 7,,,1901
LoRaSim-MinimalTopology-0-20240420-23:11:38-12112,scalar,LoRa.server[4],noOfSuccessPackets: 7,,,204403
LoRaSim-MinimalTopology-0-20240420-23:11:38-12112,scalar,LoRa.server[4],noOfHostsInSFTier: 7,,,446
LoRaSim-MinimalTopology-0-20240420-23:11:38-12112,scalar,LoRa.server[4],SF: 8,,,0
LoRaSim-MinimalTopology-0-20240420-23:11:38-12112,scalar,LoRa.server[4],rcvCounter: 8,,,0
LoRaSim-MinimalTopology-0-20240420-23:11:38-12112,scalar,LoRa.server[4],noOfCollidedPackets: 8,,,0
LoRaSim-MinimalTopology-0-20240420-23:11:38-12112,scalar,LoRa.server[4],noOfSuccessPackets: 8,,,0
LoRaSim-MinimalTopology-0-20240420-23:11:38-12112,scalar,LoRa.server[4],noOfHostsInSFTier: 8,,,182
LoRaSim-MinimalTopology-0-20240420-23:11:38-12112,scalar,LoRa.server[4],SF: 9,,,0
LoRaSim-MinimalTopology-0-20240420-23:11:38-12112,scalar,LoRa.server[4],rcvCounter: 9,,,0
LoRaSim-MinimalTopology-0-20240420-23:11:38-12112,scalar,LoRa.server[4],noOfCollidedPackets: 9,,,0
LoRaSim-MinimalTopology-0-20240420-23:11:38-12112,scalar,LoRa.server[4],noOfSuccessPackets: 9,,,0
LoRaSim-MinimalTopology-0-20240420-23:11:38-12112,scalar,LoRa.server[4],noOfHostsInSFTier: 9,,,317
LoRaSim-MinimalTopology-0-20240420-23:11:38-12112,scalar,LoRa.server[4],SF: 10,,,0
LoRaSim-MinimalTopology-0-20240420-23:11:38-12112,scalar,LoRa.server[4],rcvCounter: 10,,,0
LoRaSim-MinimalTopology-0-20240420-23:11:38-12112,scalar,LoRa.server[4],noOfCollidedPackets: 10,,,0
LoRaSim-MinimalTopology-0-20240420-23:11:38-12112,scalar,LoRa.server[4],noOfSuccessPackets: 10,,,0
LoRaSim-MinimalTopology-0-20240420-23:11:38-12112,scalar,LoRa.server[4],noOfHostsInSFTier: 10,,,459
LoRaSim-MinimalTopology-0-20240420-23:11:38-12112,scalar,LoRa.server[4],SF: 11,,,0
LoRaSim-MinimalTopology-0-20240420-23:11:38-12112,scalar,LoRa.server[4],rcvCounter: 11,,,0
LoRaSim-MinimalTopology-0-20240420-23:11:38-12112,scalar,LoRa.server[4],noOfCollidedPackets: 11,,,0
LoRaSim-MinimalTopology-0-20240420-23:11:38-12112,scalar,LoRa.server[4],noOfSuccessPackets: 11,,,0
LoRaSim-MinimalTopology-0-20240420-23:11:38-12112,scalar,LoRa.server[4],noOfHostsInSFTier: 11,,,602
LoRaSim-MinimalTopology-0-20240420-23:11:38-12112,scalar,LoRa.server[4],SF: 12,,,0
LoRaSim-MinimalTopology-0-20240420-23:11:38-12112,scalar,LoRa.server[4],rcvCounter: 12,,,0
LoRaSim-MinimalTopology-0-20240420-23:11:38-12112,scalar,LoRa.server[4],noOfCollidedPackets: 12,,,0
LoRaSim-MinimalTopology-0-20240420-23:11:38-12112,scalar,LoRa.server[4],noOfSuccessPackets: 12,,,0
LoRaSim-MinimalTopology-0-20240420-23:11:38-12112,scalar,LoRa.server[4],noOfHostsInSFTier: 12,,,991
LoRaSim-MinimalTopology-0-20240420-23:11:38-12112,scalar,LoRa.server[4],totalSuccessRate,,,0.47315509259259
LoRaSim-MinimalTopology-0-20240420-23:11:38-12112,scalar,LoRa.server[4],totalSuccessProb,,,0.99078544284163
LoRaSim-MinimalTopology-0-20240420-23:11:38-12112,scalar,LoRa.server[4],duration,,,432000
LoRaSim-MinimalTopology-0-20240420-23:11:38-12112,scalar,LoRa.server[5],SF: 7,,,0.44792361111111
LoRaSim-MinimalTopology-0-20240420-23:11:38-12112,scalar,LoRa.server[5],rcvCounter: 7,,,195194
LoRaSim-MinimalTopology-0-20240420-23:11:38-12112,scalar,LoRa.server[5],noOfCollidedPackets: 7,,,1691
LoRaSim-MinimalTopology-0-20240420-23:11:38-12112,scalar,LoRa.server[5],noOfSuccessPackets: 7,,,193503
LoRaSim-MinimalTopology-0-20240420-23:11:38-12112,scalar,LoRa.server[5],noOfHostsInSFTier: 7,,,446
LoRaSim-MinimalTopology-0-20240420-23:11:38-12112,scalar,LoRa.server[5],SF: 8,,,0
LoRaSim-MinimalTopology-0-20240420-23:11:38-12112,scalar,LoRa.server[5],rcvCounter: 8,,,0
LoRaSim-MinimalTopology-0-20240420-23:11:38-12112,scalar,LoRa.server[5],noOfCollidedPackets: 8,,,0
LoRaSim-MinimalTopology-0-20240420-23:11:38-12112,scalar,LoRa.server[5],noOfSuccessPackets: 8,,,0
LoRaSim-MinimalTopology-0-20240420-23:11:38-12112,scalar,LoRa.server[5],noOfHostsInSFTier: 8,,,182
LoRaSim-MinimalTopology-0-20240420-23:11:38-12112,scalar,LoRa.server[5],SF: 9,,,0
LoRaSim-MinimalTopology-0-20240420-23:11:38-12112,scalar,LoRa.server[5],rcvCounter: 9,,,0
LoRaSim-MinimalTopology-0-20240420-23:11:38-12112,scalar,LoRa.server[5],noOfCollidedPackets: 9,,,0
LoRaSim-MinimalTopology-0-20240420-23:11:38-12112,scalar,LoRa.server[5],noOfSuccessPackets: 9,,,0
LoRaSim-MinimalTopology-0-20240420-23:11:38-12112,scalar,LoRa.server[5],noOfHostsInSFTier: 9,,,317
LoRaSim-MinimalTopology-0-20240420-23:11:38-12112,scalar,LoRa.server[5],SF: 10,,,0
LoRaSim-MinimalTopology-0-20240420-23:11:38-12112,scalar,LoRa.server[5],rcvCounter: 10,,,0
LoRaSim-MinimalTopology-0-20240420-23:11:38-12112,scalar,LoRa.server[5],noOfCollidedPackets: 10,,,0
LoRaSim-MinimalTopology-0-20240420-23:11:38-12112,scalar,LoRa.server[5],noOfSuccessPackets: 10,,,0
LoRaSim-MinimalTopology-0-20240420-23:11:38-12112,scalar,LoRa.server[5],noOfHostsInSFTier: 10,,,459
LoRaSim-MinimalTopology-0-20240420-23:11:38-12112,scalar,LoRa.server[5],SF: 11,,,0
LoRaSim-MinimalTopology-0-20240420-23:11:38-12112,scalar,LoRa.server[5],rcvCounter: 11,,,0
LoRaSim-MinimalTopology-0-20240420-23:11:38-12112,scalar,LoRa.server[5],noOfCollidedPackets: 11,,,0
LoRaSim-MinimalTopology-0-20240420-23:11:38-12112,scalar,LoRa.server[5],noOfSuccessPackets: 11,,,0
LoRaSim-MinimalTopology-0-20240420-23:11:38-12112,scalar,LoRa.server[5],noOfHostsInSFTier: 11,,,602
LoRaSim-MinimalTopology-0-20240420-23:11:38-12112,scalar,LoRa.server[5],SF: 12,,,0
LoRaSim-MinimalTopology-0-20240420-23:11:38-12112,scalar,LoRa.server[5],rcvCounter: 12,,,0
LoRaSim-MinimalTopology-0-20240420-23:11:38-12112,scalar,LoRa.server[5],noOfCollidedPackets: 12,,,0
LoRaSim-MinimalTopology-0-20240420-23:11:38-12112,scalar,LoRa.server[5],noOfSuccessPackets: 12,,,0
LoRaSim-MinimalTopology-0-20240420-23:11:38-12112,scalar,LoRa.server[5],noOfHostsInSFTier: 12,,,991
LoRaSim-MinimalTopology-0-20240420-23:11:38-12112,scalar,LoRa.server[5],totalSuccessRate,,,0.44792361111111
LoRaSim-MinimalTopology-0-20240420-23:11:38-12112,scalar,LoRa.server[5],totalSuccessProb,,,0.99133682387778
LoRaSim-MinimalTopology-0-20240420-23:11:38-12112,scalar,LoRa.server[5],duration,,,432000
LoRaSim-MinimalTopology-0-20240420-23:11:38-12112,scalar,LoRa.server[6],SF: 7,,,0.43824305555556
LoRaSim-MinimalTopology-0-20240420-23:11:38-12112,scalar,LoRa.server[6],rcvCounter: 7,,,190915
LoRaSim-MinimalTopology-0-20240420-23:11:38-12112,scalar,LoRa.server[6],noOfCollidedPackets: 7,,,1594
LoRaSim-MinimalTopology-0-20240420-23:11:38-12112,scalar,LoRa.server[6],noOfSuccessPackets: 7,,,189321
LoRaSim-MinimalTopology-0-20240420-23:11:38-12112,scalar,LoRa.server[6],noOfHostsInSFTier: 7,,,446
LoRaSim-MinimalTopology-0-20240420-23:11:38-12112,scalar,LoRa.server[6],SF: 8,,,0
LoRaSim-MinimalTopology-0-20240420-23:11:38-12112,scalar,LoRa.server[6],rcvCounter: 8,,,0
LoRaSim-MinimalTopology-0-20240420-23:11:38-12112,scalar,LoRa.server[6],noOfCollidedPackets: 8,,,0
LoRaSim-MinimalTopology-0-20240420-23:11:38-12112,scalar,LoRa.server[6],noOfSuccessPackets: 8,,,0
LoRaSim-MinimalTopology-0-20240420-23:11:38-12112,scalar,LoRa.server[6],noOfHostsInSFTier: 8,,,182
LoRaSim-MinimalTopology-0-20240420-23:11:38-12112,scalar,LoRa.server[6],SF: 9,,,0
LoRaSim-MinimalTopology-0-20240420-23:11:38-12112,scalar,LoRa.server[6],rcvCounter: 9,,,0
LoRaSim-MinimalTopology-0-20240420-23:11:38-12112,scalar,LoRa.server[6],noOfCollidedPackets: 9,,,0
LoRaSim-MinimalTopology-0-20240420-23:11:38-12112,scalar,LoRa.server[6],noOfSuccessPackets: 9,,,0
LoRaSim-MinimalTopology-0-20240420-23:11:38-12112,scalar,LoRa.server[6],noOfHostsInSFTier: 9,,,317
LoRaSim-MinimalTopology-0-20240420-23:11:38-12112,scalar,LoRa.server[6],SF: 10,,,0
LoRaSim-MinimalTopology-0-20240420-23:11:38-12112,scalar,LoRa.server[6],rcvCounter: 10,,,0
LoRaSim-MinimalTopology-0-20240420-23:11:38-12112,scalar,LoRa.server[6],noOfCollidedPackets: 10,,,0
LoRaSim-MinimalTopology-0-20240420-23:11:38-12112,scalar,LoRa.server[6],noOfSuccessPackets: 10,,,0
LoRaSim-MinimalTopology-0-20240420-23:11:38-12112,scalar,LoRa.server[6],noOfHostsInSFTier: 10,,,459
LoRaSim-MinimalTopology-0-20240420-23:11:38-12112,scalar,LoRa.server[6],SF: 11,,,0
LoRaSim-MinimalTopology-0-20240420-23:11:38-12112,scalar,LoRa.server[6],rcvCounter: 11,,,0
LoRaSim-MinimalTopology-0-20240420-23:11:38-12112,scalar,LoRa.server[6],noOfCollidedPackets: 11,,,0
LoRaSim-MinimalTopology-0-20240420-23:11:38-12112,scalar,LoRa.server[6],noOfSuccessPackets: 11,,,0
LoRaSim-MinimalTopology-0-20240420-23:11:38-12112,scalar,LoRa.server[6],noOfHostsInSFTier: 11,,,602
LoRaSim-MinimalTopology-0-20240420-23:11:38-12112,scalar,LoRa.server[6],SF: 12,,,0
LoRaSim-MinimalTopology-0-20240420-23:11:38-12112,scalar,LoRa.server[6],rcvCounter: 12,,,0
LoRaSim-MinimalTopology-0-20240420-23:11:38-12112,scalar,LoRa.server[6],noOfCollidedPackets: 12,,,0
LoRaSim-MinimalTopology-0-20240420-23:11:38-12112,scalar,LoRa.server[6],noOfSuccessPackets: 12,,,0
LoRaSim-MinimalTopology-0-20240420-23:11:38-12112,scalar,LoRa.server[6],noOfHostsInSFTier: 12,,,991
LoRaSim-MinimalTopology-0-20240420-23:11:38-12112,scalar,LoRa.server[6],totalSuccessRate,,,0.43824305555556
LoRaSim-MinimalTopology-0-20240420-23:11:38-12112,scalar,LoRa.server[6],totalSuccessProb,,,0.99165073462012
LoRaSim-MinimalTopology-0-20240420-23:11:38-12112,scalar,LoRa.server[6],duration,,,432000
LoRaSim-MinimalTopology-0-20240420-23:11:38-12112,scalar,LoRa.server[7],SF: 7,,,0.47679398148148
LoRaSim-MinimalTopology-0-20240420-23:11:38-12112,scalar,LoRa.server[7],rcvCounter: 7,,,207844
LoRaSim-MinimalTopology-0-20240420-23:11:38-12112,scalar,LoRa.server[7],noOfCollidedPackets: 7,,,1869
LoRaSim-MinimalTopology-0-20240420-23:11:38-12112,scalar,LoRa.server[7],noOfSuccessPackets: 7,,,205975
LoRaSim-MinimalTopology-0-20240420-23:11:38-12112,scalar,LoRa.server[7],noOfHostsInSFTier: 7,,,446
LoRaSim-MinimalTopology-0-20240420-23:11:38-12112,scalar,LoRa.server[7],SF: 8,,,0
LoRaSim-MinimalTopology-0-20240420-23:11:38-12112,scalar,LoRa.server[7],rcvCounter: 8,,,0
LoRaSim-MinimalTopology-0-20240420-23:11:38-12112,scalar,LoRa.server[7],noOfCollidedPackets: 8,,,0
LoRaSim-MinimalTopology-0-20240420-23:11:38-12112,scalar,LoRa.server[7],noOfSuccessPackets: 8,,,0
LoRaSim-MinimalTopology-0-20240420-23:11:38-12112,scalar,LoRa.server[7],noOfHostsInSFTier: 8,,,182
LoRaSim-MinimalTopology-0-20240420-23:11:38-12112,scalar,LoRa.server[7],SF: 9,,,0
LoRaSim-MinimalTopology-0-20240420-23:11:38-12112,scalar,LoRa.server[7],rcvCounter: 9,,,0
LoRaSim-MinimalTopology-0-20240420-23:11:38-12112,scalar,LoRa.server[7],noOfCollidedPackets: 9,,,0
LoRaSim-MinimalTopology-0-20240420-23:11:38-12112,scalar,LoRa.server[7],noOfSuccessPackets: 9,,,0
LoRaSim-MinimalTopology-0-20240420-23:11:38-12112,scalar,LoRa.server[7],noOfHostsInSFTier: 9,,,317
LoRaSim-MinimalTopology-0-20240420-23:11:38-12112,scalar,LoRa.server[7],SF: 10,,,0
LoRaSim-MinimalTopology-0-20240420-23:11:38-12112,scalar,LoRa.server[7],rcvCounter: 10,,,0
LoRaSim-MinimalTopology-0-20240420-23:11:38-12112,scalar,LoRa.server[7],noOfCollidedPackets: 10,,,0
LoRaSim-MinimalTopology-0-20240420-23:11:38-12112,scalar,LoRa.server[7],noOfSuccessPackets: 10,,,0
LoRaSim-MinimalTopology-0-20240420-23:11:38-12112,scalar,LoRa.server[7],noOfHostsInSFTier: 10,,,459
LoRaSim-MinimalTopology-0-20240420-23:11:38-12112,scalar,LoRa.server[7],SF: 11,,,0
LoRaSim-MinimalTopology-0-20240420-23:11:38-12112,scalar,LoRa.server[7],rcvCounter: 11,,,0
LoRaSim-MinimalTopology-0-20240420-23:11:38-12112,scalar,LoRa.server[7],noOfCollidedPackets: 11,,,0
LoRaSim-MinimalTopology-0-20240420-23:11:38-12112,scalar,LoRa.server[7],noOfSuccessPackets: 11,,,0
LoRaSim-MinimalTopology-0-20240420-23:11:38-12112,scalar,LoRa.server[7],noOfHostsInSFTier: 11,,,602
LoRaSim-MinimalTopology-0-20240420-23:11:38-12112,scalar,LoRa.server[7],SF: 12,,,0
LoRaSim-MinimalTopology-0-20240420-23:11:38-12112,scalar,LoRa.server[7],rcvCounter: 12,,,0
LoRaSim-MinimalTopology-0-20240420-23:11:38-12112,scalar,LoRa.server[7],noOfCollidedPackets: 12,,,0
LoRaSim-MinimalTopology-0-20240420-23:11:38-12112,scalar,LoRa.server[7],noOfSuccessPackets: 12,,,0
LoRaSim-MinimalTopology-0-20240420-23:11:38-12112,scalar,LoRa.server[7],noOfHostsInSFTier: 12,,,991
LoRaSim-MinimalTopology-0-20240420-23:11:38-12112,scalar,LoRa.server[7],totalSuccessRate,,,0.47679398148148
LoRaSim-MinimalTopology-0-20240420-23:11:38-12112,scalar,LoRa.server[7],totalSuccessProb,,,0.99100767883605
LoRaSim-MinimalTopology-0-20240420-23:11:38-12112,scalar,LoRa.server[7],duration,,,432000
LoRaSim-MinimalTopology-0-20240420-23:11:38-12112,scalar,LoRa.server[8],SF: 7,,,1.2535462962963
LoRaSim-MinimalTopology-0-20240420-23:11:38-12112,scalar,LoRa.server[8],rcvCounter: 7,,,555281
LoRaSim-MinimalTopology-0-20240420-23:11:38-12112,scalar,LoRa.server[8],noOfCollidedPackets: 7,,,13749
LoRaSim-MinimalTopology-0-20240420-23:11:38-12112,scalar,LoRa.server[8],noOfSuccessPackets: 7,,,541532
LoRaSim-MinimalTopology-0-20240420-23:11:38-12112,scalar,LoRa.server[8],noOfHostsInSFTier: 7,,,446
LoRaSim-MinimalTopology-0-20240420-23:11:38-12112,scalar,LoRa.server[8],SF: 8,,,0
LoRaSim-MinimalTopology-0-20240420-23:11:38-12112,scalar,LoRa.server[8],rcvCounter: 8,,,0
LoRaSim-MinimalTopology-0-20240420-23:11:38-12112,scalar,LoRa.server[8],noOfCollidedPackets: 8,,,0
LoRaSim-MinimalTopology-0-20240420-23:11:38-12112,scalar,LoRa.server[8],noOfSuccessPackets: 8,,,0
LoRaSim-MinimalTopology-0-20240420-23:11:38-12112,scalar,LoRa.server[8],noOfHostsInSFTier: 8,,,182
LoRaSim-MinimalTopology-0-20240420-23:11:38-12112,scalar,LoRa.server[8],SF: 9,,,0
LoRaSim-MinimalTopology-0-20240420-23:11:38-12112,scalar,LoRa.server[8],rcvCounter: 9,,,0
LoRaSim-MinimalTopology-0-20240420-23:11:38-12112,scalar,LoRa.server[8],noOfCollidedPackets: 9,,,0
LoRaSim-MinimalTopology-0-20240420-23:11:38-12112,scalar,LoRa.server[8],noOfSuccessPackets: 9,,,0
LoRaSim-MinimalTopology-0-20240420-23:11:38-12112,scalar,LoRa.server[8],noOfHostsInSFTier: 9,,,317
LoRaSim-MinimalTopology-0-20240420-23:11:38-12112,scalar,LoRa.server[8],SF: 10,,,0
LoRaSim-MinimalTopology-0-20240420-23:11:38-12112,scalar,LoRa.server[8],rcvCounter: 10,,,0
LoRaSim-MinimalTopology-0-20240420-23:11:38-12112,scalar,LoRa.server[8],noOfCollidedPackets: 10,,,0
LoRaSim-MinimalTopology-0-20240420-23:11:38-12112,scalar,LoRa.server[8],noOfSuccessPackets: 10,,,0
LoRaSim-MinimalTopology-0-20240420-23:11:38-12112,scalar,LoRa.server[8],noOfHostsInSFTier: 10,,,459
LoRaSim-MinimalTopology-0-20240420-23:11:38-12112,scalar,LoRa.server[8],SF: 11,,,0
LoRaSim-MinimalTopology-0-20240420-23:11:38-12112,scalar,LoRa.server[8],rcvCounter: 11,,,0
LoRaSim-MinimalTopology-0-20240420-23:11:38-12112,scalar,LoRa.server[8],noOfCollidedPackets: 11,,,0
LoRaSim-MinimalTopology-0-20240420-23:11:38-12112,scalar,LoRa.server[8],noOfSuccessPackets: 11,,,0
LoRaSim-MinimalTopology-0-20240420-23:11:38-12112,scalar,LoRa.server[8],noOfHostsInSFTier: 11,,,602
LoRaSim-MinimalTopology-0-20240420-23:11:38-12112,scalar,LoRa.server[8],SF: 12,,,0
LoRaSim-MinimalTopology-0-20240420-23:11:38-12112,scalar,LoRa.server[8],rcvCounter: 12,,,0
LoRaSim-MinimalTopology-0-20240420-23:11:38-12112,scalar,LoRa.server[8],noOfCollidedPackets: 12,,,0
LoRaSim-MinimalTopology-0-20240420-23:11:38-12112,scalar,LoRa.server[8],noOfSuccessPackets: 12,,,0
LoRaSim-MinimalTopology-0-20240420-23:11:38-12112,scalar,LoRa.server[8],noOfHostsInSFTier: 12,,,991
LoRaSim-MinimalTopology-0-20240420-23:11:38-12112,scalar,LoRa.server[8],totalSuccessRate,,,1.2535462962963
LoRaSim-MinimalTopology-0-20240420-23:11:38-12112,scalar,LoRa.server[8],totalSuccessProb,,,0.97523956339223
LoRaSim-MinimalTopology-0-20240420-23:11:38-12112,scalar,LoRa.server[8],duration,,,432000
LoRaSim-MinimalTopology-0-20240420-23:11:38-12112,scalar,LoRa.host[0],numOfHostsPerSF_Server0_SF7,,,204
LoRaSim-MinimalTopology-0-20240420-23:11:38-12112,scalar,LoRa.host[0],numOfHostsPerSF_Server0_SF8,,,54
LoRaSim-MinimalTopology-0-20240420-23:11:38-12112,scalar,LoRa.host[0],numOfHostsPerSF_Server0_SF9,,,34
LoRaSim-MinimalTopology-0-20240420-23:11:38-12112,scalar,LoRa.host[0],numOfHostsPerSF_Server0_SF10,,,0
LoRaSim-MinimalTopology-0-20240420-23:11:38-12112,scalar,LoRa.host[0],numOfHostsPerSF_Server0_SF11,,,0
LoRaSim-MinimalTopology-0-20240420-23:11:38-12112,scalar,LoRa.host[0],numOfHostsPerSF_Server0_SF12,,,0
LoRaSim-MinimalTopology-0-20240420-23:11:38-12112,scalar,LoRa.host[0],numOfHostsPerSF_Server1_SF7,,,197
LoRaSim-MinimalTopology-0-20240420-23:11:38-12112,scalar,LoRa.host[0],numOfHostsPerSF_Server1_SF8,,,49
LoRaSim-MinimalTopology-0-20240420-23:11:38-12112,scalar,LoRa.host[0],numOfHostsPerSF_Server1_SF9,,,16
LoRaSim-MinimalTopology-0-20240420-23:11:38-12112,scalar,LoRa.host[0],numOfHostsPerSF_Server1_SF10,,,0
LoRaSim-MinimalTopology-0-20240420-23:11:38-12112,scalar,LoRa.host[0],numOfHostsPerSF_Server1_SF11,,,0
LoRaSim-MinimalTopology-0-20240420-23:11:38-12112,scalar,LoRa.host[0],numOfHostsPerSF_Server1_SF12,,,0
LoRaSim-MinimalTopology-0-20240420-23:11:38-12112,scalar,LoRa.host[0],numOfHostsPerSF_Server2_SF7,,,204
LoRaSim-MinimalTopology-0-20240420-23:11:38-12112,scalar,LoRa.host[0],numOfHostsPerSF_Server2_SF8,,,50
LoRaSim-MinimalTopology-0-20240420-23:11:38-12112,scalar,LoRa.host[0],numOfHostsPerSF_Server2_SF9,,,32
LoRaSim-MinimalTopology-0-20240420-23:11:38-12112,scalar,LoRa.host[0],numOfHostsPerSF_Server2_SF10,,,0
LoRaSim-MinimalTopology-0-20240420-23:11:38-12112,scalar,LoRa.host[0],numOfHostsPerSF_Server2_SF11,,,0
LoRaSim-MinimalTopology-0-20240420-23:11:38-12112,scalar,LoRa.host[0],numOfHostsPerSF_Server2_SF12,,,0
LoRaSim-MinimalTopology-0-20240420-23:11:38-12112,scalar,LoRa.host[0],numOfHostsPerSF_Server3_SF7,,,204
LoRaSim-MinimalTopology-0-20240420-23:11:38-12112,scalar,LoRa.host[0],numOfHostsPerSF_Server3_SF8,,,36
LoRaSim-MinimalTopology-0-20240420-23:11:38-12112,scalar,LoRa.host[0],numOfHostsPerSF_Server3_SF9,,,28
LoRaSim-MinimalTopology-0-20240420-23:11:38-12112,scalar,LoRa.host[0],numOfHostsPerSF_Server3_SF10,,,0
LoRaSim-MinimalTopology-0-20240420-23:11:38-12112,scalar,LoRa.host[0],numOfHostsPerSF_Server3_SF11,,,0
LoRaSim-MinimalTopology-0-20240420-23:11:38-12112,scalar,LoRa.host[0],numOfHostsPerSF_Server3_SF12,,,0
LoRaSim-MinimalTopology-0-20240420-23:11:38-12112,scalar,LoRa.host[0],numOfHostsPerSF_Server4_SF7,,,202
LoRaSim-MinimalTopology-0-20240420-23:11:38-12112,scalar,LoRa.host[0],numOfHostsPerSF_Server4_SF8,,,58
LoRaSim-MinimalTopology-0-20240420-23:11:38-12112,scalar,LoRa.host[0],numOfHostsPerSF_Server4_SF9,,,28
LoRaSim-MinimalTopology-0-20240420-23:11:38-12112,scalar,LoRa.host[0],numOfHostsPerSF_Server4_SF10,,,0
LoRaSim-MinimalTopology-0-20240420-23:11:38-12112,scalar,LoRa.host[0],numOfHostsPerSF_Server4_SF11,,,0
LoRaSim-MinimalTopology-0-20240420-23:11:38-12112,scalar,LoRa.host[0],numOfHostsPerSF_Server4_SF12,,,0
LoRaSim-MinimalTopology-0-20240420-23:11:38-12112,scalar,LoRa.host[0],numOfHostsPerSF_Server5_SF7,,,202
LoRaSim-MinimalTopology-0-20240420-23:11:38-12112,scalar,LoRa.host[0],numOfHostsPerSF_Server5_SF8,,,52
LoRaSim-MinimalTopology-0-20240420-23:11:38-12112,scalar,LoRa.host[0],numOfHostsPerSF_Server5_SF9,,,19
LoRaSim-MinimalTopology-0-20240420-23:11:38-12112,scalar,LoRa.host[0],numOfHostsPerSF_Server5_SF10,,,0
LoRaSim-MinimalTopology-0-20240420-23:11:38-12112,scalar,LoRa.host[0],numOfHostsPerSF_Server5_SF11,,,0
LoRaSim-MinimalTopology-0-20240420-23:11:38-12112,scalar,LoRa.host[0],numOfHostsPerSF_Server5_SF12,,,0
LoRaSim-MinimalTopology-0-20240420-23:11:38-12112,scalar,LoRa.host[0],numOfHostsPerSF_Server6_SF7,,,192
LoRaSim-MinimalTopology-0-20240420-23:11:38-12112,scalar,LoRa.host[0],numOfHostsPerSF_Server6_SF8,,,45
LoRaSim-MinimalTopology-0-20240420-23:11:38-12112,scalar,LoRa.host[0],numOfHostsPerSF_Server6_SF9,,,29
LoRaSim-MinimalTopology-0-20240420-23:11:38-12112,scalar,LoRa.host[0],numOfHostsPerSF_Server6_SF10,,,0
LoRaSim-MinimalTopology-0-20240420-23:11:38-12112,scalar,LoRa.host[0],numOfHostsPerSF_Server6_SF11,,,0
LoRaSim-MinimalTopology-0-20240420-23:11:38-12112,scalar,LoRa.host[0],numOfHostsPerSF_Server6_SF12,,,0
LoRaSim-MinimalTopology-0-20240420-23:11:38-12112,scalar,LoRa.host[0],numOfHostsPerSF_Server7_SF7,,,214
LoRaSim-MinimalTopology-0-20240420-23:11:38-12112,scalar,LoRa.host[0],numOfHostsPerSF_Server7_SF8,,,54
LoRaSim-MinimalTopology-0-20240420-23:11:38-12112,scalar,LoRa.host[0],numOfHostsPerSF_Server7_SF9,,,22
LoRaSim-MinimalTopology-0-20240420-23:11:38-12112,scalar,LoRa.host[0],numOfHostsPerSF_Server7_SF10,,,0
LoRaSim-MinimalTopology-0-20240420-23:11:38-12112,scalar,LoRa.host[0],numOfHostsPerSF_Server7_SF11,,,0
LoRaSim-MinimalTopology-0-20240420-23:11:38-12112,scalar,LoRa.host[0],numOfHostsPerSF_Server7_SF12,,,0
LoRaSim-MinimalTopology-0-20240420-23:11:38-12112,scalar,LoRa.host[0],numOfHostsPerSF_Server8_SF7,,,446
LoRaSim-MinimalTopology-0-20240420-23:11:38-12112,scalar,LoRa.host[0],numOfHostsPerSF_Server8_SF8,,,182
LoRaSim-MinimalTopology-0-20240420-23:11:38-12112,scalar,LoRa.host[0],numOfHostsPerSF_Server8_SF9,,,147
LoRaSim-MinimalTopology-0-20240420-23:11:38-12112,scalar,LoRa.host[0],numOfHostsPerSF_Server8_SF10,,,0
LoRaSim-MinimalTopology-0-20240420-23:11:38-12112,scalar,LoRa.host[0],numOfHostsPerSF_Server8_SF11,,,0
LoRaSim-MinimalTopology-0-20240420-23:11:38-12112,scalar,LoRa.host[0],numOfHostsPerSF_Server8_SF12,,,0
LoRaSim-MinimalTopology-0-20240420-23:11:38-12112,scalar,_runattrs_,M,,,9
LoRaSim-MinimalTopology-0-20240420-23:11:38-12112,scalar,_runattrs_,N,,,3000
