run,type,module,name,attrname,attrvalue,value
LoRaSim-MinimalTopology-0-20240420-23:16:15-2572,runattr,,,configname,LoRaSim-MinimalTopology,
LoRaSim-MinimalTopology-0-20240420-23:16:15-2572,runattr,,,datetime,20240420-23:16:15,
LoRaSim-MinimalTopology-0-20240420-23:16:15-2572,runattr,,,experiment,LoRaSim-MinimalTopology,
LoRaSim-MinimalTopology-0-20240420-23:16:15-2572,runattr,,,inifile,omnetpp.ini,
LoRaSim-MinimalTopology-0-20240420-23:16:15-2572,runattr,,,iterationvars,"$N=5000, $M=9",
LoRaSim-MinimalTopology-0-20240420-23:16:15-2572,runattr,,,iterationvarsf,"N=5000,M=9-",
LoRaSim-MinimalTopology-0-20240420-23:16:15-2572,runattr,,,measurement,"$N=5000, $M=9",
LoRaSim-MinimalTopology-0-20240420-23:16:15-2572,runattr,,,network,LoRa,
LoRaSim-MinimalTopology-0-20240420-23:16:15-2572,runattr,,,processid,2572,
LoRaSim-MinimalTopology-0-20240420-23:16:15-2572,runattr,,,repetition,0,
LoRaSim-MinimalTopology-0-20240420-23:16:15-2572,runattr,,,replication,#0,
LoRaSim-MinimalTopology-0-20240420-23:16:15-2572,runattr,,,resultdir,results,
LoRaSim-MinimalTopology-0-20240420-23:16:15-2572,runattr,,,runnumber,0,
LoRaSim-MinimalTopology-0-20240420-23:16:15-2572,runattr,,,seedset,0,
LoRaSim-MinimalTopology-0-20240420-23:16:15-2572,itervar,,,M,9,
LoRaSim-MinimalTopology-0-20240420-23:16:15-2572,itervar,,,N,5000,
LoRaSim-MinimalTopology-0-20240420-23:16:15-2572,param,,,LoRa.host[*].isBufferingEvents,false,
LoRaSim-MinimalTopology-0-20240420-23:16:15-2572,param,,,LoRa.host[*].addFrameHeader,false,
LoRaSim-MinimalTopology-0-20240420-23:16:15-2572,param,,,LoRa.host[*].nbOfChannels,3,
LoRaSim-MinimalTopology-0-20240420-23:16:15-2572,param,,,LoRa.numHosts,5000,
LoRaSim-MinimalTopology-0-20240420-23:16:15-2572,param,,,LoRa.host[*].iaTime,exponential(600s),
LoRaSim-MinimalTopology-0-20240420-23:16:15-2572,param,,,LoRa.host[*].pkLenBits,160b,
LoRaSim-MinimalTopology-0-20240420-23:16:15-2572,param,,,LoRa.netR,6333.83 m,
LoRaSim-MinimalTopology-0-20240420-23:16:15-2572,param,,,LoRa.server[*].pathlossExp,3,
LoRaSim-MinimalTopology-0-20240420-23:16:15-2572,param,,,LoRa.server[*].BW,125,
LoRaSim-MinimalTopology-0-20240420-23:16:15-2572,param,,,LoRa.numServers,9,
LoRaSim-MinimalTopology-0-20240420-23:16:15-2572,param,,,LoRa.server[0].x,-6333.83m,
LoRaSim-MinimalTopology-0-20240420-23:16:15-2572,param,,,LoRa.server[0].y,0,
LoRaSim-MinimalTopology-0-20240420-23:16:15-2572,param,,,LoRa.server[1].x,-4491.94m,
LoRaSim-MinimalTopology-0-20240420-23:16:15-2572,param,,,LoRa.server[1].y,4491.94m,
LoRaSim-MinimalTopology-0-20240420-23:16:15-2572,param,,,LoRa.server[2].x,0,
LoRaSim-MinimalTopology-0-20240420-23:16:15-2572,param,,,LoRa.server[2].y,6333.83m,
LoRaSim-MinimalTopology-0-20240420-23:16:15-2572,param,,,LoRa.server[3].x,4491.94m,
LoRaSim-MinimalTopology-0-20240420-23:16:15-2572,param,,,LoRa.server[3].y,4491.94m,
LoRaSim-MinimalTopology-0-20240420-23:16:15-2572,param,,,LoRa.server[4].x,6333.83m,
LoRaSim-MinimalTopology-0-20240420-23:16:15-2572,param,,,LoRa.server[4].y,0,
LoRaSim-MinimalTopology-0-20240420-23:16:15-2572,param,,,LoRa.server[5].x,4491.94m,
LoRaSim-MinimalTopology-0-20240420-23:16:15-2572,param,,,LoRa.server[5].y,-4491.94m,
LoRaSim-MinimalTopology-0-20240420-23:16:15-2572,param,,,LoRa.server[6].x,0,
LoRaSim-MinimalTopology-0-20240420-23:16:15-2572,param,,,LoRa.server[6].y,-6333.83m,
LoRaSim-MinimalTopology-0-20240420-23:16:15-2572,param,,,LoRa.server[7].x,-4491.94m,
LoRaSim-MinimalTopology-0-20240420-23:16:15-2572,param,,,LoRa.server[7].y,-4491.94m,
LoRaSim-MinimalTopology-0-20240420-23:16:15-2572,param,,,LoRa.server[8].x,0m,
LoRaSim-MinimalTopology-0-20240420-23:16:15-2572,param,,,LoRa.server[8].y,0m,
LoRaSim-MinimalTopology-0-20240420-23:16:15-2572,param,,,**.animationHoldTimeOnCollision,0s,
LoRaSim-MinimalTopology-0-20240420-23:16:15-2572,param,,,**.idleAnimationSpeed,1,
LoRaSim-MinimalTopology-0-20240420-23:16:15-2572,param,,,**.transmissionEdgeAnimationSpeed,1e-6,
LoRaSim-MinimalTopology-0-20240420-23:16:15-2572,param,,,**.midTransmissionAnimationSpeed,1e-1,
LoRaSim-MinimalTopology-0-20240420-23:16:15-2572,param,,,LoRa.slotTime,0,
LoRaSim-MinimalTopology-0-20240420-23:16:15-2572,param,,,LoRa.dutyCycleActive,true,
LoRaSim-MinimalTopology-0-20240420-23:16:15-2572,scalar,LoRa.server[0],SF: 7,,,0.75282638888889
LoRaSim-MinimalTopology-0-20240420-23:16:15-2572,scalar,LoRa.server[0],rcvCounter: 7,,,330002
LoRaSim-MinimalTopology-0-20240420-23:16:15-2572,scalar,LoRa.server[0],noOfCollidedPackets: 7,,,4781
LoRaSim-MinimalTopology-0-20240420-23:16:15-2572,scalar,LoRa.server[0],noOfSuccessPackets: 7,,,325221
LoRaSim-MinimalTopology-0-20240420-23:16:15-2572,scalar,LoRa.server[0],noOfHostsInSFTier: 7,,,739
LoRaSim-MinimalTopology-0-20240420-23:16:15-2572,scalar,LoRa.server[0],SF: 8,,,0
LoRaSim-MinimalTopology-0-20240420-23:16:15-2572,scalar,LoRa.server[0],rcvCounter: 8,,,0
LoRaSim-MinimalTopology-0-20240420-23:16:15-2572,scalar,LoRa.server[0],noOfCollidedPackets: 8,,,0
LoRaSim-MinimalTopology-0-20240420-23:16:15-2572,scalar,LoRa.server[0],noOfSuccessPackets: 8,,,0
LoRaSim-MinimalTopology-0-20240420-23:16:15-2572,scalar,LoRa.server[0],noOfHostsInSFTier: 8,,,331
LoRaSim-MinimalTopology-0-20240420-23:16:15-2572,scalar,LoRa.server[0],SF: 9,,,0
LoRaSim-MinimalTopology-0-20240420-23:16:15-2572,scalar,LoRa.server[0],rcvCounter: 9,,,0
LoRaSim-MinimalTopology-0-20240420-23:16:15-2572,scalar,LoRa.server[0],noOfCollidedPackets: 9,,,0
LoRaSim-MinimalTopology-0-20240420-23:16:15-2572,scalar,LoRa.server[0],noOfSuccessPackets: 9,,,0
LoRaSim-MinimalTopology-0-20240420-23:16:15-2572,scalar,LoRa.server[0],noOfHostsInSFTier: 9,,,539
LoRaSim-MinimalTopology-0-20240420-23:16:15-2572,scalar,LoRa.server[0],SF: 10,,,0
LoRaSim-MinimalTopology-0-20240420-23:16:15-2572,scalar,LoRa.server[0],rcvCounter: 10,,,0
LoRaSim-MinimalTopology-0-20240420-23:16:15-2572,scalar,LoRa.server[0],noOfCollidedPackets: 10,,,0
LoRaSim-MinimalTopology-0-20240420-23:16:15-2572,scalar,LoRa.server[0],noOfSuccessPackets: 10,,,0
LoRaSim-MinimalTopology-0-20240420-23:16:15-2572,scalar,LoRa.server[0],noOfHostsInSFTier: 10,,,767
LoRaSim-MinimalTopology-0-20240420-23:16:15-2572,scalar,LoRa.server[0],SF: 11,,,0
LoRaSim-MinimalTopology-0-20240420-23:16:15-2572,scalar,LoRa.server[0],rcvCounter: 11,,,0
LoRaSim-MinimalTopology-0-20240420-23:16:15-2572,scalar,LoRa.server[0],noOfCollidedPackets: 11,,,0
LoRaSim-MinimalTopology-0-20240420-23:16:15-2572,scalar,LoRa.server[0],noOfSuccessPackets: 11,,,0
LoRaSim-MinimalTopology-0-20240420-23:16:15-2572,scalar,LoRa.server[0],noOfHostsInSFTier: 11,,,1043
LoRaSim-MinimalTopology-0-20240420-23:16:15-2572,scalar,LoRa.server[0],SF: 12,,,0
LoRaSim-MinimalTopology-0-20240420-23:16:15-2572,scalar,LoRa.server[0],rcvCounter: 12,,,0
LoRaSim-MinimalTopology-0-20240420-23:16:15-2572,scalar,LoRa.server[0],noOfCollidedPackets: 12,,,0
LoRaSim-MinimalTopology-0-20240420-23:16:15-2572,scalar,LoRa.server[0],noOfSuccessPackets: 12,,,0
LoRaSim-MinimalTopology-0-20240420-23:16:15-2572,scalar,LoRa.server[0],noOfHostsInSFTier: 12,,,1577
LoRaSim-MinimalTopology-0-20240420-23:16:15-2572,scalar,LoRa.server[0],totalSuccessRate,,,0.75282638888889
LoRaSim-MinimalTopology-0-20240420-23:16:15-2572,scalar,LoRa.server[0],totalSuccessProb,,,0.98551220901692
LoRaSim-MinimalTopology-0-20240420-23:16:15-2572,scalar,LoRa.server[0],duration,,,432000
LoRaSim-MinimalTopology-0-20240420-23:16:15-2572,scalar,LoRa.server[1],SF: 7,,,0.71353240740741
LoRaSim-MinimalTopology-0-20240420-23:16:15-2572,scalar,LoRa.server[1],rcvCounter: 7,,,312715
LoRaSim-MinimalTopology-0-20240420-23:16:15-2572,scalar,LoRa.server[1],noOfCollidedPackets: 7,,,4469
LoRaSim-MinimalTopology-0-20240420-23:16:15-2572,scalar,LoRa.server[1],noOfSuccessPackets: 7,,,308246
LoRaSim-MinimalTopology-0-20240420-23:16:15-2572,scalar,LoRa.server[1],noOfHostsInSFTier: 7,,,739
LoRaSim-MinimalTopology-0-20240420-23:16:15-2572,scalar,LoRa.server[1],SF: 8,,,0
LoRaSim-MinimalTopology-0-20240420-23:16:15-2572,scalar,LoRa.server[1],rcvCounter: 8,,,0
LoRaSim-MinimalTopology-0-20240420-23:16:15-2572,scalar,LoRa.server[1],noOfCollidedPackets: 8,,,0
LoRaSim-MinimalTopology-0-20240420-23:16:15-2572,scalar,LoRa.server[1],noOfSuccessPackets: 8,,,0
LoRaSim-MinimalTopology-0-20240420-23:16:15-2572,scalar,LoRa.server[1],noOfHostsInSFTier: 8,,,331
LoRaSim-MinimalTopology-0-20240420-23:16:15-2572,scalar,LoRa.server[1],SF: 9,,,0
LoRaSim-MinimalTopology-0-20240420-23:16:15-2572,scalar,LoRa.server[1],rcvCounter: 9,,,0
LoRaSim-MinimalTopology-0-20240420-23:16:15-2572,scalar,LoRa.server[1],noOfCollidedPackets: 9,,,0
LoRaSim-MinimalTopology-0-20240420-23:16:15-2572,scalar,LoRa.server[1],noOfSuccessPackets: 9,,,0
LoRaSim-MinimalTopology-0-20240420-23:16:15-2572,scalar,LoRa.server[1],noOfHostsInSFTier: 9,,,539
LoRaSim-MinimalTopology-0-20240420-23:16:15-2572,scalar,LoRa.server[1],SF: 10,,,0
LoRaSim-MinimalTopology-0-20240420-23:16:15-2572,scalar,LoRa.server[1],rcvCounter: 10,,,0
LoRaSim-MinimalTopology-0-20240420-23:16:15-2572,scalar,LoRa.server[1],noOfCollidedPackets: 10,,,0
LoRaSim-MinimalTopology-0-20240420-23:16:15-2572,scalar,LoRa.server[1],noOfSuccessPackets: 10,,,0
LoRaSim-MinimalTopology-0-20240420-23:16:15-2572,scalar,LoRa.server[1],noOfHostsInSFTier: 10,,,767
LoRaSim-MinimalTopology-0-20240420-23:16:15-2572,scalar,LoRa.server[1],SF: 11,,,0
LoRaSim-MinimalTopology-0-20240420-23:16:15-2572,scalar,LoRa.server[1],rcvCounter: 11,,,0
LoRaSim-MinimalTopology-0-20240420-23:16:15-2572,scalar,LoRa.server[1],noOfCollidedPackets: 11,,,0
LoRaSim-MinimalTopology-0-20240420-23:16:15-2572,scalar,LoRa.server[1],noOfSuccessPackets: 11,,,0
LoRaSim-MinimalTopology-0-20240420-23:16:15-2572,scalar,LoRa.server[1],noOfHostsInSFTier: 11,,,1043
LoRaSim-MinimalTopology-0-20240420-23:16:15-2572,scalar,LoRa.server[1],SF: 12,,,0
LoRaSim-MinimalTopology-0-20240420-23:16:15-2572,scalar,LoRa.server[1],rcvCounter: 12,,,0
LoRaSim-MinimalTopology-0-20240420-23:16:15-2572,scalar,LoRa.server[1],noOfCollidedPackets: 12,,,0
LoRaSim-MinimalTopology-0-20240420-23:16:15-2572,scalar,LoRa.server[1],noOfSuccessPackets: 12,,,0
LoRaSim-MinimalTopology-0-20240420-23:16:15-2572,scalar,LoRa.server[1],noOfHostsInSFTier: 12,,,1577
LoRaSim-MinimalTopology-0-20240420-23:16:15-2572,scalar,LoRa.server[1],totalSuccessRate,,,0.71353240740741
LoRaSim-MinimalTopology-0-20240420-23:16:15-2572,scalar,LoRa.server[1],totalSuccessProb,,,0.98570903218586
LoRaSim-MinimalTopology-0-20240420-23:16:15-2572,scalar,LoRa.server[1],duration,,,432000
LoRaSim-MinimalTopology-0-20240420-23:16:15-2572,scalar,LoRa.server[2],SF: 7,,,0.80741203703704
LoRaSim-MinimalTopology-0-20240420-23:16:15-2572,scalar,LoRa.server[2],rcvCounter: 7,,,354405
LoRaSim-MinimalTopology-0-20240420-23:16:15-2572,scalar,LoRa.server[2],noOfCollidedPackets: 7,,,5603
LoRaSim-MinimalTopology-0-20240420-23:16:15-2572,scalar,LoRa.server[2],noOfSuccessPackets: 7,,,348802
LoRaSim-MinimalTopology-0-20240420-23:16:15-2572,scalar,LoRa.server[2],noOfHostsInSFTier: 7,,,739
LoRaSim-MinimalTopology-0-20240420-23:16:15-2572,scalar,LoRa.server[2],SF: 8,,,0
LoRaSim-MinimalTopology-0-20240420-23:16:15-2572,scalar,LoRa.server[2],rcvCounter: 8,,,0
LoRaSim-MinimalTopology-0-20240420-23:16:15-2572,scalar,LoRa.server[2],noOfCollidedPackets: 8,,,0
LoRaSim-MinimalTopology-0-20240420-23:16:15-2572,scalar,LoRa.server[2],noOfSuccessPackets: 8,,,0
LoRaSim-MinimalTopology-0-20240420-23:16:15-2572,scalar,LoRa.server[2],noOfHostsInSFTier: 8,,,331
LoRaSim-MinimalTopology-0-20240420-23:16:15-2572,scalar,LoRa.server[2],SF: 9,,,0
LoRaSim-MinimalTopology-0-20240420-23:16:15-2572,scalar,LoRa.server[2],rcvCounter: 9,,,0
LoRaSim-MinimalTopology-0-20240420-23:16:15-2572,scalar,LoRa.server[2],noOfCollidedPackets: 9,,,0
LoRaSim-MinimalTopology-0-20240420-23:16:15-2572,scalar,LoRa.server[2],noOfSuccessPackets: 9,,,0
LoRaSim-MinimalTopology-0-20240420-23:16:15-2572,scalar,LoRa.server[2],noOfHostsInSFTier: 9,,,539
LoRaSim-MinimalTopology-0-20240420-23:16:15-2572,scalar,LoRa.server[2],SF: 10,,,0
LoRaSim-MinimalTopology-0-20240420-23:16:15-2572,scalar,LoRa.server[2],rcvCounter: 10,,,0
LoRaSim-MinimalTopology-0-20240420-23:16:15-2572,scalar,LoRa.server[2],noOfCollidedPackets: 10,,,0
LoRaSim-MinimalTopology-0-20240420-23:16:15-2572,scalar,LoRa.server[2],noOfSuccessPackets: 10,,,0
LoRaSim-MinimalTopology-0-20240420-23:16:15-2572,scalar,LoRa.server[2],noOfHostsInSFTier: 10,,,767
LoRaSim-MinimalTopology-0-20240420-23:16:15-2572,scalar,LoRa.server[2],SF: 11,,,0
LoRaSim-MinimalTopology-0-20240420-23:16:15-2572,scalar,LoRa.server[2],rcvCounter: 11,,,0
LoRaSim-MinimalTopology-0-20240420-23:16:15-2572,scalar,LoRa.server[2],noOfCollidedPackets: 11,,,0
LoRaSim-MinimalTopology-0-20240420-23:16:15-2572,scalar,LoRa.server[2],noOfSuccessPackets: 11,,,0
LoRaSim-MinimalTopology-0-20240420-23:16:15-2572,scalar,LoRa.server[2],noOfHostsInSFTier: 11,,,1043
LoRaSim-MinimalTopology-0-20240420-23:16:15-2572,scalar,LoRa.server[2],SF: 12,,,0
LoRaSim-MinimalTopology-0-20240420-23:16:15-2572,scalar,LoRa.server[2],rcvCounter: 12,,,0
LoRaSim-MinimalTopology-0-20240420-23:16:15-2572,scalar,LoRa.server[2],noOfCollidedPackets: 12,,,0
LoRaSim-MinimalTopology-0-20240420-23:16:15-2572,scalar,LoRa.server[2],noOfSuccessPackets: 12,,,0
LoRaSim-MinimalTopology-0-20240420-23:16:15-2572,scalar,LoRa.server[2],noOfHostsInSFTier: 12,,,1577
LoRaSim-MinimalTopology-0-20240420-23:16:15-2572,scalar,LoRa.server[2],totalSuccessRate,,,0.80741203703704
LoRaSim-MinimalTopology-0-20240420-23:16:15-2572,scalar,LoRa.server[2],totalSuccessProb,,,0.98419040363426
LoRaSim-MinimalTopology-0-20240420-23:16:15-2572,scalar,LoRa.server[2],duration,,,432000
LoRaSim-MinimalTopology-0-20240420-23:16:15-2572,scalar,LoRa.server[3],SF: 7,,,0.72400925925926
LoRaSim-MinimalTopology-0-20240420-23:16:15-2572,scalar,LoRa.server[3],rcvCounter: 7,,,317325
LoRaSim-MinimalTopology-0-20240420-23:16:15-2572,scalar,LoRa.server[3],noOfCollidedPackets: 7,,,4553
LoRaSim-MinimalTopology-0-20240420-23:16:15-2572,scalar,LoRa.server[3],noOfSuccessPackets: 7,,,312772
LoRaSim-MinimalTopology-0-20240420-23:16:15-2572,scalar,LoRa.server[3],noOfHostsInSFTier: 7,,,739
LoRaSim-MinimalTopology-0-20240420-23:16:15-2572,scalar,LoRa.server[3],SF: 8,,,0
LoRaSim-MinimalTopology-0-20240420-23:16:15-2572,scalar,LoRa.server[3],rcvCounter: 8,,,0
LoRaSim-MinimalTopology-0-20240420-23:16:15-2572,scalar,LoRa.server[3],noOfCollidedPackets: 8,,,0
LoRaSim-MinimalTopology-0-20240420-23:16:15-2572,scalar,LoRa.server[3],noOfSuccessPackets: 8,,,0
LoRaSim-MinimalTopology-0-20240420-23:16:15-2572,scalar,LoRa.server[3],noOfHostsInSFTier: 8,,,331
LoRaSim-MinimalTopology-0-20240420-23:16:15-2572,scalar,LoRa.server[3],SF: 9,,,0
LoRaSim-MinimalTopology-0-20240420-23:16:15-2572,scalar,LoRa.server[3],rcvCounter: 9,,,0
LoRaSim-MinimalTopology-0-20240420-23:16:15-2572,scalar,LoRa.server[3],noOfCollidedPackets: 9,,,0
LoRaSim-MinimalTopology-0-20240420-23:16:15-2572,scalar,LoRa.server[3],noOfSuccessPackets: 9,,,0
LoRaSim-MinimalTopology-0-20240420-23:16:15-2572,scalar,LoRa.server[3],noOfHostsInSFTier: 9,,,539
LoRaSim-MinimalTopology-0-20240420-23:16:15-2572,scalar,LoRa.server[3],SF: 10,,,0
LoRaSim-MinimalTopology-0-20240420-23:16:15-2572,scalar,LoRa.server[3],rcvCounter: 10,,,0
LoRaSim-MinimalTopology-0-20240420-23:16:15-2572,scalar,LoRa.server[3],noOfCollidedPackets: 10,,,0
LoRaSim-MinimalTopology-0-20240420-23:16:15-2572,scalar,LoRa.server[3],noOfSuccessPackets: 10,,,0
LoRaSim-MinimalTopology-0-20240420-23:16:15-2572,scalar,LoRa.server[3],noOfHostsInSFTier: 10,,,767
LoRaSim-MinimalTopology-0-20240420-23:16:15-2572,scalar,LoRa.server[3],SF: 11,,,0
LoRaSim-MinimalTopology-0-20240420-23:16:15-2572,scalar,LoRa.server[3],rcvCounter: 11,,,0
LoRaSim-MinimalTopology-0-20240420-23:16:15-2572,scalar,LoRa.server[3],noOfCollidedPackets: 11,,,0
LoRaSim-MinimalTopology-0-20240420-23:16:15-2572,scalar,LoRa.server[3],noOfSuccessPackets: 11,,,0
LoRaSim-MinimalTopology-0-20240420-23:16:15-2572,scalar,LoRa.server[3],noOfHostsInSFTier: 11,,,1043
LoRaSim-MinimalTopology-0-20240420-23:16:15-2572,scalar,LoRa.server[3],SF: 12,,,0
LoRaSim-MinimalTopology-0-20240420-23:16:15-2572,scalar,LoRa.server[3],rcvCounter: 12,,,0
LoRaSim-MinimalTopology-0-20240420-23:16:15-2572,scalar,LoRa.server[3],noOfCollidedPackets: 12,,,0
LoRaSim-MinimalTopology-0-20240420-23:16:15-2572,scalar,LoRa.server[3],noOfSuccessPackets: 12,,,0
LoRaSim-MinimalTopology-0-20240420-23:16:15-2572,scalar,LoRa.server[3],noOfHostsInSFTier: 12,,,1577
LoRaSim-MinimalTopology-0-20240420-23:16:15-2572,scalar,LoRa.server[3],totalSuccessRate,,,0.72400925925926
LoRaSim-MinimalTopology-0-20240420-23:16:15-2572,scalar,LoRa.server[3],totalSuccessProb,,,0.98565193413693
LoRaSim-MinimalTopology-0-20240420-23:16:15-2572,scalar,LoRa.server[3],duration,,,432000
LoRaSim-MinimalTopology-0-20240420-23:16:15-2572,scalar,LoRa.server[4],SF: 7,,,0.77477083333333
LoRaSim-MinimalTopology-0-20240420-23:16:15-2572,scalar,LoRa.server[4],rcvCounter: 7,,,339822
LoRaSim-MinimalTopology-0-20240420-23:16:15-2572,scalar,LoRa.server[4],noOfCollidedPackets: 7,,,5121
LoRaSim-MinimalTopology-0-20240420-23:16:15-2572,scalar,LoRa.server[4],noOfSuccessPackets: 7,,,334701
LoRaSim-MinimalTopology-0-20240420-23:16:15-2572,scalar,LoRa.server[4],noOfHostsInSFTier: 7,,,739
LoRaSim-MinimalTopology-0-20240420-23:16:15-2572,scalar,LoRa.server[4],SF: 8,,,0
LoRaSim-MinimalTopology-0-20240420-23:16:15-2572,scalar,LoRa.server[4],rcvCounter: 8,,,0
LoRaSim-MinimalTopology-0-20240420-23:16:15-2572,scalar,LoRa.server[4],noOfCollidedPackets: 8,,,0
LoRaSim-MinimalTopology-0-20240420-23:16:15-2572,scalar,LoRa.server[4],noOfSuccessPackets: 8,,,0
LoRaSim-MinimalTopology-0-20240420-23:16:15-2572,scalar,LoRa.server[4],noOfHostsInSFTier: 8,,,331
LoRaSim-MinimalTopology-0-20240420-23:16:15-2572,scalar,LoRa.server[4],SF: 9,,,0
LoRaSim-MinimalTopology-0-20240420-23:16:15-2572,scalar,LoRa.server[4],rcvCounter: 9,,,0
LoRaSim-MinimalTopology-0-20240420-23:16:15-2572,scalar,LoRa.server[4],noOfCollidedPackets: 9,,,0
LoRaSim-MinimalTopology-0-20240420-23:16:15-2572,scalar,LoRa.server[4],noOfSuccessPackets: 9,,,0
LoRaSim-MinimalTopology-0-20240420-23:16:15-2572,scalar,LoRa.server[4],noOfHostsInSFTier: 9,,,539
LoRaSim-MinimalTopology-0-20240420-23:16:15-2572,scalar,LoRa.server[4],SF: 10,,,0
LoRaSim-MinimalTopology-0-20240420-23:16:15-2572,scalar,LoRa.server[4],rcvCounter: 10,,,0
LoRaSim-MinimalTopology-0-20240420-23:16:15-2572,scalar,LoRa.server[4],noOfCollidedPackets: 10,,,0
LoRaSim-MinimalTopology-0-20240420-23:16:15-2572,scalar,LoRa.server[4],noOfSuccessPackets: 10,,,0
LoRaSim-MinimalTopology-0-20240420-23:16:15-2572,scalar,LoRa.server[4],noOfHostsInSFTier: 10,,,767
LoRaSim-MinimalTopology-0-20240420-23:16:15-2572,scalar,LoRa.server[4],SF: 11,,,0
LoRaSim-MinimalTopology-0-20240420-23:16:15-2572,scalar,LoRa.server[4],rcvCounter: 11,,,0
LoRaSim-MinimalTopology-0-20240420-23:16:15-2572,scalar,LoRa.server[4],noOfCollidedPackets: 11,,,0
LoRaSim-MinimalTopology-0-20240420-23:16:15-2572,scalar,LoRa.server[4],noOfSuccessPackets: 11,,,0
LoRaSim-MinimalTopology-0-20240420-23:16:15-2572,scalar,LoRa.server[4],noOfHostsInSFTier: 11,,,1043
LoRaSim-MinimalTopology-0-20240420-23:16:15-2572,scalar,LoRa.server[4],SF: 12,,,0
LoRaSim-MinimalTopology-0-20240420-23:16:15-2572,scalar,LoRa.server[4],rcvCounter: 12,,,0
LoRaSim-MinimalTopology-0-20240420-23:16:15-2572,scalar,LoRa.server[4],noOfCollidedPackets: 12,,,0
LoRaSim-MinimalTopology-0-20240420-23:16:15-2572,scalar,LoRa.server[4],noOfSuccessPackets: 12,,,0
LoRaSim-MinimalTopology-0-20240420-23:16:15-2572,scalar,LoRa.server[4],noOfHostsInSFTier: 12,,,1577
LoRaSim-MinimalTopology-0-20240420-23:16:15-2572,scalar,LoRa.server[4],totalSuccessRate,,,0.77477083333333
LoRaSim-MinimalTopology-0-20240420-23:16:15-2572,scalar,LoRa.server[4],totalSuccessProb,,,0.98493034588696
LoRaSim-MinimalTopology-0-20240420-23:16:15-2572,scalar,LoRa.server[4],duration,,,432000
LoRaSim-MinimalTopology-0-20240420-23:16:15-2572,scalar,LoRa.server[5],SF: 7,,,0.72694212962963
LoRaSim-MinimalTopology-0-20240420-23:16:15-2572,scalar,LoRa.server[5],rcvCounter: 7,,,318460
LoRaSim-MinimalTopology-0-20240420-23:16:15-2572,scalar,LoRa.server[5],noOfCollidedPackets: 7,,,4421
LoRaSim-MinimalTopology-0-20240420-23:16:15-2572,scalar,LoRa.server[5],noOfSuccessPackets: 7,,,314039
LoRaSim-MinimalTopology-0-20240420-23:16:15-2572,scalar,LoRa.server[5],noOfHostsInSFTier: 7,,,739
LoRaSim-MinimalTopology-0-20240420-23:16:15-2572,scalar,LoRa.server[5],SF: 8,,,0
LoRaSim-MinimalTopology-0-20240420-23:16:15-2572,scalar,LoRa.server[5],rcvCounter: 8,,,0
LoRaSim-MinimalTopology-0-20240420-23:16:15-2572,scalar,LoRa.server[5],noOfCollidedPackets: 8,,,0
LoRaSim-MinimalTopology-0-20240420-23:16:15-2572,scalar,LoRa.server[5],noOfSuccessPackets: 8,,,0
LoRaSim-MinimalTopology-0-20240420-23:16:15-2572,scalar,LoRa.server[5],noOfHostsInSFTier: 8,,,331
LoRaSim-MinimalTopology-0-20240420-23:16:15-2572,scalar,LoRa.server[5],SF: 9,,,0
LoRaSim-MinimalTopology-0-20240420-23:16:15-2572,scalar,LoRa.server[5],rcvCounter: 9,,,0
LoRaSim-MinimalTopology-0-20240420-23:16:15-2572,scalar,LoRa.server[5],noOfCollidedPackets: 9,,,0
LoRaSim-MinimalTopology-0-20240420-23:16:15-2572,scalar,LoRa.server[5],noOfSuccessPackets: 9,,,0
LoRaSim-MinimalTopology-0-20240420-23:16:15-2572,scalar,LoRa.server[5],noOfHostsInSFTier: 9,,,539
LoRaSim-MinimalTopology-0-20240420-23:16:15-2572,scalar,LoRa.server[5],SF: 10,,,0
LoRaSim-MinimalTopology-0-20240420-23:16:15-2572,scalar,LoRa.server[5],rcvCounter: 10,,,0
LoRaSim-MinimalTopology-0-20240420-23:16:15-2572,scalar,LoRa.server[5],noOfCollidedPackets: 10,,,0
LoRaSim-MinimalTopology-0-20240420-23:16:15-2572,scalar,LoRa.server[5],noOfSuccessPackets: 10,,,0
LoRaSim-MinimalTopology-0-20240420-23:16:15-2572,scalar,LoRa.server[5],noOfHostsInSFTier: 10,,,767
LoRaSim-MinimalTopology-0-20240420-23:16:15-2572,scalar,LoRa.server[5],SF: 11,,,0
LoRaSim-MinimalTopology-0-20240420-23:16:15-2572,scalar,LoRa.server[5],rcvCounter: 11,,,0
LoRaSim-MinimalTopology-0-20240420-23:16:15-2572,scalar,LoRa.server[5],noOfCollidedPackets: 11,,,0
LoRaSim-MinimalTopology-0-20240420-23:16:15-2572,scalar,LoRa.server[5],noOfSuccessPackets: 11,,,0
LoRaSim-MinimalTopology-0-20240420-23:16:15-2572,scalar,LoRa.server[5],noOfHostsInSFTier: 11,,,1043
LoRaSim-MinimalTopology-0-20240420-23:16:15-2572,scalar,LoRa.server[5],SF: 12,,,0
LoRaSim-MinimalTopology-0-20240420-23:16:15-2572,scalar,LoRa.server[5],rcvCounter: 12,,,0
LoRaSim-MinimalTopology-0-20240420-23:16:15-2572,scalar,LoRa.server[5],noOfCollidedPackets: 12,,,0
LoRaSim-MinimalTopology-0-20240420-23:16:15-2572,scalar,LoRa.server[5],noOfSuccessPackets: 12,,,0
LoRaSim-MinimalTopology-0-20240420-23:16:15-2572,scalar,LoRa.server[5],noOfHostsInSFTier: 12,,,1577
LoRaSim-MinimalTopology-0-20240420-23:16:15-2572,scalar,LoRa.server[5],totalSuccessRate,,,0.72694212962963
LoRaSim-MinimalTopology-0-20240420-23:16:15-2572,scalar,LoRa.server[5],totalSuccessProb,,,0.98611756578534
LoRaSim-MinimalTopology-0-20240420-23:16:15-2572,scalar,LoRa.server[5],duration,,,432000
LoRaSim-MinimalTopology-0-20240420-23:16:15-2572,scalar,LoRa.server[6],SF: 7,,,0.72642592592593
LoRaSim-MinimalTopology-0-20240420-23:16:15-2572,scalar,LoRa.server[6],rcvCounter: 7,,,318322
LoRaSim-MinimalTopology-0-20240420-23:16:15-2572,scalar,LoRa.server[6],noOfCollidedPackets: 7,,,4506
LoRaSim-MinimalTopology-0-20240420-23:16:15-2572,scalar,LoRa.server[6],noOfSuccessPackets: 7,,,313816
LoRaSim-MinimalTopology-0-20240420-23:16:15-2572,scalar,LoRa.server[6],noOfHostsInSFTier: 7,,,739
LoRaSim-MinimalTopology-0-20240420-23:16:15-2572,scalar,LoRa.server[6],SF: 8,,,0
LoRaSim-MinimalTopology-0-20240420-23:16:15-2572,scalar,LoRa.server[6],rcvCounter: 8,,,0
LoRaSim-MinimalTopology-0-20240420-23:16:15-2572,scalar,LoRa.server[6],noOfCollidedPackets: 8,,,0
LoRaSim-MinimalTopology-0-20240420-23:16:15-2572,scalar,LoRa.server[6],noOfSuccessPackets: 8,,,0
LoRaSim-MinimalTopology-0-20240420-23:16:15-2572,scalar,LoRa.server[6],noOfHostsInSFTier: 8,,,331
LoRaSim-MinimalTopology-0-20240420-23:16:15-2572,scalar,LoRa.server[6],SF: 9,,,0
LoRaSim-MinimalTopology-0-20240420-23:16:15-2572,scalar,LoRa.server[6],rcvCounter: 9,,,0
LoRaSim-MinimalTopology-0-20240420-23:16:15-2572,scalar,LoRa.server[6],noOfCollidedPackets: 9,,,0
LoRaSim-MinimalTopology-0-20240420-23:16:15-2572,scalar,LoRa.server[6],noOfSuccessPackets: 9,,,0
LoRaSim-MinimalTopology-0-20240420-23:16:15-2572,scalar,LoRa.server[6],noOfHostsInSFTier: 9,,,539
LoRaSim-MinimalTopology-0-20240420-23:16:15-2572,scalar,LoRa.server[6],SF: 10,,,0
LoRaSim-MinimalTopology-0-20240420-23:16:15-2572,scalar,LoRa.server[6],rcvCounter: 10,,,0
LoRaSim-MinimalTopology-0-20240420-23:16:15-2572,scalar,LoRa.server[6],noOfCollidedPackets: 10,,,0
LoRaSim-MinimalTopology-0-20240420-23:16:15-2572,scalar,LoRa.server[6],noOfSuccessPackets: 10,,,0
LoRaSim-MinimalTopology-0-20240420-23:16:15-2572,scalar,LoRa.server[6],noOfHostsInSFTier: 10,,,767
LoRaSim-MinimalTopology-0-20240420-23:16:15-2572,scalar,LoRa.server[6],SF: 11,,,0
LoRaSim-MinimalTopology-0-20240420-23:16:15-2572,scalar,LoRa.server[6],rcvCounter: 11,,,0
LoRaSim-MinimalTopology-0-20240420-23:16:15-2572,scalar,LoRa.server[6],noOfCollidedPackets: 11,,,0
LoRaSim-MinimalTopology-0-20240420-23:16:15-2572,scalar,LoRa.server[6],noOfSuccessPackets: 11,,,0
LoRaSim-MinimalTopology-0-20240420-23:16:15-2572,scalar,LoRa.server[6],noOfHostsInSFTier: 11,,,1043
LoRaSim-MinimalTopology-0-20240420-23:16:15-2572,scalar,LoRa.server[6],SF: 12,,,0
LoRaSim-MinimalTopology-0-20240420-23:16:15-2572,scalar,LoRa.server[6],rcvCounter: 12,,,0
LoRaSim-MinimalTopology-0-20240420-23:16:15-2572,scalar,LoRa.server[6],noOfCollidedPackets: 12,,,0
LoRaSim-MinimalTopology-0-20240420-23:16:15-2572,scalar,LoRa.server[6],noOfSuccessPackets: 12,,,0
LoRaSim-MinimalTopology-0-20240420-23:16:15-2572,scalar,LoRa.server[6],noOfHostsInSFTier: 12,,,1577
LoRaSim-MinimalTopology-0-20240420-23:16:15-2572,scalar,LoRa.server[6],totalSuccessRate,,,0.72642592592593
LoRaSim-MinimalTopology-0-20240420-23:16:15-2572,scalar,LoRa.server[6],totalSuccessProb,,,0.98584452221336
LoRaSim-MinimalTopology-0-20240420-23:16:15-2572,scalar,LoRa.server[6],duration,,,432000
LoRaSim-MinimalTopology-0-20240420-23:16:15-2572,scalar,LoRa.server[7],SF: 7,,,0.78200462962963
LoRaSim-MinimalTopology-0-20240420-23:16:15-2572,scalar,LoRa.server[7],rcvCounter: 7,,,343106
LoRaSim-MinimalTopology-0-20240420-23:16:15-2572,scalar,LoRa.server[7],noOfCollidedPackets: 7,,,5280
LoRaSim-MinimalTopology-0-20240420-23:16:15-2572,scalar,LoRa.server[7],noOfSuccessPackets: 7,,,337826
LoRaSim-MinimalTopology-0-20240420-23:16:15-2572,scalar,LoRa.server[7],noOfHostsInSFTier: 7,,,739
LoRaSim-MinimalTopology-0-20240420-23:16:15-2572,scalar,LoRa.server[7],SF: 8,,,0
LoRaSim-MinimalTopology-0-20240420-23:16:15-2572,scalar,LoRa.server[7],rcvCounter: 8,,,0
LoRaSim-MinimalTopology-0-20240420-23:16:15-2572,scalar,LoRa.server[7],noOfCollidedPackets: 8,,,0
LoRaSim-MinimalTopology-0-20240420-23:16:15-2572,scalar,LoRa.server[7],noOfSuccessPackets: 8,,,0
LoRaSim-MinimalTopology-0-20240420-23:16:15-2572,scalar,LoRa.server[7],noOfHostsInSFTier: 8,,,331
LoRaSim-MinimalTopology-0-20240420-23:16:15-2572,scalar,LoRa.server[7],SF: 9,,,0
LoRaSim-MinimalTopology-0-20240420-23:16:15-2572,scalar,LoRa.server[7],rcvCounter: 9,,,0
LoRaSim-MinimalTopology-0-20240420-23:16:15-2572,scalar,LoRa.server[7],noOfCollidedPackets: 9,,,0
LoRaSim-MinimalTopology-0-20240420-23:16:15-2572,scalar,LoRa.server[7],noOfSuccessPackets: 9,,,0
LoRaSim-MinimalTopology-0-20240420-23:16:15-2572,scalar,LoRa.server[7],noOfHostsInSFTier: 9,,,539
LoRaSim-MinimalTopology-0-20240420-23:16:15-2572,scalar,LoRa.server[7],SF: 10,,,0
LoRaSim-MinimalTopology-0-20240420-23:16:15-2572,scalar,LoRa.server[7],rcvCounter: 10,,,0
LoRaSim-MinimalTopology-0-20240420-23:16:15-2572,scalar,LoRa.server[7],noOfCollidedPackets: 10,,,0
LoRaSim-MinimalTopology-0-20240420-23:16:15-2572,scalar,LoRa.server[7],noOfSuccessPackets: 10,,,0
LoRaSim-MinimalTopology-0-20240420-23:16:15-2572,scalar,LoRa.server[7],noOfHostsInSFTier: 10,,,767
LoRaSim-MinimalTopology-0-20240420-23:16:15-2572,scalar,LoRa.server[7],SF: 11,,,0
LoRaSim-MinimalTopology-0-20240420-23:16:15-2572,scalar,LoRa.server[7],rcvCounter: 11,,,0
LoRaSim-MinimalTopology-0-20240420-23:16:15-2572,scalar,LoRa.server[7],noOfCollidedPackets: 11,,,0
LoRaSim-MinimalTopology-0-20240420-23:16:15-2572,scalar,LoRa.server[7],noOfSuccessPackets: 11,,,0
LoRaSim-MinimalTopology-0-20240420-23:16:15-2572,scalar,LoRa.server[7],noOfHostsInSFTier: 11,,,1043
LoRaSim-MinimalTopology-0-20240420-23:16:15-2572,scalar,LoRa.server[7],SF: 12,,,0
LoRaSim-MinimalTopology-0-20240420-23:16:15-2572,scalar,LoRa.server[7],rcvCounter: 12,,,0
LoRaSim-MinimalTopology-0-20240420-23:16:15-2572,scalar,LoRa.server[7],noOfCollidedPackets: 12,,,0
LoRaSim-MinimalTopology-0-20240420-23:16:15-2572,scalar,LoRa.server[7],noOfSuccessPackets: 12,,,0
LoRaSim-MinimalTopology-0-20240420-23:16:15-2572,scalar,LoRa.server[7],noOfHostsInSFTier: 12,,,1577
LoRaSim-MinimalTopology-0-20240420-23:16:15-2572,scalar,LoRa.server[7],totalSuccessRate,,,0.78200462962963
LoRaSim-MinimalTopology-0-20240420-23:16:15-2572,scalar,LoRa.server[7],totalSuccessProb,,,0.98461116972597
LoRaSim-MinimalTopology-0-20240420-23:16:15-2572,scalar,LoRa.server[7],duration,,,432000
LoRaSim-MinimalTopology-0-20240420-23:16:15-2572,scalar,LoRa.server[8],SF: 7,,,2.0997175925926
LoRaSim-MinimalTopology-0-20240420-23:16:15-2572,scalar,LoRa.server[8],rcvCounter: 7,,,946741
LoRaSim-MinimalTopology-0-20240420-23:16:15-2572,scalar,LoRa.server[8],noOfCollidedPackets: 7,,,39663
LoRaSim-MinimalTopology-0-20240420-23:16:15-2572,scalar,LoRa.server[8],noOfSuccessPackets: 7,,,907078
LoRaSim-MinimalTopology-0-20240420-23:16:15-2572,scalar,LoRa.server[8],noOfHostsInSFTier: 7,,,739
LoRaSim-MinimalTopology-0-20240420-23:16:15-2572,scalar,LoRa.server[8],SF: 8,,,0
LoRaSim-MinimalTopology-0-20240420-23:16:15-2572,scalar,LoRa.server[8],rcvCounter: 8,,,0
LoRaSim-MinimalTopology-0-20240420-23:16:15-2572,scalar,LoRa.server[8],noOfCollidedPackets: 8,,,0
LoRaSim-MinimalTopology-0-20240420-23:16:15-2572,scalar,LoRa.server[8],noOfSuccessPackets: 8,,,0
LoRaSim-MinimalTopology-0-20240420-23:16:15-2572,scalar,LoRa.server[8],noOfHostsInSFTier: 8,,,331
LoRaSim-MinimalTopology-0-20240420-23:16:15-2572,scalar,LoRa.server[8],SF: 9,,,0
LoRaSim-MinimalTopology-0-20240420-23:16:15-2572,scalar,LoRa.server[8],rcvCounter: 9,,,0
LoRaSim-MinimalTopology-0-20240420-23:16:15-2572,scalar,LoRa.server[8],noOfCollidedPackets: 9,,,0
LoRaSim-MinimalTopology-0-20240420-23:16:15-2572,scalar,LoRa.server[8],noOfSuccessPackets: 9,,,0
LoRaSim-MinimalTopology-0-20240420-23:16:15-2572,scalar,LoRa.server[8],noOfHostsInSFTier: 9,,,539
LoRaSim-MinimalTopology-0-20240420-23:16:15-2572,scalar,LoRa.server[8],SF: 10,,,0
LoRaSim-MinimalTopology-0-20240420-23:16:15-2572,scalar,LoRa.server[8],rcvCounter: 10,,,0
LoRaSim-MinimalTopology-0-20240420-23:16:15-2572,scalar,LoRa.server[8],noOfCollidedPackets: 10,,,0
LoRaSim-MinimalTopology-0-20240420-23:16:15-2572,scalar,LoRa.server[8],noOfSuccessPackets: 10,,,0
LoRaSim-MinimalTopology-0-20240420-23:16:15-2572,scalar,LoRa.server[8],noOfHostsInSFTier: 10,,,767
LoRaSim-MinimalTopology-0-20240420-23:16:15-2572,scalar,LoRa.server[8],SF: 11,,,0
LoRaSim-MinimalTopology-0-20240420-23:16:15-2572,scalar,LoRa.server[8],rcvCounter: 11,,,0
LoRaSim-MinimalTopology-0-20240420-23:16:15-2572,scalar,LoRa.server[8],noOfCollidedPackets: 11,,,0
LoRaSim-MinimalTopology-0-20240420-23:16:15-2572,scalar,LoRa.server[8],noOfSuccessPackets: 11,,,0
LoRaSim-MinimalTopology-0-20240420-23:16:15-2572,scalar,LoRa.server[8],noOfHostsInSFTier: 11,,,1043
LoRaSim-MinimalTopology-0-20240420-23:16:15-2572,scalar,LoRa.server[8],SF: 12,,,0
LoRaSim-MinimalTopology-0-20240420-23:16:15-2572,scalar,LoRa.server[8],rcvCounter: 12,,,0
LoRaSim-MinimalTopology-0-20240420-23:16:15-2572,scalar,LoRa.server[8],noOfCollidedPackets: 12,,,0
LoRaSim-MinimalTopology-0-20240420-23:16:15-2572,scalar,LoRa.server[8],noOfSuccessPackets: 12,,,0
LoRaSim-MinimalTopology-0-20240420-23:16:15-2572,scalar,LoRa.server[8],noOfHostsInSFTier: 12,,,1577
LoRaSim-MinimalTopology-0-20240420-23:16:15-2572,scalar,LoRa.server[8],totalSuccessRate,,,2.0997175925926
LoRaSim-MinimalTopology-0-20240420-23:16:15-2572,scalar,LoRa.server[8],totalSuccessProb,,,0.9581057543721
LoRaSim-MinimalTopology-0-20240420-23:16:15-2572,scalar,LoRa.server[8],duration,,,432000
LoRaSim-MinimalTopology-0-20240420-23:16:15-2572,scalar,LoRa.host[0],numOfHostsPerSF_Server0_SF7,,,329
LoRaSim-MinimalTopology-0-20240420-23:16:15-2572,scalar,LoRa.host[0],numOfHostsPerSF_Server0_SF8,,,83
LoRaSim-MinimalTopology-0-20240420-23:16:15-2572,scalar,LoRa.host[0],numOfHostsPerSF_Server0_SF9,,,48
LoRaSim-MinimalTopology-0-20240420-23:16:15-2572,scalar,LoRa.host[0],numOfHostsPerSF_Server0_SF10,,,0
LoRaSim-MinimalTopology-0-20240420-23:16:15-2572,scalar,LoRa.host[0],numOfHostsPerSF_Server0_SF11,,,0
LoRaSim-MinimalTopology-0-20240420-23:16:15-2572,scalar,LoRa.host[0],numOfHostsPerSF_Server0_SF12,,,0
LoRaSim-MinimalTopology-0-20240420-23:16:15-2572,scalar,LoRa.host[0],numOfHostsPerSF_Server1_SF7,,,310
LoRaSim-MinimalTopology-0-20240420-23:16:15-2572,scalar,LoRa.host[0],numOfHostsPerSF_Server1_SF8,,,93
LoRaSim-MinimalTopology-0-20240420-23:16:15-2572,scalar,LoRa.host[0],numOfHostsPerSF_Server1_SF9,,,34
LoRaSim-MinimalTopology-0-20240420-23:16:15-2572,scalar,LoRa.host[0],numOfHostsPerSF_Server1_SF10,,,0
LoRaSim-MinimalTopology-0-20240420-23:16:15-2572,scalar,LoRa.host[0],numOfHostsPerSF_Server1_SF11,,,0
LoRaSim-MinimalTopology-0-20240420-23:16:15-2572,scalar,LoRa.host[0],numOfHostsPerSF_Server1_SF12,,,0
LoRaSim-MinimalTopology-0-20240420-23:16:15-2572,scalar,LoRa.host[0],numOfHostsPerSF_Server2_SF7,,,346
LoRaSim-MinimalTopology-0-20240420-23:16:15-2572,scalar,LoRa.host[0],numOfHostsPerSF_Server2_SF8,,,88
LoRaSim-MinimalTopology-0-20240420-23:16:15-2572,scalar,LoRa.host[0],numOfHostsPerSF_Server2_SF9,,,60
LoRaSim-MinimalTopology-0-20240420-23:16:15-2572,scalar,LoRa.host[0],numOfHostsPerSF_Server2_SF10,,,0
LoRaSim-MinimalTopology-0-20240420-23:16:15-2572,scalar,LoRa.host[0],numOfHostsPerSF_Server2_SF11,,,0
LoRaSim-MinimalTopology-0-20240420-23:16:15-2572,scalar,LoRa.host[0],numOfHostsPerSF_Server2_SF12,,,0
LoRaSim-MinimalTopology-0-20240420-23:16:15-2572,scalar,LoRa.host[0],numOfHostsPerSF_Server3_SF7,,,328
LoRaSim-MinimalTopology-0-20240420-23:16:15-2572,scalar,LoRa.host[0],numOfHostsPerSF_Server3_SF8,,,71
LoRaSim-MinimalTopology-0-20240420-23:16:15-2572,scalar,LoRa.host[0],numOfHostsPerSF_Server3_SF9,,,45
LoRaSim-MinimalTopology-0-20240420-23:16:15-2572,scalar,LoRa.host[0],numOfHostsPerSF_Server3_SF10,,,0
LoRaSim-MinimalTopology-0-20240420-23:16:15-2572,scalar,LoRa.host[0],numOfHostsPerSF_Server3_SF11,,,0
LoRaSim-MinimalTopology-0-20240420-23:16:15-2572,scalar,LoRa.host[0],numOfHostsPerSF_Server3_SF12,,,0
LoRaSim-MinimalTopology-0-20240420-23:16:15-2572,scalar,LoRa.host[0],numOfHostsPerSF_Server4_SF7,,,342
LoRaSim-MinimalTopology-0-20240420-23:16:15-2572,scalar,LoRa.host[0],numOfHostsPerSF_Server4_SF8,,,86
LoRaSim-MinimalTopology-0-20240420-23:16:15-2572,scalar,LoRa.host[0],numOfHostsPerSF_Server4_SF9,,,47
LoRaSim-MinimalTopology-0-20240420-23:16:15-2572,scalar,LoRa.host[0],numOfHostsPerSF_Server4_SF10,,,0
LoRaSim-MinimalTopology-0-20240420-23:16:15-2572,scalar,LoRa.host[0],numOfHostsPerSF_Server4_SF11,,,0
LoRaSim-MinimalTopology-0-20240420-23:16:15-2572,scalar,LoRa.host[0],numOfHostsPerSF_Server4_SF12,,,0
LoRaSim-MinimalTopology-0-20240420-23:16:15-2572,scalar,LoRa.host[0],numOfHostsPerSF_Server5_SF7,,,332
LoRaSim-MinimalTopology-0-20240420-23:16:15-2572,scalar,LoRa.host[0],numOfHostsPerSF_Server5_SF8,,,80
LoRaSim-MinimalTopology-0-20240420-23:16:15-2572,scalar,LoRa.host[0],numOfHostsPerSF_Server5_SF9,,,33
LoRaSim-MinimalTopology-0-20240420-23:16:15-2572,scalar,LoRa.host[0],numOfHostsPerSF_Server5_SF10,,,0
LoRaSim-MinimalTopology-0-20240420-23:16:15-2572,scalar,LoRa.host[0],numOfHostsPerSF_Server5_SF11,,,0
LoRaSim-MinimalTopology-0-20240420-23:16:15-2572,scalar,LoRa.host[0],numOfHostsPerSF_Server5_SF12,,,0
LoRaSim-MinimalTopology-0-20240420-23:16:15-2572,scalar,LoRa.host[0],numOfHostsPerSF_Server6_SF7,,,312
LoRaSim-MinimalTopology-0-20240420-23:16:15-2572,scalar,LoRa.host[0],numOfHostsPerSF_Server6_SF8,,,81
LoRaSim-MinimalTopology-0-20240420-23:16:15-2572,scalar,LoRa.host[0],numOfHostsPerSF_Server6_SF9,,,50
LoRaSim-MinimalTopology-0-20240420-23:16:15-2572,scalar,LoRa.host[0],numOfHostsPerSF_Server6_SF10,,,0
LoRaSim-MinimalTopology-0-20240420-23:16:15-2572,scalar,LoRa.host[0],numOfHostsPerSF_Server6_SF11,,,0
LoRaSim-MinimalTopology-0-20240420-23:16:15-2572,scalar,LoRa.host[0],numOfHostsPerSF_Server6_SF12,,,0
LoRaSim-MinimalTopology-0-20240420-23:16:15-2572,scalar,LoRa.host[0],numOfHostsPerSF_Server7_SF7,,,351
LoRaSim-MinimalTopology-0-20240420-23:16:15-2572,scalar,LoRa.host[0],numOfHostsPerSF_Server7_SF8,,,91
LoRaSim-MinimalTopology-0-20240420-23:16:15-2572,scalar,LoRa.host[0],numOfHostsPerSF_Server7_SF9,,,37
LoRaSim-MinimalTopology-0-20240420-23:16:15-2572,scalar,LoRa.host[0],numOfHostsPerSF_Server7_SF10,,,0
LoRaSim-MinimalTopology-0-20240420-23:16:15-2572,scalar,LoRa.host[0],numOfHostsPerSF_Server7_SF11,,,0
LoRaSim-MinimalTopology-0-20240420-23:16:15-2572,scalar,LoRa.host[0],numOfHostsPerSF_Server7_SF12,,,0
LoRaSim-MinimalTopology-0-20240420-23:16:15-2572,scalar,LoRa.host[0],numOfHostsPerSF_Server8_SF7,,,739
LoRaSim-MinimalTopology-0-20240420-23:16:15-2572,scalar,LoRa.host[0],numOfHostsPerSF_Server8_SF8,,,331
LoRaSim-MinimalTopology-0-20240420-23:16:15-2572,scalar,LoRa.host[0],numOfHostsPerSF_Server8_SF9,,,253
LoRaSim-MinimalTopology-0-20240420-23:16:15-2572,scalar,LoRa.host[0],numOfHostsPerSF_Server8_SF10,,,0
LoRaSim-MinimalTopology-0-20240420-23:16:15-2572,scalar,LoRa.host[0],numOfHostsPerSF_Server8_SF11,,,0
LoRaSim-MinimalTopology-0-20240420-23:16:15-2572,scalar,LoRa.host[0],numOfHostsPerSF_Server8_SF12,,,0
LoRaSim-MinimalTopology-0-20240420-23:16:15-2572,scalar,_runattrs_,M,,,9
LoRaSim-MinimalTopology-0-20240420-23:16:15-2572,scalar,_runattrs_,N,,,5000
