run,type,module,name,attrname,attrvalue,value
LoRaSim-MinimalTopology-0-20240420-23:09:08-5900,runattr,,,configname,LoRaSim-MinimalTopology,
LoRaSim-MinimalTopology-0-20240420-23:09:08-5900,runattr,,,datetime,20240420-23:09:08,
LoRaSim-MinimalTopology-0-20240420-23:09:08-5900,runattr,,,experiment,LoRaSim-MinimalTopology,
LoRaSim-MinimalTopology-0-20240420-23:09:08-5900,runattr,,,inifile,omnetpp.ini,
LoRaSim-MinimalTopology-0-20240420-23:09:08-5900,runattr,,,iterationvars,"$N=2000, $M=9",
LoRaSim-MinimalTopology-0-20240420-23:09:08-5900,runattr,,,iterationvarsf,"N=2000,M=9-",
LoRaSim-MinimalTopology-0-20240420-23:09:08-5900,runattr,,,measurement,"$N=2000, $M=9",
LoRaSim-MinimalTopology-0-20240420-23:09:08-5900,runattr,,,network,LoRa,
LoRaSim-MinimalTopology-0-20240420-23:09:08-5900,runattr,,,processid,5900,
LoRaSim-MinimalTopology-0-20240420-23:09:08-5900,runattr,,,repetition,0,
LoRaSim-MinimalTopology-0-20240420-23:09:08-5900,runattr,,,replication,#0,
LoRaSim-MinimalTopology-0-20240420-23:09:08-5900,runattr,,,resultdir,results,
LoRaSim-MinimalTopology-0-20240420-23:09:08-5900,runattr,,,runnumber,0,
LoRaSim-MinimalTopology-0-20240420-23:09:08-5900,runattr,,,seedset,0,
LoRaSim-MinimalTopology-0-20240420-23:09:08-5900,itervar,,,M,9,
LoRaSim-MinimalTopology-0-20240420-23:09:08-5900,itervar,,,N,2000,
LoRaSim-MinimalTopology-0-20240420-23:09:08-5900,param,,,LoRa.host[*].isBufferingEvents,false,
LoRaSim-MinimalTopology-0-20240420-23:09:08-5900,param,,,LoRa.host[*].addFrameHeader,false,
LoRaSim-MinimalTopology-0-20240420-23:09:08-5900,param,,,LoRa.host[*].nbOfChannels,3,
LoRaSim-MinimalTopology-0-20240420-23:09:08-5900,param,,,LoRa.numHosts,2000,
LoRaSim-MinimalTopology-0-20240420-23:09:08-5900,param,,,LoRa.host[*].iaTime,exponential(600s),
LoRaSim-MinimalTopology-0-20240420-23:09:08-5900,param,,,LoRa.host[*].pkLenBits,160b,
LoRaSim-MinimalTopology-0-20240420-23:09:08-5900,param,,,LoRa.netR,6333.83 m,
LoRaSim-MinimalTopology-0-20240420-23:09:08-5900,param,,,LoRa.server[*].pathlossExp,3,
LoRaSim-MinimalTopology-0-20240420-23:09:08-5900,param,,,LoRa.server[*].BW,125,
LoRaSim-MinimalTopology-0-20240420-23:09:08-5900,param,,,LoRa.numServers,9,
LoRaSim-MinimalTopology-0-20240420-23:09:08-5900,param,,,LoRa.server[0].x,-6333.83m,
LoRaSim-MinimalTopology-0-20240420-23:09:08-5900,param,,,LoRa.server[0].y,0,
LoRaSim-MinimalTopology-0-20240420-23:09:08-5900,param,,,LoRa.server[1].x,-4491.94m,
LoRaSim-MinimalTopology-0-20240420-23:09:08-5900,param,,,LoRa.server[1].y,4491.94m,
LoRaSim-MinimalTopology-0-20240420-23:09:08-5900,param,,,LoRa.server[2].x,0,
LoRaSim-MinimalTopology-0-20240420-23:09:08-5900,param,,,LoRa.server[2].y,6333.83m,
LoRaSim-MinimalTopology-0-20240420-23:09:08-5900,param,,,LoRa.server[3].x,4491.94m,
LoRaSim-MinimalTopology-0-20240420-23:09:08-5900,param,,,LoRa.server[3].y,4491.94m,
LoRaSim-MinimalTopology-0-20240420-23:09:08-5900,param,,,LoRa.server[4].x,6333.83m,
LoRaSim-MinimalTopology-0-20240420-23:09:08-5900,param,,,LoRa.server[4].y,0,
LoRaSim-MinimalTopology-0-20240420-23:09:08-5900,param,,,LoRa.server[5].x,4491.94m,
LoRaSim-MinimalTopology-0-20240420-23:09:08-5900,param,,,LoRa.server[5].y,-4491.94m,
LoRaSim-MinimalTopology-0-20240420-23:09:08-5900,param,,,LoRa.server[6].x,0,
LoRaSim-MinimalTopology-0-20240420-23:09:08-5900,param,,,LoRa.server[6].y,-6333.83m,
LoRaSim-MinimalTopology-0-20240420-23:09:08-5900,param,,,LoRa.server[7].x,-4491.94m,
LoRaSim-MinimalTopology-0-20240420-23:09:08-5900,param,,,LoRa.server[7].y,-4491.94m,
LoRaSim-MinimalTopology-0-20240420-23:09:08-5900,param,,,LoRa.server[8].x,0m,
LoRaSim-MinimalTopology-0-20240420-23:09:08-5900,param,,,LoRa.server[8].y,0m,
LoRaSim-MinimalTopology-0-20240420-23:09:08-5900,param,,,**.animationHoldTimeOnCollision,0s,
LoRaSim-MinimalTopology-0-20240420-23:09:08-5900,param,,,**.idleAnimationSpeed,1,
LoRaSim-MinimalTopology-0-20240420-23:09:08-5900,param,,,**.transmissionEdgeAnimationSpeed,1e-6,
LoRaSim-MinimalTopology-0-20240420-23:09:08-5900,param,,,**.midTransmissionAnimationSpeed,1e-1,
LoRaSim-MinimalTopology-0-20240420-23:09:08-5900,param,,,LoRa.slotTime,0,
LoRaSim-MinimalTopology-0-20240420-23:09:08-5900,param,,,LoRa.dutyCycleActive,true,
LoRaSim-MinimalTopology-0-20240420-23:09:08-5900,scalar,LoRa.server[0],SF: 7,,,0.33309259259259
LoRaSim-MinimalTopology-0-20240420-23:09:08-5900,scalar,LoRa.server[0],rcvCounter: 7,,,144833
LoRaSim-MinimalTopology-0-20240420-23:09:08-5900,scalar,LoRa.server[0],noOfCollidedPackets: 7,,,937
LoRaSim-MinimalTopology-0-20240420-23:09:08-5900,scalar,LoRa.server[0],noOfSuccessPackets: 7,,,143896
LoRaSim-MinimalTopology-0-20240420-23:09:08-5900,scalar,LoRa.server[0],noOfHostsInSFTier: 7,,,305
LoRaSim-MinimalTopology-0-20240420-23:09:08-5900,scalar,LoRa.server[0],SF: 8,,,0
LoRaSim-MinimalTopology-0-20240420-23:09:08-5900,scalar,LoRa.server[0],rcvCounter: 8,,,0
LoRaSim-MinimalTopology-0-20240420-23:09:08-5900,scalar,LoRa.server[0],noOfCollidedPackets: 8,,,0
LoRaSim-MinimalTopology-0-20240420-23:09:08-5900,scalar,LoRa.server[0],noOfSuccessPackets: 8,,,0
LoRaSim-MinimalTopology-0-20240420-23:09:08-5900,scalar,LoRa.server[0],noOfHostsInSFTier: 8,,,131
LoRaSim-MinimalTopology-0-20240420-23:09:08-5900,scalar,LoRa.server[0],SF: 9,,,0
LoRaSim-MinimalTopology-0-20240420-23:09:08-5900,scalar,LoRa.server[0],rcvCounter: 9,,,0
LoRaSim-MinimalTopology-0-20240420-23:09:08-5900,scalar,LoRa.server[0],noOfCollidedPackets: 9,,,0
LoRaSim-MinimalTopology-0-20240420-23:09:08-5900,scalar,LoRa.server[0],noOfSuccessPackets: 9,,,0
LoRaSim-MinimalTopology-0-20240420-23:09:08-5900,scalar,LoRa.server[0],noOfHostsInSFTier: 9,,,204
LoRaSim-MinimalTopology-0-20240420-23:09:08-5900,scalar,LoRa.server[0],SF: 10,,,0
LoRaSim-MinimalTopology-0-20240420-23:09:08-5900,scalar,LoRa.server[0],rcvCounter: 10,,,0
LoRaSim-MinimalTopology-0-20240420-23:09:08-5900,scalar,LoRa.server[0],noOfCollidedPackets: 10,,,0
LoRaSim-MinimalTopology-0-20240420-23:09:08-5900,scalar,LoRa.server[0],noOfSuccessPackets: 10,,,0
LoRaSim-MinimalTopology-0-20240420-23:09:08-5900,scalar,LoRa.server[0],noOfHostsInSFTier: 10,,,301
LoRaSim-MinimalTopology-0-20240420-23:09:08-5900,scalar,LoRa.server[0],SF: 11,,,0
LoRaSim-MinimalTopology-0-20240420-23:09:08-5900,scalar,LoRa.server[0],rcvCounter: 11,,,0
LoRaSim-MinimalTopology-0-20240420-23:09:08-5900,scalar,LoRa.server[0],noOfCollidedPackets: 11,,,0
LoRaSim-MinimalTopology-0-20240420-23:09:08-5900,scalar,LoRa.server[0],noOfSuccessPackets: 11,,,0
LoRaSim-MinimalTopology-0-20240420-23:09:08-5900,scalar,LoRa.server[0],noOfHostsInSFTier: 11,,,391
LoRaSim-MinimalTopology-0-20240420-23:09:08-5900,scalar,LoRa.server[0],SF: 12,,,0
LoRaSim-MinimalTopology-0-20240420-23:09:08-5900,scalar,LoRa.server[0],rcvCounter: 12,,,0
LoRaSim-MinimalTopology-0-20240420-23:09:08-5900,scalar,LoRa.server[0],noOfCollidedPackets: 12,,,0
LoRaSim-MinimalTopology-0-20240420-23:09:08-5900,scalar,LoRa.server[0],noOfSuccessPackets: 12,,,0
LoRaSim-MinimalTopology-0-20240420-23:09:08-5900,scalar,LoRa.server[0],noOfHostsInSFTier: 12,,,667
LoRaSim-MinimalTopology-0-20240420-23:09:08-5900,scalar,LoRa.server[0],totalSuccessRate,,,0.33309259259259
LoRaSim-MinimalTopology-0-20240420-23:09:08-5900,scalar,LoRa.server[0],totalSuccessProb,,,0.99353047993206
LoRaSim-MinimalTopology-0-20240420-23:09:08-5900,scalar,LoRa.server[0],duration,,,432000
LoRaSim-MinimalTopology-0-20240420-23:09:08-5900,scalar,LoRa.server[1],SF: 7,,,0.27332638888889
LoRaSim-MinimalTopology-0-20240420-23:09:08-5900,scalar,LoRa.server[1],rcvCounter: 7,,,118763
LoRaSim-MinimalTopology-0-20240420-23:09:08-5900,scalar,LoRa.server[1],noOfCollidedPackets: 7,,,686
LoRaSim-MinimalTopology-0-20240420-23:09:08-5900,scalar,LoRa.server[1],noOfSuccessPackets: 7,,,118077
LoRaSim-MinimalTopology-0-20240420-23:09:08-5900,scalar,LoRa.server[1],noOfHostsInSFTier: 7,,,305
LoRaSim-MinimalTopology-0-20240420-23:09:08-5900,scalar,LoRa.server[1],SF: 8,,,0
LoRaSim-MinimalTopology-0-20240420-23:09:08-5900,scalar,LoRa.server[1],rcvCounter: 8,,,0
LoRaSim-MinimalTopology-0-20240420-23:09:08-5900,scalar,LoRa.server[1],noOfCollidedPackets: 8,,,0
LoRaSim-MinimalTopology-0-20240420-23:09:08-5900,scalar,LoRa.server[1],noOfSuccessPackets: 8,,,0
LoRaSim-MinimalTopology-0-20240420-23:09:08-5900,scalar,LoRa.server[1],noOfHostsInSFTier: 8,,,131
LoRaSim-MinimalTopology-0-20240420-23:09:08-5900,scalar,LoRa.server[1],SF: 9,,,0
LoRaSim-MinimalTopology-0-20240420-23:09:08-5900,scalar,LoRa.server[1],rcvCounter: 9,,,0
LoRaSim-MinimalTopology-0-20240420-23:09:08-5900,scalar,LoRa.server[1],noOfCollidedPackets: 9,,,0
LoRaSim-MinimalTopology-0-20240420-23:09:08-5900,scalar,LoRa.server[1],noOfSuccessPackets: 9,,,0
LoRaSim-MinimalTopology-0-20240420-23:09:08-5900,scalar,LoRa.server[1],noOfHostsInSFTier: 9,,,204
LoRaSim-MinimalTopology-0-20240420-23:09:08-5900,scalar,LoRa.server[1],SF: 10,,,0
LoRaSim-MinimalTopology-0-20240420-23:09:08-5900,scalar,LoRa.server[1],rcvCounter: 10,,,0
LoRaSim-MinimalTopology-0-20240420-23:09:08-5900,scalar,LoRa.server[1],noOfCollidedPackets: 10,,,0
LoRaSim-MinimalTopology-0-20240420-23:09:08-5900,scalar,LoRa.server[1],noOfSuccessPackets: 10,,,0
LoRaSim-MinimalTopology-0-20240420-23:09:08-5900,scalar,LoRa.server[1],noOfHostsInSFTier: 10,,,301
LoRaSim-MinimalTopology-0-20240420-23:09:08-5900,scalar,LoRa.server[1],SF: 11,,,0
LoRaSim-MinimalTopology-0-20240420-23:09:08-5900,scalar,LoRa.server[1],rcvCounter: 11,,,0
LoRaSim-MinimalTopology-0-20240420-23:09:08-5900,scalar,LoRa.server[1],noOfCollidedPackets: 11,,,0
LoRaSim-MinimalTopology-0-20240420-23:09:08-5900,scalar,LoRa.server[1],noOfSuccessPackets: 11,,,0
LoRaSim-MinimalTopology-0-20240420-23:09:08-5900,scalar,LoRa.server[1],noOfHostsInSFTier: 11,,,391
LoRaSim-MinimalTopology-0-20240420-23:09:08-5900,scalar,LoRa.server[1],SF: 12,,,0
LoRaSim-MinimalTopology-0-20240420-23:09:08-5900,scalar,LoRa.server[1],rcvCounter: 12,,,0
LoRaSim-MinimalTopology-0-20240420-23:09:08-5900,scalar,LoRa.server[1],noOfCollidedPackets: 12,,,0
LoRaSim-MinimalTopology-0-20240420-23:09:08-5900,scalar,LoRa.server[1],noOfSuccessPackets: 12,,,0
LoRaSim-MinimalTopology-0-20240420-23:09:08-5900,scalar,LoRa.server[1],noOfHostsInSFTier: 12,,,667
LoRaSim-MinimalTopology-0-20240420-23:09:08-5900,scalar,LoRa.server[1],totalSuccessRate,,,0.27332638888889
LoRaSim-MinimalTopology-0-20240420-23:09:08-5900,scalar,LoRa.server[1],totalSuccessProb,,,0.9942237902377
LoRaSim-MinimalTopology-0-20240420-23:09:08-5900,scalar,LoRa.server[1],duration,,,432000
LoRaSim-MinimalTopology-0-20240420-23:09:08-5900,scalar,LoRa.server[2],SF: 7,,,0.29961574074074
LoRaSim-MinimalTopology-0-20240420-23:09:08-5900,scalar,LoRa.server[2],rcvCounter: 7,,,130201
LoRaSim-MinimalTopology-0-20240420-23:09:08-5900,scalar,LoRa.server[2],noOfCollidedPackets: 7,,,767
LoRaSim-MinimalTopology-0-20240420-23:09:08-5900,scalar,LoRa.server[2],noOfSuccessPackets: 7,,,129434
LoRaSim-MinimalTopology-0-20240420-23:09:08-5900,scalar,LoRa.server[2],noOfHostsInSFTier: 7,,,305
LoRaSim-MinimalTopology-0-20240420-23:09:08-5900,scalar,LoRa.server[2],SF: 8,,,0
LoRaSim-MinimalTopology-0-20240420-23:09:08-5900,scalar,LoRa.server[2],rcvCounter: 8,,,0
LoRaSim-MinimalTopology-0-20240420-23:09:08-5900,scalar,LoRa.server[2],noOfCollidedPackets: 8,,,0
LoRaSim-MinimalTopology-0-20240420-23:09:08-5900,scalar,LoRa.server[2],noOfSuccessPackets: 8,,,0
LoRaSim-MinimalTopology-0-20240420-23:09:08-5900,scalar,LoRa.server[2],noOfHostsInSFTier: 8,,,131
LoRaSim-MinimalTopology-0-20240420-23:09:08-5900,scalar,LoRa.server[2],SF: 9,,,0
LoRaSim-MinimalTopology-0-20240420-23:09:08-5900,scalar,LoRa.server[2],rcvCounter: 9,,,0
LoRaSim-MinimalTopology-0-20240420-23:09:08-5900,scalar,LoRa.server[2],noOfCollidedPackets: 9,,,0
LoRaSim-MinimalTopology-0-20240420-23:09:08-5900,scalar,LoRa.server[2],noOfSuccessPackets: 9,,,0
LoRaSim-MinimalTopology-0-20240420-23:09:08-5900,scalar,LoRa.server[2],noOfHostsInSFTier: 9,,,204
LoRaSim-MinimalTopology-0-20240420-23:09:08-5900,scalar,LoRa.server[2],SF: 10,,,0
LoRaSim-MinimalTopology-0-20240420-23:09:08-5900,scalar,LoRa.server[2],rcvCounter: 10,,,0
LoRaSim-MinimalTopology-0-20240420-23:09:08-5900,scalar,LoRa.server[2],noOfCollidedPackets: 10,,,0
LoRaSim-MinimalTopology-0-20240420-23:09:08-5900,scalar,LoRa.server[2],noOfSuccessPackets: 10,,,0
LoRaSim-MinimalTopology-0-20240420-23:09:08-5900,scalar,LoRa.server[2],noOfHostsInSFTier: 10,,,301
LoRaSim-MinimalTopology-0-20240420-23:09:08-5900,scalar,LoRa.server[2],SF: 11,,,0
LoRaSim-MinimalTopology-0-20240420-23:09:08-5900,scalar,LoRa.server[2],rcvCounter: 11,,,0
LoRaSim-MinimalTopology-0-20240420-23:09:08-5900,scalar,LoRa.server[2],noOfCollidedPackets: 11,,,0
LoRaSim-MinimalTopology-0-20240420-23:09:08-5900,scalar,LoRa.server[2],noOfSuccessPackets: 11,,,0
LoRaSim-MinimalTopology-0-20240420-23:09:08-5900,scalar,LoRa.server[2],noOfHostsInSFTier: 11,,,391
LoRaSim-MinimalTopology-0-20240420-23:09:08-5900,scalar,LoRa.server[2],SF: 12,,,0
LoRaSim-MinimalTopology-0-20240420-23:09:08-5900,scalar,LoRa.server[2],rcvCounter: 12,,,0
LoRaSim-MinimalTopology-0-20240420-23:09:08-5900,scalar,LoRa.server[2],noOfCollidedPackets: 12,,,0
LoRaSim-MinimalTopology-0-20240420-23:09:08-5900,scalar,LoRa.server[2],noOfSuccessPackets: 12,,,0
LoRaSim-MinimalTopology-0-20240420-23:09:08-5900,scalar,LoRa.server[2],noOfHostsInSFTier: 12,,,667
LoRaSim-MinimalTopology-0-20240420-23:09:08-5900,scalar,LoRa.server[2],totalSuccessRate,,,0.29961574074074
LoRaSim-MinimalTopology-0-20240420-23:09:08-5900,scalar,LoRa.server[2],totalSuccessProb,,,0.99410910822498
LoRaSim-MinimalTopology-0-20240420-23:09:08-5900,scalar,LoRa.server[2],duration,,,432000
LoRaSim-MinimalTopology-0-20240420-23:09:08-5900,scalar,LoRa.server[3],SF: 7,,,0.28744444444444
LoRaSim-MinimalTopology-0-20240420-23:09:08-5900,scalar,LoRa.server[3],rcvCounter: 7,,,124862
LoRaSim-MinimalTopology-0-20240420-23:09:08-5900,scalar,LoRa.server[3],noOfCollidedPackets: 7,,,686
LoRaSim-MinimalTopology-0-20240420-23:09:08-5900,scalar,LoRa.server[3],noOfSuccessPackets: 7,,,124176
LoRaSim-MinimalTopology-0-20240420-23:09:08-5900,scalar,LoRa.server[3],noOfHostsInSFTier: 7,,,305
LoRaSim-MinimalTopology-0-20240420-23:09:08-5900,scalar,LoRa.server[3],SF: 8,,,0
LoRaSim-MinimalTopology-0-20240420-23:09:08-5900,scalar,LoRa.server[3],rcvCounter: 8,,,0
LoRaSim-MinimalTopology-0-20240420-23:09:08-5900,scalar,LoRa.server[3],noOfCollidedPackets: 8,,,0
LoRaSim-MinimalTopology-0-20240420-23:09:08-5900,scalar,LoRa.server[3],noOfSuccessPackets: 8,,,0
LoRaSim-MinimalTopology-0-20240420-23:09:08-5900,scalar,LoRa.server[3],noOfHostsInSFTier: 8,,,131
LoRaSim-MinimalTopology-0-20240420-23:09:08-5900,scalar,LoRa.server[3],SF: 9,,,0
LoRaSim-MinimalTopology-0-20240420-23:09:08-5900,scalar,LoRa.server[3],rcvCounter: 9,,,0
LoRaSim-MinimalTopology-0-20240420-23:09:08-5900,scalar,LoRa.server[3],noOfCollidedPackets: 9,,,0
LoRaSim-MinimalTopology-0-20240420-23:09:08-5900,scalar,LoRa.server[3],noOfSuccessPackets: 9,,,0
LoRaSim-MinimalTopology-0-20240420-23:09:08-5900,scalar,LoRa.server[3],noOfHostsInSFTier: 9,,,204
LoRaSim-MinimalTopology-0-20240420-23:09:08-5900,scalar,LoRa.server[3],SF: 10,,,0
LoRaSim-MinimalTopology-0-20240420-23:09:08-5900,scalar,LoRa.server[3],rcvCounter: 10,,,0
LoRaSim-MinimalTopology-0-20240420-23:09:08-5900,scalar,LoRa.server[3],noOfCollidedPackets: 10,,,0
LoRaSim-MinimalTopology-0-20240420-23:09:08-5900,scalar,LoRa.server[3],noOfSuccessPackets: 10,,,0
LoRaSim-MinimalTopology-0-20240420-23:09:08-5900,scalar,LoRa.server[3],noOfHostsInSFTier: 10,,,301
LoRaSim-MinimalTopology-0-20240420-23:09:08-5900,scalar,LoRa.server[3],SF: 11,,,0
LoRaSim-MinimalTopology-0-20240420-23:09:08-5900,scalar,LoRa.server[3],rcvCounter: 11,,,0
LoRaSim-MinimalTopology-0-20240420-23:09:08-5900,scalar,LoRa.server[3],noOfCollidedPackets: 11,,,0
LoRaSim-MinimalTopology-0-20240420-23:09:08-5900,scalar,LoRa.server[3],noOfSuccessPackets: 11,,,0
LoRaSim-MinimalTopology-0-20240420-23:09:08-5900,scalar,LoRa.server[3],noOfHostsInSFTier: 11,,,391
LoRaSim-MinimalTopology-0-20240420-23:09:08-5900,scalar,LoRa.server[3],SF: 12,,,0
LoRaSim-MinimalTopology-0-20240420-23:09:08-5900,scalar,LoRa.server[3],rcvCounter: 12,,,0
LoRaSim-MinimalTopology-0-20240420-23:09:08-5900,scalar,LoRa.server[3],noOfCollidedPackets: 12,,,0
LoRaSim-MinimalTopology-0-20240420-23:09:08-5900,scalar,LoRa.server[3],noOfSuccessPackets: 12,,,0
LoRaSim-MinimalTopology-0-20240420-23:09:08-5900,scalar,LoRa.server[3],noOfHostsInSFTier: 12,,,667
LoRaSim-MinimalTopology-0-20240420-23:09:08-5900,scalar,LoRa.server[3],totalSuccessRate,,,0.28744444444444
LoRaSim-MinimalTopology-0-20240420-23:09:08-5900,scalar,LoRa.server[3],totalSuccessProb,,,0.99450593455175
LoRaSim-MinimalTopology-0-20240420-23:09:08-5900,scalar,LoRa.server[3],duration,,,432000
LoRaSim-MinimalTopology-0-20240420-23:09:08-5900,scalar,LoRa.server[4],SF: 7,,,0.30707638888889
LoRaSim-MinimalTopology-0-20240420-23:09:08-5900,scalar,LoRa.server[4],rcvCounter: 7,,,133419
LoRaSim-MinimalTopology-0-20240420-23:09:08-5900,scalar,LoRa.server[4],noOfCollidedPackets: 7,,,762
LoRaSim-MinimalTopology-0-20240420-23:09:08-5900,scalar,LoRa.server[4],noOfSuccessPackets: 7,,,132657
LoRaSim-MinimalTopology-0-20240420-23:09:08-5900,scalar,LoRa.server[4],noOfHostsInSFTier: 7,,,305
LoRaSim-MinimalTopology-0-20240420-23:09:08-5900,scalar,LoRa.server[4],SF: 8,,,0
LoRaSim-MinimalTopology-0-20240420-23:09:08-5900,scalar,LoRa.server[4],rcvCounter: 8,,,0
LoRaSim-MinimalTopology-0-20240420-23:09:08-5900,scalar,LoRa.server[4],noOfCollidedPackets: 8,,,0
LoRaSim-MinimalTopology-0-20240420-23:09:08-5900,scalar,LoRa.server[4],noOfSuccessPackets: 8,,,0
LoRaSim-MinimalTopology-0-20240420-23:09:08-5900,scalar,LoRa.server[4],noOfHostsInSFTier: 8,,,131
LoRaSim-MinimalTopology-0-20240420-23:09:08-5900,scalar,LoRa.server[4],SF: 9,,,0
LoRaSim-MinimalTopology-0-20240420-23:09:08-5900,scalar,LoRa.server[4],rcvCounter: 9,,,0
LoRaSim-MinimalTopology-0-20240420-23:09:08-5900,scalar,LoRa.server[4],noOfCollidedPackets: 9,,,0
LoRaSim-MinimalTopology-0-20240420-23:09:08-5900,scalar,LoRa.server[4],noOfSuccessPackets: 9,,,0
LoRaSim-MinimalTopology-0-20240420-23:09:08-5900,scalar,LoRa.server[4],noOfHostsInSFTier: 9,,,204
LoRaSim-MinimalTopology-0-20240420-23:09:08-5900,scalar,LoRa.server[4],SF: 10,,,0
LoRaSim-MinimalTopology-0-20240420-23:09:08-5900,scalar,LoRa.server[4],rcvCounter: 10,,,0
LoRaSim-MinimalTopology-0-20240420-23:09:08-5900,scalar,LoRa.server[4],noOfCollidedPackets: 10,,,0
LoRaSim-MinimalTopology-0-20240420-23:09:08-5900,scalar,LoRa.server[4],noOfSuccessPackets: 10,,,0
LoRaSim-MinimalTopology-0-20240420-23:09:08-5900,scalar,LoRa.server[4],noOfHostsInSFTier: 10,,,301
LoRaSim-MinimalTopology-0-20240420-23:09:08-5900,scalar,LoRa.server[4],SF: 11,,,0
LoRaSim-MinimalTopology-0-20240420-23:09:08-5900,scalar,LoRa.server[4],rcvCounter: 11,,,0
LoRaSim-MinimalTopology-0-20240420-23:09:08-5900,scalar,LoRa.server[4],noOfCollidedPackets: 11,,,0
LoRaSim-MinimalTopology-0-20240420-23:09:08-5900,scalar,LoRa.server[4],noOfSuccessPackets: 11,,,0
LoRaSim-MinimalTopology-0-20240420-23:09:08-5900,scalar,LoRa.server[4],noOfHostsInSFTier: 11,,,391
LoRaSim-MinimalTopology-0-20240420-23:09:08-5900,scalar,LoRa.server[4],SF: 12,,,0
LoRaSim-MinimalTopology-0-20240420-23:09:08-5900,scalar,LoRa.server[4],rcvCounter: 12,,,0
LoRaSim-MinimalTopology-0-20240420-23:09:08-5900,scalar,LoRa.server[4],noOfCollidedPackets: 12,,,0
LoRaSim-MinimalTopology-0-20240420-23:09:08-5900,scalar,LoRa.server[4],noOfSuccessPackets: 12,,,0
LoRaSim-MinimalTopology-0-20240420-23:09:08-5900,scalar,LoRa.server[4],noOfHostsInSFTier: 12,,,667
LoRaSim-MinimalTopology-0-20240420-23:09:08-5900,scalar,LoRa.server[4],totalSuccessRate,,,0.30707638888889
LoRaSim-MinimalTopology-0-20240420-23:09:08-5900,scalar,LoRa.server[4],totalSuccessProb,,,0.99428866952983
LoRaSim-MinimalTopology-0-20240420-23:09:08-5900,scalar,LoRa.server[4],duration,,,432000
LoRaSim-MinimalTopology-0-20240420-23:09:08-5900,scalar,LoRa.server[5],SF: 7,,,0.29752546296296
LoRaSim-MinimalTopology-0-20240420-23:09:08-5900,scalar,LoRa.server[5],rcvCounter: 7,,,129252
LoRaSim-MinimalTopology-0-20240420-23:09:08-5900,scalar,LoRa.server[5],noOfCollidedPackets: 7,,,721
LoRaSim-MinimalTopology-0-20240420-23:09:08-5900,scalar,LoRa.server[5],noOfSuccessPackets: 7,,,128531
LoRaSim-MinimalTopology-0-20240420-23:09:08-5900,scalar,LoRa.server[5],noOfHostsInSFTier: 7,,,305
LoRaSim-MinimalTopology-0-20240420-23:09:08-5900,scalar,LoRa.server[5],SF: 8,,,0
LoRaSim-MinimalTopology-0-20240420-23:09:08-5900,scalar,LoRa.server[5],rcvCounter: 8,,,0
LoRaSim-MinimalTopology-0-20240420-23:09:08-5900,scalar,LoRa.server[5],noOfCollidedPackets: 8,,,0
LoRaSim-MinimalTopology-0-20240420-23:09:08-5900,scalar,LoRa.server[5],noOfSuccessPackets: 8,,,0
LoRaSim-MinimalTopology-0-20240420-23:09:08-5900,scalar,LoRa.server[5],noOfHostsInSFTier: 8,,,131
LoRaSim-MinimalTopology-0-20240420-23:09:08-5900,scalar,LoRa.server[5],SF: 9,,,0
LoRaSim-MinimalTopology-0-20240420-23:09:08-5900,scalar,LoRa.server[5],rcvCounter: 9,,,0
LoRaSim-MinimalTopology-0-20240420-23:09:08-5900,scalar,LoRa.server[5],noOfCollidedPackets: 9,,,0
LoRaSim-MinimalTopology-0-20240420-23:09:08-5900,scalar,LoRa.server[5],noOfSuccessPackets: 9,,,0
LoRaSim-MinimalTopology-0-20240420-23:09:08-5900,scalar,LoRa.server[5],noOfHostsInSFTier: 9,,,204
LoRaSim-MinimalTopology-0-20240420-23:09:08-5900,scalar,LoRa.server[5],SF: 10,,,0
LoRaSim-MinimalTopology-0-20240420-23:09:08-5900,scalar,LoRa.server[5],rcvCounter: 10,,,0
LoRaSim-MinimalTopology-0-20240420-23:09:08-5900,scalar,LoRa.server[5],noOfCollidedPackets: 10,,,0
LoRaSim-MinimalTopology-0-20240420-23:09:08-5900,scalar,LoRa.server[5],noOfSuccessPackets: 10,,,0
LoRaSim-MinimalTopology-0-20240420-23:09:08-5900,scalar,LoRa.server[5],noOfHostsInSFTier: 10,,,301
LoRaSim-MinimalTopology-0-20240420-23:09:08-5900,scalar,LoRa.server[5],SF: 11,,,0
LoRaSim-MinimalTopology-0-20240420-23:09:08-5900,scalar,LoRa.server[5],rcvCounter: 11,,,0
LoRaSim-MinimalTopology-0-20240420-23:09:08-5900,scalar,LoRa.server[5],noOfCollidedPackets: 11,,,0
LoRaSim-MinimalTopology-0-20240420-23:09:08-5900,scalar,LoRa.server[5],noOfSuccessPackets: 11,,,0
LoRaSim-MinimalTopology-0-20240420-23:09:08-5900,scalar,LoRa.server[5],noOfHostsInSFTier: 11,,,391
LoRaSim-MinimalTopology-0-20240420-23:09:08-5900,scalar,LoRa.server[5],SF: 12,,,0
LoRaSim-MinimalTopology-0-20240420-23:09:08-5900,scalar,LoRa.server[5],rcvCounter: 12,,,0
LoRaSim-MinimalTopology-0-20240420-23:09:08-5900,scalar,LoRa.server[5],noOfCollidedPackets: 12,,,0
LoRaSim-MinimalTopology-0-20240420-23:09:08-5900,scalar,LoRa.server[5],noOfSuccessPackets: 12,,,0
LoRaSim-MinimalTopology-0-20240420-23:09:08-5900,scalar,LoRa.server[5],noOfHostsInSFTier: 12,,,667
LoRaSim-MinimalTopology-0-20240420-23:09:08-5900,scalar,LoRa.server[5],totalSuccessRate,,,0.29752546296296
LoRaSim-MinimalTopology-0-20240420-23:09:08-5900,scalar,LoRa.server[5],totalSuccessProb,,,0.99442174976016
LoRaSim-MinimalTopology-0-20240420-23:09:08-5900,scalar,LoRa.server[5],duration,,,432000
LoRaSim-MinimalTopology-0-20240420-23:09:08-5900,scalar,LoRa.server[6],SF: 7,,,0.29723148148148
LoRaSim-MinimalTopology-0-20240420-23:09:08-5900,scalar,LoRa.server[6],rcvCounter: 7,,,129164
LoRaSim-MinimalTopology-0-20240420-23:09:08-5900,scalar,LoRa.server[6],noOfCollidedPackets: 7,,,760
LoRaSim-MinimalTopology-0-20240420-23:09:08-5900,scalar,LoRa.server[6],noOfSuccessPackets: 7,,,128404
LoRaSim-MinimalTopology-0-20240420-23:09:08-5900,scalar,LoRa.server[6],noOfHostsInSFTier: 7,,,305
LoRaSim-MinimalTopology-0-20240420-23:09:08-5900,scalar,LoRa.server[6],SF: 8,,,0
LoRaSim-MinimalTopology-0-20240420-23:09:08-5900,scalar,LoRa.server[6],rcvCounter: 8,,,0
LoRaSim-MinimalTopology-0-20240420-23:09:08-5900,scalar,LoRa.server[6],noOfCollidedPackets: 8,,,0
LoRaSim-MinimalTopology-0-20240420-23:09:08-5900,scalar,LoRa.server[6],noOfSuccessPackets: 8,,,0
LoRaSim-MinimalTopology-0-20240420-23:09:08-5900,scalar,LoRa.server[6],noOfHostsInSFTier: 8,,,131
LoRaSim-MinimalTopology-0-20240420-23:09:08-5900,scalar,LoRa.server[6],SF: 9,,,0
LoRaSim-MinimalTopology-0-20240420-23:09:08-5900,scalar,LoRa.server[6],rcvCounter: 9,,,0
LoRaSim-MinimalTopology-0-20240420-23:09:08-5900,scalar,LoRa.server[6],noOfCollidedPackets: 9,,,0
LoRaSim-MinimalTopology-0-20240420-23:09:08-5900,scalar,LoRa.server[6],noOfSuccessPackets: 9,,,0
LoRaSim-MinimalTopology-0-20240420-23:09:08-5900,scalar,LoRa.server[6],noOfHostsInSFTier: 9,,,204
LoRaSim-MinimalTopology-0-20240420-23:09:08-5900,scalar,LoRa.server[6],SF: 10,,,0
LoRaSim-MinimalTopology-0-20240420-23:09:08-5900,scalar,LoRa.server[6],rcvCounter: 10,,,0
LoRaSim-MinimalTopology-0-20240420-23:09:08-5900,scalar,LoRa.server[6],noOfCollidedPackets: 10,,,0
LoRaSim-MinimalTopology-0-20240420-23:09:08-5900,scalar,LoRa.server[6],noOfSuccessPackets: 10,,,0
LoRaSim-MinimalTopology-0-20240420-23:09:08-5900,scalar,LoRa.server[6],noOfHostsInSFTier: 10,,,301
LoRaSim-MinimalTopology-0-20240420-23:09:08-5900,scalar,LoRa.server[6],SF: 11,,,0
LoRaSim-MinimalTopology-0-20240420-23:09:08-5900,scalar,LoRa.server[6],rcvCounter: 11,,,0
LoRaSim-MinimalTopology-0-20240420-23:09:08-5900,scalar,LoRa.server[6],noOfCollidedPackets: 11,,,0
LoRaSim-MinimalTopology-0-20240420-23:09:08-5900,scalar,LoRa.server[6],noOfSuccessPackets: 11,,,0
LoRaSim-MinimalTopology-0-20240420-23:09:08-5900,scalar,LoRa.server[6],noOfHostsInSFTier: 11,,,391
LoRaSim-MinimalTopology-0-20240420-23:09:08-5900,scalar,LoRa.server[6],SF: 12,,,0
LoRaSim-MinimalTopology-0-20240420-23:09:08-5900,scalar,LoRa.server[6],rcvCounter: 12,,,0
LoRaSim-MinimalTopology-0-20240420-23:09:08-5900,scalar,LoRa.server[6],noOfCollidedPackets: 12,,,0
LoRaSim-MinimalTopology-0-20240420-23:09:08-5900,scalar,LoRa.server[6],noOfSuccessPackets: 12,,,0
LoRaSim-MinimalTopology-0-20240420-23:09:08-5900,scalar,LoRa.server[6],noOfHostsInSFTier: 12,,,667
LoRaSim-MinimalTopology-0-20240420-23:09:08-5900,scalar,LoRa.server[6],totalSuccessRate,,,0.29723148148148
LoRaSim-MinimalTopology-0-20240420-23:09:08-5900,scalar,LoRa.server[6],totalSuccessProb,,,0.99411600755629
LoRaSim-MinimalTopology-0-20240420-23:09:08-5900,scalar,LoRa.server[6],duration,,,432000
LoRaSim-MinimalTopology-0-20240420-23:09:08-5900,scalar,LoRa.server[7],SF: 7,,,0.3178125
LoRaSim-MinimalTopology-0-20240420-23:09:08-5900,scalar,LoRa.server[7],rcvCounter: 7,,,138139
LoRaSim-MinimalTopology-0-20240420-23:09:08-5900,scalar,LoRa.server[7],noOfCollidedPackets: 7,,,844
LoRaSim-MinimalTopology-0-20240420-23:09:08-5900,scalar,LoRa.server[7],noOfSuccessPackets: 7,,,137295
LoRaSim-MinimalTopology-0-20240420-23:09:08-5900,scalar,LoRa.server[7],noOfHostsInSFTier: 7,,,305
LoRaSim-MinimalTopology-0-20240420-23:09:08-5900,scalar,LoRa.server[7],SF: 8,,,0
LoRaSim-MinimalTopology-0-20240420-23:09:08-5900,scalar,LoRa.server[7],rcvCounter: 8,,,0
LoRaSim-MinimalTopology-0-20240420-23:09:08-5900,scalar,LoRa.server[7],noOfCollidedPackets: 8,,,0
LoRaSim-MinimalTopology-0-20240420-23:09:08-5900,scalar,LoRa.server[7],noOfSuccessPackets: 8,,,0
LoRaSim-MinimalTopology-0-20240420-23:09:08-5900,scalar,LoRa.server[7],noOfHostsInSFTier: 8,,,131
LoRaSim-MinimalTopology-0-20240420-23:09:08-5900,scalar,LoRa.server[7],SF: 9,,,0
LoRaSim-MinimalTopology-0-20240420-23:09:08-5900,scalar,LoRa.server[7],rcvCounter: 9,,,0
LoRaSim-MinimalTopology-0-20240420-23:09:08-5900,scalar,LoRa.server[7],noOfCollidedPackets: 9,,,0
LoRaSim-MinimalTopology-0-20240420-23:09:08-5900,scalar,LoRa.server[7],noOfSuccessPackets: 9,,,0
LoRaSim-MinimalTopology-0-20240420-23:09:08-5900,scalar,LoRa.server[7],noOfHostsInSFTier: 9,,,204
LoRaSim-MinimalTopology-0-20240420-23:09:08-5900,scalar,LoRa.server[7],SF: 10,,,0
LoRaSim-MinimalTopology-0-20240420-23:09:08-5900,scalar,LoRa.server[7],rcvCounter: 10,,,0
LoRaSim-MinimalTopology-0-20240420-23:09:08-5900,scalar,LoRa.server[7],noOfCollidedPackets: 10,,,0
LoRaSim-MinimalTopology-0-20240420-23:09:08-5900,scalar,LoRa.server[7],noOfSuccessPackets: 10,,,0
LoRaSim-MinimalTopology-0-20240420-23:09:08-5900,scalar,LoRa.server[7],noOfHostsInSFTier: 10,,,301
LoRaSim-MinimalTopology-0-20240420-23:09:08-5900,scalar,LoRa.server[7],SF: 11,,,0
LoRaSim-MinimalTopology-0-20240420-23:09:08-5900,scalar,LoRa.server[7],rcvCounter: 11,,,0
LoRaSim-MinimalTopology-0-20240420-23:09:08-5900,scalar,LoRa.server[7],noOfCollidedPackets: 11,,,0
LoRaSim-MinimalTopology-0-20240420-23:09:08-5900,scalar,LoRa.server[7],noOfSuccessPackets: 11,,,0
LoRaSim-MinimalTopology-0-20240420-23:09:08-5900,scalar,LoRa.server[7],noOfHostsInSFTier: 11,,,391
LoRaSim-MinimalTopology-0-20240420-23:09:08-5900,scalar,LoRa.server[7],SF: 12,,,0
LoRaSim-MinimalTopology-0-20240420-23:09:08-5900,scalar,LoRa.server[7],rcvCounter: 12,,,0
LoRaSim-MinimalTopology-0-20240420-23:09:08-5900,scalar,LoRa.server[7],noOfCollidedPackets: 12,,,0
LoRaSim-MinimalTopology-0-20240420-23:09:08-5900,scalar,LoRa.server[7],noOfSuccessPackets: 12,,,0
LoRaSim-MinimalTopology-0-20240420-23:09:08-5900,scalar,LoRa.server[7],noOfHostsInSFTier: 12,,,667
LoRaSim-MinimalTopology-0-20240420-23:09:08-5900,scalar,LoRa.server[7],totalSuccessRate,,,0.3178125
LoRaSim-MinimalTopology-0-20240420-23:09:08-5900,scalar,LoRa.server[7],totalSuccessProb,,,0.99389021203281
LoRaSim-MinimalTopology-0-20240420-23:09:08-5900,scalar,LoRa.server[7],duration,,,432000
LoRaSim-MinimalTopology-0-20240420-23:09:08-5900,scalar,LoRa.server[8],SF: 7,,,0.8678587962963
LoRaSim-MinimalTopology-0-20240420-23:09:08-5900,scalar,LoRa.server[8],rcvCounter: 7,,,381481
LoRaSim-MinimalTopology-0-20240420-23:09:08-5900,scalar,LoRa.server[8],noOfCollidedPackets: 7,,,6566
LoRaSim-MinimalTopology-0-20240420-23:09:08-5900,scalar,LoRa.server[8],noOfSuccessPackets: 7,,,374915
LoRaSim-MinimalTopology-0-20240420-23:09:08-5900,scalar,LoRa.server[8],noOfHostsInSFTier: 7,,,305
LoRaSim-MinimalTopology-0-20240420-23:09:08-5900,scalar,LoRa.server[8],SF: 8,,,0
LoRaSim-MinimalTopology-0-20240420-23:09:08-5900,scalar,LoRa.server[8],rcvCounter: 8,,,0
LoRaSim-MinimalTopology-0-20240420-23:09:08-5900,scalar,LoRa.server[8],noOfCollidedPackets: 8,,,0
LoRaSim-MinimalTopology-0-20240420-23:09:08-5900,scalar,LoRa.server[8],noOfSuccessPackets: 8,,,0
LoRaSim-MinimalTopology-0-20240420-23:09:08-5900,scalar,LoRa.server[8],noOfHostsInSFTier: 8,,,131
LoRaSim-MinimalTopology-0-20240420-23:09:08-5900,scalar,LoRa.server[8],SF: 9,,,0
LoRaSim-MinimalTopology-0-20240420-23:09:08-5900,scalar,LoRa.server[8],rcvCounter: 9,,,0
LoRaSim-MinimalTopology-0-20240420-23:09:08-5900,scalar,LoRa.server[8],noOfCollidedPackets: 9,,,0
LoRaSim-MinimalTopology-0-20240420-23:09:08-5900,scalar,LoRa.server[8],noOfSuccessPackets: 9,,,0
LoRaSim-MinimalTopology-0-20240420-23:09:08-5900,scalar,LoRa.server[8],noOfHostsInSFTier: 9,,,204
LoRaSim-MinimalTopology-0-20240420-23:09:08-5900,scalar,LoRa.server[8],SF: 10,,,0
LoRaSim-MinimalTopology-0-20240420-23:09:08-5900,scalar,LoRa.server[8],rcvCounter: 10,,,0
LoRaSim-MinimalTopology-0-20240420-23:09:08-5900,scalar,LoRa.server[8],noOfCollidedPackets: 10,,,0
LoRaSim-MinimalTopology-0-20240420-23:09:08-5900,scalar,LoRa.server[8],noOfSuccessPackets: 10,,,0
LoRaSim-MinimalTopology-0-20240420-23:09:08-5900,scalar,LoRa.server[8],noOfHostsInSFTier: 10,,,301
LoRaSim-MinimalTopology-0-20240420-23:09:08-5900,scalar,LoRa.server[8],SF: 11,,,0
LoRaSim-MinimalTopology-0-20240420-23:09:08-5900,scalar,LoRa.server[8],rcvCounter: 11,,,0
LoRaSim-MinimalTopology-0-20240420-23:09:08-5900,scalar,LoRa.server[8],noOfCollidedPackets: 11,,,0
LoRaSim-MinimalTopology-0-20240420-23:09:08-5900,scalar,LoRa.server[8],noOfSuccessPackets: 11,,,0
LoRaSim-MinimalTopology-0-20240420-23:09:08-5900,scalar,LoRa.server[8],noOfHostsInSFTier: 11,,,391
LoRaSim-MinimalTopology-0-20240420-23:09:08-5900,scalar,LoRa.server[8],SF: 12,,,0
LoRaSim-MinimalTopology-0-20240420-23:09:08-5900,scalar,LoRa.server[8],rcvCounter: 12,,,0
LoRaSim-MinimalTopology-0-20240420-23:09:08-5900,scalar,LoRa.server[8],noOfCollidedPackets: 12,,,0
LoRaSim-MinimalTopology-0-20240420-23:09:08-5900,scalar,LoRa.server[8],noOfSuccessPackets: 12,,,0
LoRaSim-MinimalTopology-0-20240420-23:09:08-5900,scalar,LoRa.server[8],noOfHostsInSFTier: 12,,,667
LoRaSim-MinimalTopology-0-20240420-23:09:08-5900,scalar,LoRa.server[8],totalSuccessRate,,,0.8678587962963
LoRaSim-MinimalTopology-0-20240420-23:09:08-5900,scalar,LoRa.server[8],totalSuccessProb,,,0.98278813361609
LoRaSim-MinimalTopology-0-20240420-23:09:08-5900,scalar,LoRa.server[8],duration,,,432000
LoRaSim-MinimalTopology-0-20240420-23:09:08-5900,scalar,LoRa.host[0],numOfHostsPerSF_Server0_SF7,,,141
LoRaSim-MinimalTopology-0-20240420-23:09:08-5900,scalar,LoRa.host[0],numOfHostsPerSF_Server0_SF8,,,38
LoRaSim-MinimalTopology-0-20240420-23:09:08-5900,scalar,LoRa.host[0],numOfHostsPerSF_Server0_SF9,,,23
LoRaSim-MinimalTopology-0-20240420-23:09:08-5900,scalar,LoRa.host[0],numOfHostsPerSF_Server0_SF10,,,0
LoRaSim-MinimalTopology-0-20240420-23:09:08-5900,scalar,LoRa.host[0],numOfHostsPerSF_Server0_SF11,,,0
LoRaSim-MinimalTopology-0-20240420-23:09:08-5900,scalar,LoRa.host[0],numOfHostsPerSF_Server0_SF12,,,0
LoRaSim-MinimalTopology-0-20240420-23:09:08-5900,scalar,LoRa.host[0],numOfHostsPerSF_Server1_SF7,,,121
LoRaSim-MinimalTopology-0-20240420-23:09:08-5900,scalar,LoRa.host[0],numOfHostsPerSF_Server1_SF8,,,34
LoRaSim-MinimalTopology-0-20240420-23:09:08-5900,scalar,LoRa.host[0],numOfHostsPerSF_Server1_SF9,,,11
LoRaSim-MinimalTopology-0-20240420-23:09:08-5900,scalar,LoRa.host[0],numOfHostsPerSF_Server1_SF10,,,0
LoRaSim-MinimalTopology-0-20240420-23:09:08-5900,scalar,LoRa.host[0],numOfHostsPerSF_Server1_SF11,,,0
LoRaSim-MinimalTopology-0-20240420-23:09:08-5900,scalar,LoRa.host[0],numOfHostsPerSF_Server1_SF12,,,0
LoRaSim-MinimalTopology-0-20240420-23:09:08-5900,scalar,LoRa.host[0],numOfHostsPerSF_Server2_SF7,,,130
LoRaSim-MinimalTopology-0-20240420-23:09:08-5900,scalar,LoRa.host[0],numOfHostsPerSF_Server2_SF8,,,34
LoRaSim-MinimalTopology-0-20240420-23:09:08-5900,scalar,LoRa.host[0],numOfHostsPerSF_Server2_SF9,,,18
LoRaSim-MinimalTopology-0-20240420-23:09:08-5900,scalar,LoRa.host[0],numOfHostsPerSF_Server2_SF10,,,0
LoRaSim-MinimalTopology-0-20240420-23:09:08-5900,scalar,LoRa.host[0],numOfHostsPerSF_Server2_SF11,,,0
LoRaSim-MinimalTopology-0-20240420-23:09:08-5900,scalar,LoRa.host[0],numOfHostsPerSF_Server2_SF12,,,0
LoRaSim-MinimalTopology-0-20240420-23:09:08-5900,scalar,LoRa.host[0],numOfHostsPerSF_Server3_SF7,,,139
LoRaSim-MinimalTopology-0-20240420-23:09:08-5900,scalar,LoRa.host[0],numOfHostsPerSF_Server3_SF8,,,18
LoRaSim-MinimalTopology-0-20240420-23:09:08-5900,scalar,LoRa.host[0],numOfHostsPerSF_Server3_SF9,,,18
LoRaSim-MinimalTopology-0-20240420-23:09:08-5900,scalar,LoRa.host[0],numOfHostsPerSF_Server3_SF10,,,0
LoRaSim-MinimalTopology-0-20240420-23:09:08-5900,scalar,LoRa.host[0],numOfHostsPerSF_Server3_SF11,,,0
LoRaSim-MinimalTopology-0-20240420-23:09:08-5900,scalar,LoRa.host[0],numOfHostsPerSF_Server3_SF12,,,0
LoRaSim-MinimalTopology-0-20240420-23:09:08-5900,scalar,LoRa.host[0],numOfHostsPerSF_Server4_SF7,,,133
LoRaSim-MinimalTopology-0-20240420-23:09:08-5900,scalar,LoRa.host[0],numOfHostsPerSF_Server4_SF8,,,38
LoRaSim-MinimalTopology-0-20240420-23:09:08-5900,scalar,LoRa.host[0],numOfHostsPerSF_Server4_SF9,,,16
LoRaSim-MinimalTopology-0-20240420-23:09:08-5900,scalar,LoRa.host[0],numOfHostsPerSF_Server4_SF10,,,0
LoRaSim-MinimalTopology-0-20240420-23:09:08-5900,scalar,LoRa.host[0],numOfHostsPerSF_Server4_SF11,,,0
LoRaSim-MinimalTopology-0-20240420-23:09:08-5900,scalar,LoRa.host[0],numOfHostsPerSF_Server4_SF12,,,0
LoRaSim-MinimalTopology-0-20240420-23:09:08-5900,scalar,LoRa.host[0],numOfHostsPerSF_Server5_SF7,,,135
LoRaSim-MinimalTopology-0-20240420-23:09:08-5900,scalar,LoRa.host[0],numOfHostsPerSF_Server5_SF8,,,34
LoRaSim-MinimalTopology-0-20240420-23:09:08-5900,scalar,LoRa.host[0],numOfHostsPerSF_Server5_SF9,,,12
LoRaSim-MinimalTopology-0-20240420-23:09:08-5900,scalar,LoRa.host[0],numOfHostsPerSF_Server5_SF10,,,0
LoRaSim-MinimalTopology-0-20240420-23:09:08-5900,scalar,LoRa.host[0],numOfHostsPerSF_Server5_SF11,,,0
LoRaSim-MinimalTopology-0-20240420-23:09:08-5900,scalar,LoRa.host[0],numOfHostsPerSF_Server5_SF12,,,0
LoRaSim-MinimalTopology-0-20240420-23:09:08-5900,scalar,LoRa.host[0],numOfHostsPerSF_Server6_SF7,,,129
LoRaSim-MinimalTopology-0-20240420-23:09:08-5900,scalar,LoRa.host[0],numOfHostsPerSF_Server6_SF8,,,32
LoRaSim-MinimalTopology-0-20240420-23:09:08-5900,scalar,LoRa.host[0],numOfHostsPerSF_Server6_SF9,,,19
LoRaSim-MinimalTopology-0-20240420-23:09:08-5900,scalar,LoRa.host[0],numOfHostsPerSF_Server6_SF10,,,0
LoRaSim-MinimalTopology-0-20240420-23:09:08-5900,scalar,LoRa.host[0],numOfHostsPerSF_Server6_SF11,,,0
LoRaSim-MinimalTopology-0-20240420-23:09:08-5900,scalar,LoRa.host[0],numOfHostsPerSF_Server6_SF12,,,0
LoRaSim-MinimalTopology-0-20240420-23:09:08-5900,scalar,LoRa.host[0],numOfHostsPerSF_Server7_SF7,,,141
LoRaSim-MinimalTopology-0-20240420-23:09:08-5900,scalar,LoRa.host[0],numOfHostsPerSF_Server7_SF8,,,37
LoRaSim-MinimalTopology-0-20240420-23:09:08-5900,scalar,LoRa.host[0],numOfHostsPerSF_Server7_SF9,,,15
LoRaSim-MinimalTopology-0-20240420-23:09:08-5900,scalar,LoRa.host[0],numOfHostsPerSF_Server7_SF10,,,0
LoRaSim-MinimalTopology-0-20240420-23:09:08-5900,scalar,LoRa.host[0],numOfHostsPerSF_Server7_SF11,,,0
LoRaSim-MinimalTopology-0-20240420-23:09:08-5900,scalar,LoRa.host[0],numOfHostsPerSF_Server7_SF12,,,0
LoRaSim-MinimalTopology-0-20240420-23:09:08-5900,scalar,LoRa.host[0],numOfHostsPerSF_Server8_SF7,,,305
LoRaSim-MinimalTopology-0-20240420-23:09:08-5900,scalar,LoRa.host[0],numOfHostsPerSF_Server8_SF8,,,131
LoRaSim-MinimalTopology-0-20240420-23:09:08-5900,scalar,LoRa.host[0],numOfHostsPerSF_Server8_SF9,,,98
LoRaSim-MinimalTopology-0-20240420-23:09:08-5900,scalar,LoRa.host[0],numOfHostsPerSF_Server8_SF10,,,0
LoRaSim-MinimalTopology-0-20240420-23:09:08-5900,scalar,LoRa.host[0],numOfHostsPerSF_Server8_SF11,,,0
LoRaSim-MinimalTopology-0-20240420-23:09:08-5900,scalar,LoRa.host[0],numOfHostsPerSF_Server8_SF12,,,0
LoRaSim-MinimalTopology-0-20240420-23:09:08-5900,scalar,_runattrs_,M,,,9
LoRaSim-MinimalTopology-0-20240420-23:09:08-5900,scalar,_runattrs_,N,,,2000
