run,type,module,name,attrname,attrvalue,value
LoRaSim-MinimalTopology-0-20240420-22:50:05-9208,runattr,,,configname,LoRaSim-MinimalTopology,
LoRaSim-MinimalTopology-0-20240420-22:50:05-9208,runattr,,,datetime,20240420-22:50:05,
LoRaSim-MinimalTopology-0-20240420-22:50:05-9208,runattr,,,experiment,LoRaSim-MinimalTopology,
LoRaSim-MinimalTopology-0-20240420-22:50:05-9208,runattr,,,inifile,omnetpp.ini,
LoRaSim-MinimalTopology-0-20240420-22:50:05-9208,runattr,,,iterationvars,"$N=5000, $M=5",
LoRaSim-MinimalTopology-0-20240420-22:50:05-9208,runattr,,,iterationvarsf,"N=5000,M=5-",
LoRaSim-MinimalTopology-0-20240420-22:50:05-9208,runattr,,,measurement,"$N=5000, $M=5",
LoRaSim-MinimalTopology-0-20240420-22:50:05-9208,runattr,,,network,LoRa,
LoRaSim-MinimalTopology-0-20240420-22:50:05-9208,runattr,,,processid,9208,
LoRaSim-MinimalTopology-0-20240420-22:50:05-9208,runattr,,,repetition,0,
LoRaSim-MinimalTopology-0-20240420-22:50:05-9208,runattr,,,replication,#0,
LoRaSim-MinimalTopology-0-20240420-22:50:05-9208,runattr,,,resultdir,results,
LoRaSim-MinimalTopology-0-20240420-22:50:05-9208,runattr,,,runnumber,0,
LoRaSim-MinimalTopology-0-20240420-22:50:05-9208,runattr,,,seedset,0,
LoRaSim-MinimalTopology-0-20240420-22:50:05-9208,itervar,,,M,5,
LoRaSim-MinimalTopology-0-20240420-22:50:05-9208,itervar,,,N,5000,
LoRaSim-MinimalTopology-0-20240420-22:50:05-9208,param,,,LoRa.host[*].isBufferingEvents,false,
LoRaSim-MinimalTopology-0-20240420-22:50:05-9208,param,,,LoRa.host[*].addFrameHeader,false,
LoRaSim-MinimalTopology-0-20240420-22:50:05-9208,param,,,LoRa.host[*].nbOfChannels,3,
LoRaSim-MinimalTopology-0-20240420-22:50:05-9208,param,,,LoRa.numHosts,5000,
LoRaSim-MinimalTopology-0-20240420-22:50:05-9208,param,,,LoRa.host[*].iaTime,exponential(600s),
LoRaSim-MinimalTopology-0-20240420-22:50:05-9208,param,,,LoRa.host[*].pkLenBits,160b,
LoRaSim-MinimalTopology-0-20240420-22:50:05-9208,param,,,LoRa.netR,6333.83 m,
LoRaSim-MinimalTopology-0-20240420-22:50:05-9208,param,,,LoRa.server[*].pathlossExp,3,
LoRaSim-MinimalTopology-0-20240420-22:50:05-9208,param,,,LoRa.server[*].BW,125,
LoRaSim-MinimalTopology-0-20240420-22:50:05-9208,param,,,LoRa.numServers,5,
LoRaSim-MinimalTopology-0-20240420-22:50:05-9208,param,,,LoRa.server[0].x,-6333.83m,
LoRaSim-MinimalTopology-0-20240420-22:50:05-9208,param,,,LoRa.server[0].y,0,
LoRaSim-MinimalTopology-0-20240420-22:50:05-9208,param,,,LoRa.server[1].x,6333.83m,
LoRaSim-MinimalTopology-0-20240420-22:50:05-9208,param,,,LoRa.server[1].y,0,
LoRaSim-MinimalTopology-0-20240420-22:50:05-9208,param,,,LoRa.server[2].x,0,
LoRaSim-MinimalTopology-0-20240420-22:50:05-9208,param,,,LoRa.server[2].y,6333.83m,
LoRaSim-MinimalTopology-0-20240420-22:50:05-9208,param,,,LoRa.server[3].x,0,
LoRaSim-MinimalTopology-0-20240420-22:50:05-9208,param,,,LoRa.server[3].y,-6333.83m,
LoRaSim-MinimalTopology-0-20240420-22:50:05-9208,param,,,LoRa.server[4].x,0,
LoRaSim-MinimalTopology-0-20240420-22:50:05-9208,param,,,LoRa.server[4].y,0,
LoRaSim-MinimalTopology-0-20240420-22:50:05-9208,param,,,**.animationHoldTimeOnCollision,0s,
LoRaSim-MinimalTopology-0-20240420-22:50:05-9208,param,,,**.idleAnimationSpeed,1,
LoRaSim-MinimalTopology-0-20240420-22:50:05-9208,param,,,**.transmissionEdgeAnimationSpeed,1e-6,
LoRaSim-MinimalTopology-0-20240420-22:50:05-9208,param,,,**.midTransmissionAnimationSpeed,1e-1,
LoRaSim-MinimalTopology-0-20240420-22:50:05-9208,param,,,LoRa.slotTime,0,
LoRaSim-MinimalTopology-0-20240420-22:50:05-9208,param,,,LoRa.dutyCycleActive,true,
LoRaSim-MinimalTopology-0-20240420-22:50:05-9208,scalar,LoRa.server[0],SF: 7,,,1.3716527777778
LoRaSim-MinimalTopology-0-20240420-22:50:05-9208,scalar,LoRa.server[0],rcvCounter: 7,,,609040
LoRaSim-MinimalTopology-0-20240420-22:50:05-9208,scalar,LoRa.server[0],noOfCollidedPackets: 7,,,16486
LoRaSim-MinimalTopology-0-20240420-22:50:05-9208,scalar,LoRa.server[0],noOfSuccessPackets: 7,,,592554
LoRaSim-MinimalTopology-0-20240420-22:50:05-9208,scalar,LoRa.server[0],noOfHostsInSFTier: 7,,,739
LoRaSim-MinimalTopology-0-20240420-22:50:05-9208,scalar,LoRa.server[0],SF: 8,,,0
LoRaSim-MinimalTopology-0-20240420-22:50:05-9208,scalar,LoRa.server[0],rcvCounter: 8,,,0
LoRaSim-MinimalTopology-0-20240420-22:50:05-9208,scalar,LoRa.server[0],noOfCollidedPackets: 8,,,0
LoRaSim-MinimalTopology-0-20240420-22:50:05-9208,scalar,LoRa.server[0],noOfSuccessPackets: 8,,,0
LoRaSim-MinimalTopology-0-20240420-22:50:05-9208,scalar,LoRa.server[0],noOfHostsInSFTier: 8,,,331
LoRaSim-MinimalTopology-0-20240420-22:50:05-9208,scalar,LoRa.server[0],SF: 9,,,0
LoRaSim-MinimalTopology-0-20240420-22:50:05-9208,scalar,LoRa.server[0],rcvCounter: 9,,,0
LoRaSim-MinimalTopology-0-20240420-22:50:05-9208,scalar,LoRa.server[0],noOfCollidedPackets: 9,,,0
LoRaSim-MinimalTopology-0-20240420-22:50:05-9208,scalar,LoRa.server[0],noOfSuccessPackets: 9,,,0
LoRaSim-MinimalTopology-0-20240420-22:50:05-9208,scalar,LoRa.server[0],noOfHostsInSFTier: 9,,,539
LoRaSim-MinimalTopology-0-20240420-22:50:05-9208,scalar,LoRa.server[0],SF: 10,,,0
LoRaSim-MinimalTopology-0-20240420-22:50:05-9208,scalar,LoRa.server[0],rcvCounter: 10,,,0
LoRaSim-MinimalTopology-0-20240420-22:50:05-9208,scalar,LoRa.server[0],noOfCollidedPackets: 10,,,0
LoRaSim-MinimalTopology-0-20240420-22:50:05-9208,scalar,LoRa.server[0],noOfSuccessPackets: 10,,,0
LoRaSim-MinimalTopology-0-20240420-22:50:05-9208,scalar,LoRa.server[0],noOfHostsInSFTier: 10,,,767
LoRaSim-MinimalTopology-0-20240420-22:50:05-9208,scalar,LoRa.server[0],SF: 11,,,0
LoRaSim-MinimalTopology-0-20240420-22:50:05-9208,scalar,LoRa.server[0],rcvCounter: 11,,,0
LoRaSim-MinimalTopology-0-20240420-22:50:05-9208,scalar,LoRa.server[0],noOfCollidedPackets: 11,,,0
LoRaSim-MinimalTopology-0-20240420-22:50:05-9208,scalar,LoRa.server[0],noOfSuccessPackets: 11,,,0
LoRaSim-MinimalTopology-0-20240420-22:50:05-9208,scalar,LoRa.server[0],noOfHostsInSFTier: 11,,,1043
LoRaSim-MinimalTopology-0-20240420-22:50:05-9208,scalar,LoRa.server[0],SF: 12,,,0
LoRaSim-MinimalTopology-0-20240420-22:50:05-9208,scalar,LoRa.server[0],rcvCounter: 12,,,0
LoRaSim-MinimalTopology-0-20240420-22:50:05-9208,scalar,LoRa.server[0],noOfCollidedPackets: 12,,,0
LoRaSim-MinimalTopology-0-20240420-22:50:05-9208,scalar,LoRa.server[0],noOfSuccessPackets: 12,,,0
LoRaSim-MinimalTopology-0-20240420-22:50:05-9208,scalar,LoRa.server[0],noOfHostsInSFTier: 12,,,1577
LoRaSim-MinimalTopology-0-20240420-22:50:05-9208,scalar,LoRa.server[0],totalSuccessRate,,,1.3716527777778
LoRaSim-MinimalTopology-0-20240420-22:50:05-9208,scalar,LoRa.server[0],totalSuccessProb,,,0.97293117036648
LoRaSim-MinimalTopology-0-20240420-22:50:05-9208,scalar,LoRa.server[0],duration,,,432000
LoRaSim-MinimalTopology-0-20240420-22:50:05-9208,scalar,LoRa.server[1],SF: 7,,,1.403775462963
LoRaSim-MinimalTopology-0-20240420-22:50:05-9208,scalar,LoRa.server[1],rcvCounter: 7,,,623739
LoRaSim-MinimalTopology-0-20240420-22:50:05-9208,scalar,LoRa.server[1],noOfCollidedPackets: 7,,,17308
LoRaSim-MinimalTopology-0-20240420-22:50:05-9208,scalar,LoRa.server[1],noOfSuccessPackets: 7,,,606431
LoRaSim-MinimalTopology-0-20240420-22:50:05-9208,scalar,LoRa.server[1],noOfHostsInSFTier: 7,,,739
LoRaSim-MinimalTopology-0-20240420-22:50:05-9208,scalar,LoRa.server[1],SF: 8,,,0
LoRaSim-MinimalTopology-0-20240420-22:50:05-9208,scalar,LoRa.server[1],rcvCounter: 8,,,0
LoRaSim-MinimalTopology-0-20240420-22:50:05-9208,scalar,LoRa.server[1],noOfCollidedPackets: 8,,,0
LoRaSim-MinimalTopology-0-20240420-22:50:05-9208,scalar,LoRa.server[1],noOfSuccessPackets: 8,,,0
LoRaSim-MinimalTopology-0-20240420-22:50:05-9208,scalar,LoRa.server[1],noOfHostsInSFTier: 8,,,331
LoRaSim-MinimalTopology-0-20240420-22:50:05-9208,scalar,LoRa.server[1],SF: 9,,,0
LoRaSim-MinimalTopology-0-20240420-22:50:05-9208,scalar,LoRa.server[1],rcvCounter: 9,,,0
LoRaSim-MinimalTopology-0-20240420-22:50:05-9208,scalar,LoRa.server[1],noOfCollidedPackets: 9,,,0
LoRaSim-MinimalTopology-0-20240420-22:50:05-9208,scalar,LoRa.server[1],noOfSuccessPackets: 9,,,0
LoRaSim-MinimalTopology-0-20240420-22:50:05-9208,scalar,LoRa.server[1],noOfHostsInSFTier: 9,,,539
LoRaSim-MinimalTopology-0-20240420-22:50:05-9208,scalar,LoRa.server[1],SF: 10,,,0
LoRaSim-MinimalTopology-0-20240420-22:50:05-9208,scalar,LoRa.server[1],rcvCounter: 10,,,0
LoRaSim-MinimalTopology-0-20240420-22:50:05-9208,scalar,LoRa.server[1],noOfCollidedPackets: 10,,,0
LoRaSim-MinimalTopology-0-20240420-22:50:05-9208,scalar,LoRa.server[1],noOfSuccessPackets: 10,,,0
LoRaSim-MinimalTopology-0-20240420-22:50:05-9208,scalar,LoRa.server[1],noOfHostsInSFTier: 10,,,767
LoRaSim-MinimalTopology-0-20240420-22:50:05-9208,scalar,LoRa.server[1],SF: 11,,,0
LoRaSim-MinimalTopology-0-20240420-22:50:05-9208,scalar,LoRa.server[1],rcvCounter: 11,,,0
LoRaSim-MinimalTopology-0-20240420-22:50:05-9208,scalar,LoRa.server[1],noOfCollidedPackets: 11,,,0
LoRaSim-MinimalTopology-0-20240420-22:50:05-9208,scalar,LoRa.server[1],noOfSuccessPackets: 11,,,0
LoRaSim-MinimalTopology-0-20240420-22:50:05-9208,scalar,LoRa.server[1],noOfHostsInSFTier: 11,,,1043
LoRaSim-MinimalTopology-0-20240420-22:50:05-9208,scalar,LoRa.server[1],SF: 12,,,0
LoRaSim-MinimalTopology-0-20240420-22:50:05-9208,scalar,LoRa.server[1],rcvCounter: 12,,,0
LoRaSim-MinimalTopology-0-20240420-22:50:05-9208,scalar,LoRa.server[1],noOfCollidedPackets: 12,,,0
LoRaSim-MinimalTopology-0-20240420-22:50:05-9208,scalar,LoRa.server[1],noOfSuccessPackets: 12,,,0
LoRaSim-MinimalTopology-0-20240420-22:50:05-9208,scalar,LoRa.server[1],noOfHostsInSFTier: 12,,,1577
LoRaSim-MinimalTopology-0-20240420-22:50:05-9208,scalar,LoRa.server[1],totalSuccessRate,,,1.403775462963
LoRaSim-MinimalTopology-0-20240420-22:50:05-9208,scalar,LoRa.server[1],totalSuccessProb,,,0.97225121404947
LoRaSim-MinimalTopology-0-20240420-22:50:05-9208,scalar,LoRa.server[1],duration,,,432000
LoRaSim-MinimalTopology-0-20240420-22:50:05-9208,scalar,LoRa.server[2],SF: 7,,,1.3858148148148
LoRaSim-MinimalTopology-0-20240420-22:50:05-9208,scalar,LoRa.server[2],rcvCounter: 7,,,615396
LoRaSim-MinimalTopology-0-20240420-22:50:05-9208,scalar,LoRa.server[2],noOfCollidedPackets: 7,,,16724
LoRaSim-MinimalTopology-0-20240420-22:50:05-9208,scalar,LoRa.server[2],noOfSuccessPackets: 7,,,598672
LoRaSim-MinimalTopology-0-20240420-22:50:05-9208,scalar,LoRa.server[2],noOfHostsInSFTier: 7,,,739
LoRaSim-MinimalTopology-0-20240420-22:50:05-9208,scalar,LoRa.server[2],SF: 8,,,0
LoRaSim-MinimalTopology-0-20240420-22:50:05-9208,scalar,LoRa.server[2],rcvCounter: 8,,,0
LoRaSim-MinimalTopology-0-20240420-22:50:05-9208,scalar,LoRa.server[2],noOfCollidedPackets: 8,,,0
LoRaSim-MinimalTopology-0-20240420-22:50:05-9208,scalar,LoRa.server[2],noOfSuccessPackets: 8,,,0
LoRaSim-MinimalTopology-0-20240420-22:50:05-9208,scalar,LoRa.server[2],noOfHostsInSFTier: 8,,,331
LoRaSim-MinimalTopology-0-20240420-22:50:05-9208,scalar,LoRa.server[2],SF: 9,,,0
LoRaSim-MinimalTopology-0-20240420-22:50:05-9208,scalar,LoRa.server[2],rcvCounter: 9,,,0
LoRaSim-MinimalTopology-0-20240420-22:50:05-9208,scalar,LoRa.server[2],noOfCollidedPackets: 9,,,0
LoRaSim-MinimalTopology-0-20240420-22:50:05-9208,scalar,LoRa.server[2],noOfSuccessPackets: 9,,,0
LoRaSim-MinimalTopology-0-20240420-22:50:05-9208,scalar,LoRa.server[2],noOfHostsInSFTier: 9,,,539
LoRaSim-MinimalTopology-0-20240420-22:50:05-9208,scalar,LoRa.server[2],SF: 10,,,0
LoRaSim-MinimalTopology-0-20240420-22:50:05-9208,scalar,LoRa.server[2],rcvCounter: 10,,,0
LoRaSim-MinimalTopology-0-20240420-22:50:05-9208,scalar,LoRa.server[2],noOfCollidedPackets: 10,,,0
LoRaSim-MinimalTopology-0-20240420-22:50:05-9208,scalar,LoRa.server[2],noOfSuccessPackets: 10,,,0
LoRaSim-MinimalTopology-0-20240420-22:50:05-9208,scalar,LoRa.server[2],noOfHostsInSFTier: 10,,,767
LoRaSim-MinimalTopology-0-20240420-22:50:05-9208,scalar,LoRa.server[2],SF: 11,,,0
LoRaSim-MinimalTopology-0-20240420-22:50:05-9208,scalar,LoRa.server[2],rcvCounter: 11,,,0
LoRaSim-MinimalTopology-0-20240420-22:50:05-9208,scalar,LoRa.server[2],noOfCollidedPackets: 11,,,0
LoRaSim-MinimalTopology-0-20240420-22:50:05-9208,scalar,LoRa.server[2],noOfSuccessPackets: 11,,,0
LoRaSim-MinimalTopology-0-20240420-22:50:05-9208,scalar,LoRa.server[2],noOfHostsInSFTier: 11,,,1043
LoRaSim-MinimalTopology-0-20240420-22:50:05-9208,scalar,LoRa.server[2],SF: 12,,,0
LoRaSim-MinimalTopology-0-20240420-22:50:05-9208,scalar,LoRa.server[2],rcvCounter: 12,,,0
LoRaSim-MinimalTopology-0-20240420-22:50:05-9208,scalar,LoRa.server[2],noOfCollidedPackets: 12,,,0
LoRaSim-MinimalTopology-0-20240420-22:50:05-9208,scalar,LoRa.server[2],noOfSuccessPackets: 12,,,0
LoRaSim-MinimalTopology-0-20240420-22:50:05-9208,scalar,LoRa.server[2],noOfHostsInSFTier: 12,,,1577
LoRaSim-MinimalTopology-0-20240420-22:50:05-9208,scalar,LoRa.server[2],totalSuccessRate,,,1.3858148148148
LoRaSim-MinimalTopology-0-20240420-22:50:05-9208,scalar,LoRa.server[2],totalSuccessProb,,,0.97282400275595
LoRaSim-MinimalTopology-0-20240420-22:50:05-9208,scalar,LoRa.server[2],duration,,,432000
LoRaSim-MinimalTopology-0-20240420-22:50:05-9208,scalar,LoRa.server[3],SF: 7,,,1.3431712962963
LoRaSim-MinimalTopology-0-20240420-22:50:05-9208,scalar,LoRa.server[3],rcvCounter: 7,,,595976
LoRaSim-MinimalTopology-0-20240420-22:50:05-9208,scalar,LoRa.server[3],noOfCollidedPackets: 7,,,15726
LoRaSim-MinimalTopology-0-20240420-22:50:05-9208,scalar,LoRa.server[3],noOfSuccessPackets: 7,,,580250
LoRaSim-MinimalTopology-0-20240420-22:50:05-9208,scalar,LoRa.server[3],noOfHostsInSFTier: 7,,,739
LoRaSim-MinimalTopology-0-20240420-22:50:05-9208,scalar,LoRa.server[3],SF: 8,,,0
LoRaSim-MinimalTopology-0-20240420-22:50:05-9208,scalar,LoRa.server[3],rcvCounter: 8,,,0
LoRaSim-MinimalTopology-0-20240420-22:50:05-9208,scalar,LoRa.server[3],noOfCollidedPackets: 8,,,0
LoRaSim-MinimalTopology-0-20240420-22:50:05-9208,scalar,LoRa.server[3],noOfSuccessPackets: 8,,,0
LoRaSim-MinimalTopology-0-20240420-22:50:05-9208,scalar,LoRa.server[3],noOfHostsInSFTier: 8,,,331
LoRaSim-MinimalTopology-0-20240420-22:50:05-9208,scalar,LoRa.server[3],SF: 9,,,0
LoRaSim-MinimalTopology-0-20240420-22:50:05-9208,scalar,LoRa.server[3],rcvCounter: 9,,,0
LoRaSim-MinimalTopology-0-20240420-22:50:05-9208,scalar,LoRa.server[3],noOfCollidedPackets: 9,,,0
LoRaSim-MinimalTopology-0-20240420-22:50:05-9208,scalar,LoRa.server[3],noOfSuccessPackets: 9,,,0
LoRaSim-MinimalTopology-0-20240420-22:50:05-9208,scalar,LoRa.server[3],noOfHostsInSFTier: 9,,,539
LoRaSim-MinimalTopology-0-20240420-22:50:05-9208,scalar,LoRa.server[3],SF: 10,,,0
LoRaSim-MinimalTopology-0-20240420-22:50:05-9208,scalar,LoRa.server[3],rcvCounter: 10,,,0
LoRaSim-MinimalTopology-0-20240420-22:50:05-9208,scalar,LoRa.server[3],noOfCollidedPackets: 10,,,0
LoRaSim-MinimalTopology-0-20240420-22:50:05-9208,scalar,LoRa.server[3],noOfSuccessPackets: 10,,,0
LoRaSim-MinimalTopology-0-20240420-22:50:05-9208,scalar,LoRa.server[3],noOfHostsInSFTier: 10,,,767
LoRaSim-MinimalTopology-0-20240420-22:50:05-9208,scalar,LoRa.server[3],SF: 11,,,0
LoRaSim-MinimalTopology-0-20240420-22:50:05-9208,scalar,LoRa.server[3],rcvCounter: 11,,,0
LoRaSim-MinimalTopology-0-20240420-22:50:05-9208,scalar,LoRa.server[3],noOfCollidedPackets: 11,,,0
LoRaSim-MinimalTopology-0-20240420-22:50:05-9208,scalar,LoRa.server[3],noOfSuccessPackets: 11,,,0
LoRaSim-MinimalTopology-0-20240420-22:50:05-9208,scalar,LoRa.server[3],noOfHostsInSFTier: 11,,,1043
LoRaSim-MinimalTopology-0-20240420-22:50:05-9208,scalar,LoRa.server[3],SF: 12,,,0
LoRaSim-MinimalTopology-0-20240420-22:50:05-9208,scalar,LoRa.server[3],rcvCounter: 12,,,0
LoRaSim-MinimalTopology-0-20240420-22:50:05-9208,scalar,LoRa.server[3],noOfCollidedPackets: 12,,,0
LoRaSim-MinimalTopology-0-20240420-22:50:05-9208,scalar,LoRa.server[3],noOfSuccessPackets: 12,,,0
LoRaSim-MinimalTopology-0-20240420-22:50:05-9208,scalar,LoRa.server[3],noOfHostsInSFTier: 12,,,1577
LoRaSim-MinimalTopology-0-20240420-22:50:05-9208,scalar,LoRa.server[3],totalSuccessRate,,,1.3431712962963
LoRaSim-MinimalTopology-0-20240420-22:50:05-9208,scalar,LoRa.server[3],totalSuccessProb,,,0.97361303139724
LoRaSim-MinimalTopology-0-20240420-22:50:05-9208,scalar,LoRa.server[3],duration,,,432000
LoRaSim-MinimalTopology-0-20240420-22:50:05-9208,scalar,LoRa.server[4],SF: 7,,,2.4991180555556
LoRaSim-MinimalTopology-0-20240420-22:50:05-9208,scalar,LoRa.server[4],rcvCounter: 7,,,1136747
LoRaSim-MinimalTopology-0-20240420-22:50:05-9208,scalar,LoRa.server[4],noOfCollidedPackets: 7,,,57128
LoRaSim-MinimalTopology-0-20240420-22:50:05-9208,scalar,LoRa.server[4],noOfSuccessPackets: 7,,,1079619
LoRaSim-MinimalTopology-0-20240420-22:50:05-9208,scalar,LoRa.server[4],noOfHostsInSFTier: 7,,,739
LoRaSim-MinimalTopology-0-20240420-22:50:05-9208,scalar,LoRa.server[4],SF: 8,,,0
LoRaSim-MinimalTopology-0-20240420-22:50:05-9208,scalar,LoRa.server[4],rcvCounter: 8,,,0
LoRaSim-MinimalTopology-0-20240420-22:50:05-9208,scalar,LoRa.server[4],noOfCollidedPackets: 8,,,0
LoRaSim-MinimalTopology-0-20240420-22:50:05-9208,scalar,LoRa.server[4],noOfSuccessPackets: 8,,,0
LoRaSim-MinimalTopology-0-20240420-22:50:05-9208,scalar,LoRa.server[4],noOfHostsInSFTier: 8,,,331
LoRaSim-MinimalTopology-0-20240420-22:50:05-9208,scalar,LoRa.server[4],SF: 9,,,0
LoRaSim-MinimalTopology-0-20240420-22:50:05-9208,scalar,LoRa.server[4],rcvCounter: 9,,,0
LoRaSim-MinimalTopology-0-20240420-22:50:05-9208,scalar,LoRa.server[4],noOfCollidedPackets: 9,,,0
LoRaSim-MinimalTopology-0-20240420-22:50:05-9208,scalar,LoRa.server[4],noOfSuccessPackets: 9,,,0
LoRaSim-MinimalTopology-0-20240420-22:50:05-9208,scalar,LoRa.server[4],noOfHostsInSFTier: 9,,,539
LoRaSim-MinimalTopology-0-20240420-22:50:05-9208,scalar,LoRa.server[4],SF: 10,,,0
LoRaSim-MinimalTopology-0-20240420-22:50:05-9208,scalar,LoRa.server[4],rcvCounter: 10,,,0
LoRaSim-MinimalTopology-0-20240420-22:50:05-9208,scalar,LoRa.server[4],noOfCollidedPackets: 10,,,0
LoRaSim-MinimalTopology-0-20240420-22:50:05-9208,scalar,LoRa.server[4],noOfSuccessPackets: 10,,,0
LoRaSim-MinimalTopology-0-20240420-22:50:05-9208,scalar,LoRa.server[4],noOfHostsInSFTier: 10,,,767
LoRaSim-MinimalTopology-0-20240420-22:50:05-9208,scalar,LoRa.server[4],SF: 11,,,0
LoRaSim-MinimalTopology-0-20240420-22:50:05-9208,scalar,LoRa.server[4],rcvCounter: 11,,,0
LoRaSim-MinimalTopology-0-20240420-22:50:05-9208,scalar,LoRa.server[4],noOfCollidedPackets: 11,,,0
LoRaSim-MinimalTopology-0-20240420-22:50:05-9208,scalar,LoRa.server[4],noOfSuccessPackets: 11,,,0
LoRaSim-MinimalTopology-0-20240420-22:50:05-9208,scalar,LoRa.server[4],noOfHostsInSFTier: 11,,,1043
LoRaSim-MinimalTopology-0-20240420-22:50:05-9208,scalar,LoRa.server[4],SF: 12,,,0
LoRaSim-MinimalTopology-0-20240420-22:50:05-9208,scalar,LoRa.server[4],rcvCounter: 12,,,0
LoRaSim-MinimalTopology-0-20240420-22:50:05-9208,scalar,LoRa.server[4],noOfCollidedPackets: 12,,,0
LoRaSim-MinimalTopology-0-20240420-22:50:05-9208,scalar,LoRa.server[4],noOfSuccessPackets: 12,,,0
LoRaSim-MinimalTopology-0-20240420-22:50:05-9208,scalar,LoRa.server[4],noOfHostsInSFTier: 12,,,1577
LoRaSim-MinimalTopology-0-20240420-22:50:05-9208,scalar,LoRa.server[4],totalSuccessRate,,,2.4991180555556
LoRaSim-MinimalTopology-0-20240420-22:50:05-9208,scalar,LoRa.server[4],totalSuccessProb,,,0.94974431425814
LoRaSim-MinimalTopology-0-20240420-22:50:05-9208,scalar,LoRa.server[4],duration,,,432000
LoRaSim-MinimalTopology-0-20240420-22:50:05-9208,scalar,LoRa.host[0],numOfHostsPerSF_Server0_SF7,,,329
LoRaSim-MinimalTopology-0-20240420-22:50:05-9208,scalar,LoRa.host[0],numOfHostsPerSF_Server0_SF8,,,159
LoRaSim-MinimalTopology-0-20240420-22:50:05-9208,scalar,LoRa.host[0],numOfHostsPerSF_Server0_SF9,,,175
LoRaSim-MinimalTopology-0-20240420-22:50:05-9208,scalar,LoRa.host[0],numOfHostsPerSF_Server0_SF10,,,150
LoRaSim-MinimalTopology-0-20240420-22:50:05-9208,scalar,LoRa.host[0],numOfHostsPerSF_Server0_SF11,,,36
LoRaSim-MinimalTopology-0-20240420-22:50:05-9208,scalar,LoRa.host[0],numOfHostsPerSF_Server0_SF12,,,0
LoRaSim-MinimalTopology-0-20240420-22:50:05-9208,scalar,LoRa.host[0],numOfHostsPerSF_Server1_SF7,,,342
LoRaSim-MinimalTopology-0-20240420-22:50:05-9208,scalar,LoRa.host[0],numOfHostsPerSF_Server1_SF8,,,153
LoRaSim-MinimalTopology-0-20240420-22:50:05-9208,scalar,LoRa.host[0],numOfHostsPerSF_Server1_SF9,,,169
LoRaSim-MinimalTopology-0-20240420-22:50:05-9208,scalar,LoRa.host[0],numOfHostsPerSF_Server1_SF10,,,166
LoRaSim-MinimalTopology-0-20240420-22:50:05-9208,scalar,LoRa.host[0],numOfHostsPerSF_Server1_SF11,,,43
LoRaSim-MinimalTopology-0-20240420-22:50:05-9208,scalar,LoRa.host[0],numOfHostsPerSF_Server1_SF12,,,0
LoRaSim-MinimalTopology-0-20240420-22:50:05-9208,scalar,LoRa.host[0],numOfHostsPerSF_Server2_SF7,,,346
LoRaSim-MinimalTopology-0-20240420-22:50:05-9208,scalar,LoRa.host[0],numOfHostsPerSF_Server2_SF8,,,148
LoRaSim-MinimalTopology-0-20240420-22:50:05-9208,scalar,LoRa.host[0],numOfHostsPerSF_Server2_SF9,,,167
LoRaSim-MinimalTopology-0-20240420-22:50:05-9208,scalar,LoRa.host[0],numOfHostsPerSF_Server2_SF10,,,156
LoRaSim-MinimalTopology-0-20240420-22:50:05-9208,scalar,LoRa.host[0],numOfHostsPerSF_Server2_SF11,,,42
LoRaSim-MinimalTopology-0-20240420-22:50:05-9208,scalar,LoRa.host[0],numOfHostsPerSF_Server2_SF12,,,0
LoRaSim-MinimalTopology-0-20240420-22:50:05-9208,scalar,LoRa.host[0],numOfHostsPerSF_Server3_SF7,,,312
LoRaSim-MinimalTopology-0-20240420-22:50:05-9208,scalar,LoRa.host[0],numOfHostsPerSF_Server3_SF8,,,150
LoRaSim-MinimalTopology-0-20240420-22:50:05-9208,scalar,LoRa.host[0],numOfHostsPerSF_Server3_SF9,,,180
LoRaSim-MinimalTopology-0-20240420-22:50:05-9208,scalar,LoRa.host[0],numOfHostsPerSF_Server3_SF10,,,152
LoRaSim-MinimalTopology-0-20240420-22:50:05-9208,scalar,LoRa.host[0],numOfHostsPerSF_Server3_SF11,,,36
LoRaSim-MinimalTopology-0-20240420-22:50:05-9208,scalar,LoRa.host[0],numOfHostsPerSF_Server3_SF12,,,0
LoRaSim-MinimalTopology-0-20240420-22:50:05-9208,scalar,LoRa.host[0],numOfHostsPerSF_Server4_SF7,,,739
LoRaSim-MinimalTopology-0-20240420-22:50:05-9208,scalar,LoRa.host[0],numOfHostsPerSF_Server4_SF8,,,331
LoRaSim-MinimalTopology-0-20240420-22:50:05-9208,scalar,LoRa.host[0],numOfHostsPerSF_Server4_SF9,,,368
LoRaSim-MinimalTopology-0-20240420-22:50:05-9208,scalar,LoRa.host[0],numOfHostsPerSF_Server4_SF10,,,147
LoRaSim-MinimalTopology-0-20240420-22:50:05-9208,scalar,LoRa.host[0],numOfHostsPerSF_Server4_SF11,,,4
LoRaSim-MinimalTopology-0-20240420-22:50:05-9208,scalar,LoRa.host[0],numOfHostsPerSF_Server4_SF12,,,0
LoRaSim-MinimalTopology-0-20240420-22:50:05-9208,scalar,_runattrs_,M,,,5
LoRaSim-MinimalTopology-0-20240420-22:50:05-9208,scalar,_runattrs_,N,,,5000
