run,type,module,name,attrname,attrvalue,value
LoRaSim-MinimalTopology-0-20240420-22:48:25-14900,runattr,,,configname,LoRaSim-MinimalTopology,
LoRaSim-MinimalTopology-0-20240420-22:48:25-14900,runattr,,,datetime,20240420-22:48:25,
LoRaSim-MinimalTopology-0-20240420-22:48:25-14900,runattr,,,experiment,LoRaSim-MinimalTopology,
LoRaSim-MinimalTopology-0-20240420-22:48:25-14900,runattr,,,inifile,omnetpp.ini,
LoRaSim-MinimalTopology-0-20240420-22:48:25-14900,runattr,,,iterationvars,"$N=4000, $M=5",
LoRaSim-MinimalTopology-0-20240420-22:48:25-14900,runattr,,,iterationvarsf,"N=4000,M=5-",
LoRaSim-MinimalTopology-0-20240420-22:48:25-14900,runattr,,,measurement,"$N=4000, $M=5",
LoRaSim-MinimalTopology-0-20240420-22:48:25-14900,runattr,,,network,LoRa,
LoRaSim-MinimalTopology-0-20240420-22:48:25-14900,runattr,,,processid,14900,
LoRaSim-MinimalTopology-0-20240420-22:48:25-14900,runattr,,,repetition,0,
LoRaSim-MinimalTopology-0-20240420-22:48:25-14900,runattr,,,replication,#0,
LoRaSim-MinimalTopology-0-20240420-22:48:25-14900,runattr,,,resultdir,results,
LoRaSim-MinimalTopology-0-20240420-22:48:25-14900,runattr,,,runnumber,0,
LoRaSim-MinimalTopology-0-20240420-22:48:25-14900,runattr,,,seedset,0,
LoRaSim-MinimalTopology-0-20240420-22:48:25-14900,itervar,,,M,5,
LoRaSim-MinimalTopology-0-20240420-22:48:25-14900,itervar,,,N,4000,
LoRaSim-MinimalTopology-0-20240420-22:48:25-14900,param,,,LoRa.host[*].isBufferingEvents,false,
LoRaSim-MinimalTopology-0-20240420-22:48:25-14900,param,,,LoRa.host[*].addFrameHeader,false,
LoRaSim-MinimalTopology-0-20240420-22:48:25-14900,param,,,LoRa.host[*].nbOfChannels,3,
LoRaSim-MinimalTopology-0-20240420-22:48:25-14900,param,,,LoRa.numHosts,4000,
LoRaSim-MinimalTopology-0-20240420-22:48:25-14900,param,,,LoRa.host[*].iaTime,exponential(600s),
LoRaSim-MinimalTopology-0-20240420-22:48:25-14900,param,,,LoRa.host[*].pkLenBits,160b,
LoRaSim-MinimalTopology-0-20240420-22:48:25-14900,param,,,LoRa.netR,6333.83 m,
LoRaSim-MinimalTopology-0-20240420-22:48:25-14900,param,,,LoRa.server[*].pathlossExp,3,
LoRaSim-MinimalTopology-0-20240420-22:48:25-14900,param,,,LoRa.server[*].BW,125,
LoRaSim-MinimalTopology-0-20240420-22:48:25-14900,param,,,LoRa.numServers,5,
LoRaSim-MinimalTopology-0-20240420-22:48:25-14900,param,,,LoRa.server[0].x,-6333.83m,
LoRaSim-MinimalTopology-0-20240420-22:48:25-14900,param,,,LoRa.server[0].y,0,
LoRaSim-MinimalTopology-0-20240420-22:48:25-14900,param,,,LoRa.server[1].x,6333.83m,
LoRaSim-MinimalTopology-0-20240420-22:48:25-14900,param,,,LoRa.server[1].y,0,
LoRaSim-MinimalTopology-0-20240420-22:48:25-14900,param,,,LoRa.server[2].x,0,
LoRaSim-MinimalTopology-0-20240420-22:48:25-14900,param,,,LoRa.server[2].y,6333.83m,
LoRaSim-MinimalTopology-0-20240420-22:48:25-14900,param,,,LoRa.server[3].x,0,
LoRaSim-MinimalTopology-0-20240420-22:48:25-14900,param,,,LoRa.server[3].y,-6333.83m,
LoRaSim-MinimalTopology-0-20240420-22:48:25-14900,param,,,LoRa.server[4].x,0,
LoRaSim-MinimalTopology-0-20240420-22:48:25-14900,param,,,LoRa.server[4].y,0,
LoRaSim-MinimalTopology-0-20240420-22:48:25-14900,param,,,**.animationHoldTimeOnCollision,0s,
LoRaSim-MinimalTopology-0-20240420-22:48:25-14900,param,,,**.idleAnimationSpeed,1,
LoRaSim-MinimalTopology-0-20240420-22:48:25-14900,param,,,**.transmissionEdgeAnimationSpeed,1e-6,
LoRaSim-MinimalTopology-0-20240420-22:48:25-14900,param,,,**.midTransmissionAnimationSpeed,1e-1,
LoRaSim-MinimalTopology-0-20240420-22:48:25-14900,param,,,LoRa.slotTime,0,
LoRaSim-MinimalTopology-0-20240420-22:48:25-14900,param,,,LoRa.dutyCycleActive,true,
LoRaSim-MinimalTopology-0-20240420-22:48:25-14900,scalar,LoRa.server[0],SF: 7,,,1.1206736111111
LoRaSim-MinimalTopology-0-20240420-22:48:25-14900,scalar,LoRa.server[0],rcvCounter: 7,,,495156
LoRaSim-MinimalTopology-0-20240420-22:48:25-14900,scalar,LoRa.server[0],noOfCollidedPackets: 7,,,11025
LoRaSim-MinimalTopology-0-20240420-22:48:25-14900,scalar,LoRa.server[0],noOfSuccessPackets: 7,,,484131
LoRaSim-MinimalTopology-0-20240420-22:48:25-14900,scalar,LoRa.server[0],noOfHostsInSFTier: 7,,,592
LoRaSim-MinimalTopology-0-20240420-22:48:25-14900,scalar,LoRa.server[0],SF: 8,,,0
LoRaSim-MinimalTopology-0-20240420-22:48:25-14900,scalar,LoRa.server[0],rcvCounter: 8,,,0
LoRaSim-MinimalTopology-0-20240420-22:48:25-14900,scalar,LoRa.server[0],noOfCollidedPackets: 8,,,0
LoRaSim-MinimalTopology-0-20240420-22:48:25-14900,scalar,LoRa.server[0],noOfSuccessPackets: 8,,,0
LoRaSim-MinimalTopology-0-20240420-22:48:25-14900,scalar,LoRa.server[0],noOfHostsInSFTier: 8,,,262
LoRaSim-MinimalTopology-0-20240420-22:48:25-14900,scalar,LoRa.server[0],SF: 9,,,0
LoRaSim-MinimalTopology-0-20240420-22:48:25-14900,scalar,LoRa.server[0],rcvCounter: 9,,,0
LoRaSim-MinimalTopology-0-20240420-22:48:25-14900,scalar,LoRa.server[0],noOfCollidedPackets: 9,,,0
LoRaSim-MinimalTopology-0-20240420-22:48:25-14900,scalar,LoRa.server[0],noOfSuccessPackets: 9,,,0
LoRaSim-MinimalTopology-0-20240420-22:48:25-14900,scalar,LoRa.server[0],noOfHostsInSFTier: 9,,,429
LoRaSim-MinimalTopology-0-20240420-22:48:25-14900,scalar,LoRa.server[0],SF: 10,,,0
LoRaSim-MinimalTopology-0-20240420-22:48:25-14900,scalar,LoRa.server[0],rcvCounter: 10,,,0
LoRaSim-MinimalTopology-0-20240420-22:48:25-14900,scalar,LoRa.server[0],noOfCollidedPackets: 10,,,0
LoRaSim-MinimalTopology-0-20240420-22:48:25-14900,scalar,LoRa.server[0],noOfSuccessPackets: 10,,,0
LoRaSim-MinimalTopology-0-20240420-22:48:25-14900,scalar,LoRa.server[0],noOfHostsInSFTier: 10,,,623
LoRaSim-MinimalTopology-0-20240420-22:48:25-14900,scalar,LoRa.server[0],SF: 11,,,0
LoRaSim-MinimalTopology-0-20240420-22:48:25-14900,scalar,LoRa.server[0],rcvCounter: 11,,,0
LoRaSim-MinimalTopology-0-20240420-22:48:25-14900,scalar,LoRa.server[0],noOfCollidedPackets: 11,,,0
LoRaSim-MinimalTopology-0-20240420-22:48:25-14900,scalar,LoRa.server[0],noOfSuccessPackets: 11,,,0
LoRaSim-MinimalTopology-0-20240420-22:48:25-14900,scalar,LoRa.server[0],noOfHostsInSFTier: 11,,,801
LoRaSim-MinimalTopology-0-20240420-22:48:25-14900,scalar,LoRa.server[0],SF: 12,,,0
LoRaSim-MinimalTopology-0-20240420-22:48:25-14900,scalar,LoRa.server[0],rcvCounter: 12,,,0
LoRaSim-MinimalTopology-0-20240420-22:48:25-14900,scalar,LoRa.server[0],noOfCollidedPackets: 12,,,0
LoRaSim-MinimalTopology-0-20240420-22:48:25-14900,scalar,LoRa.server[0],noOfSuccessPackets: 12,,,0
LoRaSim-MinimalTopology-0-20240420-22:48:25-14900,scalar,LoRa.server[0],noOfHostsInSFTier: 12,,,1289
LoRaSim-MinimalTopology-0-20240420-22:48:25-14900,scalar,LoRa.server[0],totalSuccessRate,,,1.1206736111111
LoRaSim-MinimalTopology-0-20240420-22:48:25-14900,scalar,LoRa.server[0],totalSuccessProb,,,0.97773428979958
LoRaSim-MinimalTopology-0-20240420-22:48:25-14900,scalar,LoRa.server[0],duration,,,432000
LoRaSim-MinimalTopology-0-20240420-22:48:25-14900,scalar,LoRa.server[1],SF: 7,,,1.1407384259259
LoRaSim-MinimalTopology-0-20240420-22:48:25-14900,scalar,LoRa.server[1],rcvCounter: 7,,,504033
LoRaSim-MinimalTopology-0-20240420-22:48:25-14900,scalar,LoRa.server[1],noOfCollidedPackets: 7,,,11234
LoRaSim-MinimalTopology-0-20240420-22:48:25-14900,scalar,LoRa.server[1],noOfSuccessPackets: 7,,,492799
LoRaSim-MinimalTopology-0-20240420-22:48:25-14900,scalar,LoRa.server[1],noOfHostsInSFTier: 7,,,592
LoRaSim-MinimalTopology-0-20240420-22:48:25-14900,scalar,LoRa.server[1],SF: 8,,,0
LoRaSim-MinimalTopology-0-20240420-22:48:25-14900,scalar,LoRa.server[1],rcvCounter: 8,,,0
LoRaSim-MinimalTopology-0-20240420-22:48:25-14900,scalar,LoRa.server[1],noOfCollidedPackets: 8,,,0
LoRaSim-MinimalTopology-0-20240420-22:48:25-14900,scalar,LoRa.server[1],noOfSuccessPackets: 8,,,0
LoRaSim-MinimalTopology-0-20240420-22:48:25-14900,scalar,LoRa.server[1],noOfHostsInSFTier: 8,,,262
LoRaSim-MinimalTopology-0-20240420-22:48:25-14900,scalar,LoRa.server[1],SF: 9,,,0
LoRaSim-MinimalTopology-0-20240420-22:48:25-14900,scalar,LoRa.server[1],rcvCounter: 9,,,0
LoRaSim-MinimalTopology-0-20240420-22:48:25-14900,scalar,LoRa.server[1],noOfCollidedPackets: 9,,,0
LoRaSim-MinimalTopology-0-20240420-22:48:25-14900,scalar,LoRa.server[1],noOfSuccessPackets: 9,,,0
LoRaSim-MinimalTopology-0-20240420-22:48:25-14900,scalar,LoRa.server[1],noOfHostsInSFTier: 9,,,429
LoRaSim-MinimalTopology-0-20240420-22:48:25-14900,scalar,LoRa.server[1],SF: 10,,,0
LoRaSim-MinimalTopology-0-20240420-22:48:25-14900,scalar,LoRa.server[1],rcvCounter: 10,,,0
LoRaSim-MinimalTopology-0-20240420-22:48:25-14900,scalar,LoRa.server[1],noOfCollidedPackets: 10,,,0
LoRaSim-MinimalTopology-0-20240420-22:48:25-14900,scalar,LoRa.server[1],noOfSuccessPackets: 10,,,0
LoRaSim-MinimalTopology-0-20240420-22:48:25-14900,scalar,LoRa.server[1],noOfHostsInSFTier: 10,,,623
LoRaSim-MinimalTopology-0-20240420-22:48:25-14900,scalar,LoRa.server[1],SF: 11,,,0
LoRaSim-MinimalTopology-0-20240420-22:48:25-14900,scalar,LoRa.server[1],rcvCounter: 11,,,0
LoRaSim-MinimalTopology-0-20240420-22:48:25-14900,scalar,LoRa.server[1],noOfCollidedPackets: 11,,,0
LoRaSim-MinimalTopology-0-20240420-22:48:25-14900,scalar,LoRa.server[1],noOfSuccessPackets: 11,,,0
LoRaSim-MinimalTopology-0-20240420-22:48:25-14900,scalar,LoRa.server[1],noOfHostsInSFTier: 11,,,801
LoRaSim-MinimalTopology-0-20240420-22:48:25-14900,scalar,LoRa.server[1],SF: 12,,,0
LoRaSim-MinimalTopology-0-20240420-22:48:25-14900,scalar,LoRa.server[1],rcvCounter: 12,,,0
LoRaSim-MinimalTopology-0-20240420-22:48:25-14900,scalar,LoRa.server[1],noOfCollidedPackets: 12,,,0
LoRaSim-MinimalTopology-0-20240420-22:48:25-14900,scalar,LoRa.server[1],noOfSuccessPackets: 12,,,0
LoRaSim-MinimalTopology-0-20240420-22:48:25-14900,scalar,LoRa.server[1],noOfHostsInSFTier: 12,,,1289
LoRaSim-MinimalTopology-0-20240420-22:48:25-14900,scalar,LoRa.server[1],totalSuccessRate,,,1.1407384259259
LoRaSim-MinimalTopology-0-20240420-22:48:25-14900,scalar,LoRa.server[1],totalSuccessProb,,,0.97771177680826
LoRaSim-MinimalTopology-0-20240420-22:48:25-14900,scalar,LoRa.server[1],duration,,,432000
LoRaSim-MinimalTopology-0-20240420-22:48:25-14900,scalar,LoRa.server[2],SF: 7,,,1.0861203703704
LoRaSim-MinimalTopology-0-20240420-22:48:25-14900,scalar,LoRa.server[2],rcvCounter: 7,,,479702
LoRaSim-MinimalTopology-0-20240420-22:48:25-14900,scalar,LoRa.server[2],noOfCollidedPackets: 7,,,10498
LoRaSim-MinimalTopology-0-20240420-22:48:25-14900,scalar,LoRa.server[2],noOfSuccessPackets: 7,,,469204
LoRaSim-MinimalTopology-0-20240420-22:48:25-14900,scalar,LoRa.server[2],noOfHostsInSFTier: 7,,,592
LoRaSim-MinimalTopology-0-20240420-22:48:25-14900,scalar,LoRa.server[2],SF: 8,,,0
LoRaSim-MinimalTopology-0-20240420-22:48:25-14900,scalar,LoRa.server[2],rcvCounter: 8,,,0
LoRaSim-MinimalTopology-0-20240420-22:48:25-14900,scalar,LoRa.server[2],noOfCollidedPackets: 8,,,0
LoRaSim-MinimalTopology-0-20240420-22:48:25-14900,scalar,LoRa.server[2],noOfSuccessPackets: 8,,,0
LoRaSim-MinimalTopology-0-20240420-22:48:25-14900,scalar,LoRa.server[2],noOfHostsInSFTier: 8,,,262
LoRaSim-MinimalTopology-0-20240420-22:48:25-14900,scalar,LoRa.server[2],SF: 9,,,0
LoRaSim-MinimalTopology-0-20240420-22:48:25-14900,scalar,LoRa.server[2],rcvCounter: 9,,,0
LoRaSim-MinimalTopology-0-20240420-22:48:25-14900,scalar,LoRa.server[2],noOfCollidedPackets: 9,,,0
LoRaSim-MinimalTopology-0-20240420-22:48:25-14900,scalar,LoRa.server[2],noOfSuccessPackets: 9,,,0
LoRaSim-MinimalTopology-0-20240420-22:48:25-14900,scalar,LoRa.server[2],noOfHostsInSFTier: 9,,,429
LoRaSim-MinimalTopology-0-20240420-22:48:25-14900,scalar,LoRa.server[2],SF: 10,,,0
LoRaSim-MinimalTopology-0-20240420-22:48:25-14900,scalar,LoRa.server[2],rcvCounter: 10,,,0
LoRaSim-MinimalTopology-0-20240420-22:48:25-14900,scalar,LoRa.server[2],noOfCollidedPackets: 10,,,0
LoRaSim-MinimalTopology-0-20240420-22:48:25-14900,scalar,LoRa.server[2],noOfSuccessPackets: 10,,,0
LoRaSim-MinimalTopology-0-20240420-22:48:25-14900,scalar,LoRa.server[2],noOfHostsInSFTier: 10,,,623
LoRaSim-MinimalTopology-0-20240420-22:48:25-14900,scalar,LoRa.server[2],SF: 11,,,0
LoRaSim-MinimalTopology-0-20240420-22:48:25-14900,scalar,LoRa.server[2],rcvCounter: 11,,,0
LoRaSim-MinimalTopology-0-20240420-22:48:25-14900,scalar,LoRa.server[2],noOfCollidedPackets: 11,,,0
LoRaSim-MinimalTopology-0-20240420-22:48:25-14900,scalar,LoRa.server[2],noOfSuccessPackets: 11,,,0
LoRaSim-MinimalTopology-0-20240420-22:48:25-14900,scalar,LoRa.server[2],noOfHostsInSFTier: 11,,,801
LoRaSim-MinimalTopology-0-20240420-22:48:25-14900,scalar,LoRa.server[2],SF: 12,,,0
LoRaSim-MinimalTopology-0-20240420-22:48:25-14900,scalar,LoRa.server[2],rcvCounter: 12,,,0
LoRaSim-MinimalTopology-0-20240420-22:48:25-14900,scalar,LoRa.server[2],noOfCollidedPackets: 12,,,0
LoRaSim-MinimalTopology-0-20240420-22:48:25-14900,scalar,LoRa.server[2],noOfSuccessPackets: 12,,,0
LoRaSim-MinimalTopology-0-20240420-22:48:25-14900,scalar,LoRa.server[2],noOfHostsInSFTier: 12,,,1289
LoRaSim-MinimalTopology-0-20240420-22:48:25-14900,scalar,LoRa.server[2],totalSuccessRate,,,1.0861203703704
LoRaSim-MinimalTopology-0-20240420-22:48:25-14900,scalar,LoRa.server[2],totalSuccessProb,,,0.97811558008931
LoRaSim-MinimalTopology-0-20240420-22:48:25-14900,scalar,LoRa.server[2],duration,,,432000
LoRaSim-MinimalTopology-0-20240420-22:48:25-14900,scalar,LoRa.server[3],SF: 7,,,1.0820787037037
LoRaSim-MinimalTopology-0-20240420-22:48:25-14900,scalar,LoRa.server[3],rcvCounter: 7,,,477736
LoRaSim-MinimalTopology-0-20240420-22:48:25-14900,scalar,LoRa.server[3],noOfCollidedPackets: 7,,,10278
LoRaSim-MinimalTopology-0-20240420-22:48:25-14900,scalar,LoRa.server[3],noOfSuccessPackets: 7,,,467458
LoRaSim-MinimalTopology-0-20240420-22:48:25-14900,scalar,LoRa.server[3],noOfHostsInSFTier: 7,,,592
LoRaSim-MinimalTopology-0-20240420-22:48:25-14900,scalar,LoRa.server[3],SF: 8,,,0
LoRaSim-MinimalTopology-0-20240420-22:48:25-14900,scalar,LoRa.server[3],rcvCounter: 8,,,0
LoRaSim-MinimalTopology-0-20240420-22:48:25-14900,scalar,LoRa.server[3],noOfCollidedPackets: 8,,,0
LoRaSim-MinimalTopology-0-20240420-22:48:25-14900,scalar,LoRa.server[3],noOfSuccessPackets: 8,,,0
LoRaSim-MinimalTopology-0-20240420-22:48:25-14900,scalar,LoRa.server[3],noOfHostsInSFTier: 8,,,262
LoRaSim-MinimalTopology-0-20240420-22:48:25-14900,scalar,LoRa.server[3],SF: 9,,,0
LoRaSim-MinimalTopology-0-20240420-22:48:25-14900,scalar,LoRa.server[3],rcvCounter: 9,,,0
LoRaSim-MinimalTopology-0-20240420-22:48:25-14900,scalar,LoRa.server[3],noOfCollidedPackets: 9,,,0
LoRaSim-MinimalTopology-0-20240420-22:48:25-14900,scalar,LoRa.server[3],noOfSuccessPackets: 9,,,0
LoRaSim-MinimalTopology-0-20240420-22:48:25-14900,scalar,LoRa.server[3],noOfHostsInSFTier: 9,,,429
LoRaSim-MinimalTopology-0-20240420-22:48:25-14900,scalar,LoRa.server[3],SF: 10,,,0
LoRaSim-MinimalTopology-0-20240420-22:48:25-14900,scalar,LoRa.server[3],rcvCounter: 10,,,0
LoRaSim-MinimalTopology-0-20240420-22:48:25-14900,scalar,LoRa.server[3],noOfCollidedPackets: 10,,,0
LoRaSim-MinimalTopology-0-20240420-22:48:25-14900,scalar,LoRa.server[3],noOfSuccessPackets: 10,,,0
LoRaSim-MinimalTopology-0-20240420-22:48:25-14900,scalar,LoRa.server[3],noOfHostsInSFTier: 10,,,623
LoRaSim-MinimalTopology-0-20240420-22:48:25-14900,scalar,LoRa.server[3],SF: 11,,,0
LoRaSim-MinimalTopology-0-20240420-22:48:25-14900,scalar,LoRa.server[3],rcvCounter: 11,,,0
LoRaSim-MinimalTopology-0-20240420-22:48:25-14900,scalar,LoRa.server[3],noOfCollidedPackets: 11,,,0
LoRaSim-MinimalTopology-0-20240420-22:48:25-14900,scalar,LoRa.server[3],noOfSuccessPackets: 11,,,0
LoRaSim-MinimalTopology-0-20240420-22:48:25-14900,scalar,LoRa.server[3],noOfHostsInSFTier: 11,,,801
LoRaSim-MinimalTopology-0-20240420-22:48:25-14900,scalar,LoRa.server[3],SF: 12,,,0
LoRaSim-MinimalTopology-0-20240420-22:48:25-14900,scalar,LoRa.server[3],rcvCounter: 12,,,0
LoRaSim-MinimalTopology-0-20240420-22:48:25-14900,scalar,LoRa.server[3],noOfCollidedPackets: 12,,,0
LoRaSim-MinimalTopology-0-20240420-22:48:25-14900,scalar,LoRa.server[3],noOfSuccessPackets: 12,,,0
LoRaSim-MinimalTopology-0-20240420-22:48:25-14900,scalar,LoRa.server[3],noOfHostsInSFTier: 12,,,1289
LoRaSim-MinimalTopology-0-20240420-22:48:25-14900,scalar,LoRa.server[3],totalSuccessRate,,,1.0820787037037
LoRaSim-MinimalTopology-0-20240420-22:48:25-14900,scalar,LoRa.server[3],totalSuccessProb,,,0.97848602575481
LoRaSim-MinimalTopology-0-20240420-22:48:25-14900,scalar,LoRa.server[3],duration,,,432000
LoRaSim-MinimalTopology-0-20240420-22:48:25-14900,scalar,LoRa.server[4],SF: 7,,,2.0160162037037
LoRaSim-MinimalTopology-0-20240420-22:48:25-14900,scalar,LoRa.server[4],rcvCounter: 7,,,907400
LoRaSim-MinimalTopology-0-20240420-22:48:25-14900,scalar,LoRa.server[4],noOfCollidedPackets: 7,,,36481
LoRaSim-MinimalTopology-0-20240420-22:48:25-14900,scalar,LoRa.server[4],noOfSuccessPackets: 7,,,870919
LoRaSim-MinimalTopology-0-20240420-22:48:25-14900,scalar,LoRa.server[4],noOfHostsInSFTier: 7,,,592
LoRaSim-MinimalTopology-0-20240420-22:48:25-14900,scalar,LoRa.server[4],SF: 8,,,0
LoRaSim-MinimalTopology-0-20240420-22:48:25-14900,scalar,LoRa.server[4],rcvCounter: 8,,,0
LoRaSim-MinimalTopology-0-20240420-22:48:25-14900,scalar,LoRa.server[4],noOfCollidedPackets: 8,,,0
LoRaSim-MinimalTopology-0-20240420-22:48:25-14900,scalar,LoRa.server[4],noOfSuccessPackets: 8,,,0
LoRaSim-MinimalTopology-0-20240420-22:48:25-14900,scalar,LoRa.server[4],noOfHostsInSFTier: 8,,,262
LoRaSim-MinimalTopology-0-20240420-22:48:25-14900,scalar,LoRa.server[4],SF: 9,,,0
LoRaSim-MinimalTopology-0-20240420-22:48:25-14900,scalar,LoRa.server[4],rcvCounter: 9,,,0
LoRaSim-MinimalTopology-0-20240420-22:48:25-14900,scalar,LoRa.server[4],noOfCollidedPackets: 9,,,0
LoRaSim-MinimalTopology-0-20240420-22:48:25-14900,scalar,LoRa.server[4],noOfSuccessPackets: 9,,,0
LoRaSim-MinimalTopology-0-20240420-22:48:25-14900,scalar,LoRa.server[4],noOfHostsInSFTier: 9,,,429
LoRaSim-MinimalTopology-0-20240420-22:48:25-14900,scalar,LoRa.server[4],SF: 10,,,0
LoRaSim-MinimalTopology-0-20240420-22:48:25-14900,scalar,LoRa.server[4],rcvCounter: 10,,,0
LoRaSim-MinimalTopology-0-20240420-22:48:25-14900,scalar,LoRa.server[4],noOfCollidedPackets: 10,,,0
LoRaSim-MinimalTopology-0-20240420-22:48:25-14900,scalar,LoRa.server[4],noOfSuccessPackets: 10,,,0
LoRaSim-MinimalTopology-0-20240420-22:48:25-14900,scalar,LoRa.server[4],noOfHostsInSFTier: 10,,,623
LoRaSim-MinimalTopology-0-20240420-22:48:25-14900,scalar,LoRa.server[4],SF: 11,,,0
LoRaSim-MinimalTopology-0-20240420-22:48:25-14900,scalar,LoRa.server[4],rcvCounter: 11,,,0
LoRaSim-MinimalTopology-0-20240420-22:48:25-14900,scalar,LoRa.server[4],noOfCollidedPackets: 11,,,0
LoRaSim-MinimalTopology-0-20240420-22:48:25-14900,scalar,LoRa.server[4],noOfSuccessPackets: 11,,,0
LoRaSim-MinimalTopology-0-20240420-22:48:25-14900,scalar,LoRa.server[4],noOfHostsInSFTier: 11,,,801
LoRaSim-MinimalTopology-0-20240420-22:48:25-14900,scalar,LoRa.server[4],SF: 12,,,0
LoRaSim-MinimalTopology-0-20240420-22:48:25-14900,scalar,LoRa.server[4],rcvCounter: 12,,,0
LoRaSim-MinimalTopology-0-20240420-22:48:25-14900,scalar,LoRa.server[4],noOfCollidedPackets: 12,,,0
LoRaSim-MinimalTopology-0-20240420-22:48:25-14900,scalar,LoRa.server[4],noOfSuccessPackets: 12,,,0
LoRaSim-MinimalTopology-0-20240420-22:48:25-14900,scalar,LoRa.server[4],noOfHostsInSFTier: 12,,,1289
LoRaSim-MinimalTopology-0-20240420-22:48:25-14900,scalar,LoRa.server[4],totalSuccessRate,,,2.0160162037037
LoRaSim-MinimalTopology-0-20240420-22:48:25-14900,scalar,LoRa.server[4],totalSuccessProb,,,0.95979612078466
LoRaSim-MinimalTopology-0-20240420-22:48:25-14900,scalar,LoRa.server[4],duration,,,432000
LoRaSim-MinimalTopology-0-20240420-22:48:25-14900,scalar,LoRa.host[0],numOfHostsPerSF_Server0_SF7,,,271
LoRaSim-MinimalTopology-0-20240420-22:48:25-14900,scalar,LoRa.host[0],numOfHostsPerSF_Server0_SF8,,,126
LoRaSim-MinimalTopology-0-20240420-22:48:25-14900,scalar,LoRa.host[0],numOfHostsPerSF_Server0_SF9,,,152
LoRaSim-MinimalTopology-0-20240420-22:48:25-14900,scalar,LoRa.host[0],numOfHostsPerSF_Server0_SF10,,,116
LoRaSim-MinimalTopology-0-20240420-22:48:25-14900,scalar,LoRa.host[0],numOfHostsPerSF_Server0_SF11,,,27
LoRaSim-MinimalTopology-0-20240420-22:48:25-14900,scalar,LoRa.host[0],numOfHostsPerSF_Server0_SF12,,,0
LoRaSim-MinimalTopology-0-20240420-22:48:25-14900,scalar,LoRa.host[0],numOfHostsPerSF_Server1_SF7,,,273
LoRaSim-MinimalTopology-0-20240420-22:48:25-14900,scalar,LoRa.host[0],numOfHostsPerSF_Server1_SF8,,,122
LoRaSim-MinimalTopology-0-20240420-22:48:25-14900,scalar,LoRa.host[0],numOfHostsPerSF_Server1_SF9,,,140
LoRaSim-MinimalTopology-0-20240420-22:48:25-14900,scalar,LoRa.host[0],numOfHostsPerSF_Server1_SF10,,,133
LoRaSim-MinimalTopology-0-20240420-22:48:25-14900,scalar,LoRa.host[0],numOfHostsPerSF_Server1_SF11,,,36
LoRaSim-MinimalTopology-0-20240420-22:48:25-14900,scalar,LoRa.host[0],numOfHostsPerSF_Server1_SF12,,,0
LoRaSim-MinimalTopology-0-20240420-22:48:25-14900,scalar,LoRa.host[0],numOfHostsPerSF_Server2_SF7,,,264
LoRaSim-MinimalTopology-0-20240420-22:48:25-14900,scalar,LoRa.host[0],numOfHostsPerSF_Server2_SF8,,,113
LoRaSim-MinimalTopology-0-20240420-22:48:25-14900,scalar,LoRa.host[0],numOfHostsPerSF_Server2_SF9,,,133
LoRaSim-MinimalTopology-0-20240420-22:48:25-14900,scalar,LoRa.host[0],numOfHostsPerSF_Server2_SF10,,,123
LoRaSim-MinimalTopology-0-20240420-22:48:25-14900,scalar,LoRa.host[0],numOfHostsPerSF_Server2_SF11,,,38
LoRaSim-MinimalTopology-0-20240420-22:48:25-14900,scalar,LoRa.host[0],numOfHostsPerSF_Server2_SF12,,,0
LoRaSim-MinimalTopology-0-20240420-22:48:25-14900,scalar,LoRa.host[0],numOfHostsPerSF_Server3_SF7,,,252
LoRaSim-MinimalTopology-0-20240420-22:48:25-14900,scalar,LoRa.host[0],numOfHostsPerSF_Server3_SF8,,,120
LoRaSim-MinimalTopology-0-20240420-22:48:25-14900,scalar,LoRa.host[0],numOfHostsPerSF_Server3_SF9,,,140
LoRaSim-MinimalTopology-0-20240420-22:48:25-14900,scalar,LoRa.host[0],numOfHostsPerSF_Server3_SF10,,,126
LoRaSim-MinimalTopology-0-20240420-22:48:25-14900,scalar,LoRa.host[0],numOfHostsPerSF_Server3_SF11,,,29
LoRaSim-MinimalTopology-0-20240420-22:48:25-14900,scalar,LoRa.host[0],numOfHostsPerSF_Server3_SF12,,,0
LoRaSim-MinimalTopology-0-20240420-22:48:25-14900,scalar,LoRa.host[0],numOfHostsPerSF_Server4_SF7,,,592
LoRaSim-MinimalTopology-0-20240420-22:48:25-14900,scalar,LoRa.host[0],numOfHostsPerSF_Server4_SF8,,,262
LoRaSim-MinimalTopology-0-20240420-22:48:25-14900,scalar,LoRa.host[0],numOfHostsPerSF_Server4_SF9,,,293
LoRaSim-MinimalTopology-0-20240420-22:48:25-14900,scalar,LoRa.host[0],numOfHostsPerSF_Server4_SF10,,,115
LoRaSim-MinimalTopology-0-20240420-22:48:25-14900,scalar,LoRa.host[0],numOfHostsPerSF_Server4_SF11,,,4
LoRaSim-MinimalTopology-0-20240420-22:48:25-14900,scalar,LoRa.host[0],numOfHostsPerSF_Server4_SF12,,,0
LoRaSim-MinimalTopology-0-20240420-22:48:25-14900,scalar,_runattrs_,M,,,5
LoRaSim-MinimalTopology-0-20240420-22:48:25-14900,scalar,_runattrs_,N,,,4000
