run,type,module,name,attrname,attrvalue,value
LoRaSim-MinimalTopology-0-20240420-22:44:54-13820,runattr,,,configname,LoRaSim-MinimalTopology,
LoRaSim-MinimalTopology-0-20240420-22:44:54-13820,runattr,,,datetime,20240420-22:44:54,
LoRaSim-MinimalTopology-0-20240420-22:44:54-13820,runattr,,,experiment,LoRaSim-MinimalTopology,
LoRaSim-MinimalTopology-0-20240420-22:44:54-13820,runattr,,,inifile,omnetpp.ini,
LoRaSim-MinimalTopology-0-20240420-22:44:54-13820,runattr,,,iterationvars,"$N=2000, $M=5",
LoRaSim-MinimalTopology-0-20240420-22:44:54-13820,runattr,,,iterationvarsf,"N=2000,M=5-",
LoRaSim-MinimalTopology-0-20240420-22:44:54-13820,runattr,,,measurement,"$N=2000, $M=5",
LoRaSim-MinimalTopology-0-20240420-22:44:54-13820,runattr,,,network,LoRa,
LoRaSim-MinimalTopology-0-20240420-22:44:54-13820,runattr,,,processid,13820,
LoRaSim-MinimalTopology-0-20240420-22:44:54-13820,runattr,,,repetition,0,
LoRaSim-MinimalTopology-0-20240420-22:44:54-13820,runattr,,,replication,#0,
LoRaSim-MinimalTopology-0-20240420-22:44:54-13820,runattr,,,resultdir,results,
LoRaSim-MinimalTopology-0-20240420-22:44:54-13820,runattr,,,runnumber,0,
LoRaSim-MinimalTopology-0-20240420-22:44:54-13820,runattr,,,seedset,0,
LoRaSim-MinimalTopology-0-20240420-22:44:54-13820,itervar,,,M,5,
LoRaSim-MinimalTopology-0-20240420-22:44:54-13820,itervar,,,N,2000,
LoRaSim-MinimalTopology-0-20240420-22:44:54-13820,param,,,LoRa.host[*].isBufferingEvents,false,
LoRaSim-MinimalTopology-0-20240420-22:44:54-13820,param,,,LoRa.host[*].addFrameHeader,false,
LoRaSim-MinimalTopology-0-20240420-22:44:54-13820,param,,,LoRa.host[*].nbOfChannels,3,
LoRaSim-MinimalTopology-0-20240420-22:44:54-13820,param,,,LoRa.numHosts,2000,
LoRaSim-MinimalTopology-0-20240420-22:44:54-13820,param,,,LoRa.host[*].iaTime,exponential(600s),
LoRaSim-MinimalTopology-0-20240420-22:44:54-13820,param,,,LoRa.host[*].pkLenBits,160b,
LoRaSim-MinimalTopology-0-20240420-22:44:54-13820,param,,,LoRa.netR,6333.83 m,
LoRaSim-MinimalTopology-0-20240420-22:44:54-13820,param,,,LoRa.server[*].pathlossExp,3,
LoRaSim-MinimalTopology-0-20240420-22:44:54-13820,param,,,LoRa.server[*].BW,125,
LoRaSim-MinimalTopology-0-20240420-22:44:54-13820,param,,,LoRa.numServers,5,
LoRaSim-MinimalTopology-0-20240420-22:44:54-13820,param,,,LoRa.server[0].x,-6333.83m,
LoRaSim-MinimalTopology-0-20240420-22:44:54-13820,param,,,LoRa.server[0].y,0,
LoRaSim-MinimalTopology-0-20240420-22:44:54-13820,param,,,LoRa.server[1].x,6333.83m,
LoRaSim-MinimalTopology-0-20240420-22:44:54-13820,param,,,LoRa.server[1].y,0,
LoRaSim-MinimalTopology-0-20240420-22:44:54-13820,param,,,LoRa.server[2].x,0,
LoRaSim-MinimalTopology-0-20240420-22:44:54-13820,param,,,LoRa.server[2].y,6333.83m,
LoRaSim-MinimalTopology-0-20240420-22:44:54-13820,param,,,LoRa.server[3].x,0,
LoRaSim-MinimalTopology-0-20240420-22:44:54-13820,param,,,LoRa.server[3].y,-6333.83m,
LoRaSim-MinimalTopology-0-20240420-22:44:54-13820,param,,,LoRa.server[4].x,0,
LoRaSim-MinimalTopology-0-20240420-22:44:54-13820,param,,,LoRa.server[4].y,0,
LoRaSim-MinimalTopology-0-20240420-22:44:54-13820,param,,,**.animationHoldTimeOnCollision,0s,
LoRaSim-MinimalTopology-0-20240420-22:44:54-13820,param,,,**.idleAnimationSpeed,1,
LoRaSim-MinimalTopology-0-20240420-22:44:54-13820,param,,,**.transmissionEdgeAnimationSpeed,1e-6,
LoRaSim-MinimalTopology-0-20240420-22:44:54-13820,param,,,**.midTransmissionAnimationSpeed,1e-1,
LoRaSim-MinimalTopology-0-20240420-22:44:54-13820,param,,,LoRa.slotTime,0,
LoRaSim-MinimalTopology-0-20240420-22:44:54-13820,param,,,LoRa.dutyCycleActive,true,
LoRaSim-MinimalTopology-0-20240420-22:44:54-13820,scalar,LoRa.server[0],SF: 7,,,0.58614583333333
LoRaSim-MinimalTopology-0-20240420-22:44:54-13820,scalar,LoRa.server[0],rcvCounter: 7,,,256172
LoRaSim-MinimalTopology-0-20240420-22:44:54-13820,scalar,LoRa.server[0],noOfCollidedPackets: 7,,,2957
LoRaSim-MinimalTopology-0-20240420-22:44:54-13820,scalar,LoRa.server[0],noOfSuccessPackets: 7,,,253215
LoRaSim-MinimalTopology-0-20240420-22:44:54-13820,scalar,LoRa.server[0],noOfHostsInSFTier: 7,,,305
LoRaSim-MinimalTopology-0-20240420-22:44:54-13820,scalar,LoRa.server[0],SF: 8,,,0
LoRaSim-MinimalTopology-0-20240420-22:44:54-13820,scalar,LoRa.server[0],rcvCounter: 8,,,0
LoRaSim-MinimalTopology-0-20240420-22:44:54-13820,scalar,LoRa.server[0],noOfCollidedPackets: 8,,,0
LoRaSim-MinimalTopology-0-20240420-22:44:54-13820,scalar,LoRa.server[0],noOfSuccessPackets: 8,,,0
LoRaSim-MinimalTopology-0-20240420-22:44:54-13820,scalar,LoRa.server[0],noOfHostsInSFTier: 8,,,131
LoRaSim-MinimalTopology-0-20240420-22:44:54-13820,scalar,LoRa.server[0],SF: 9,,,0
LoRaSim-MinimalTopology-0-20240420-22:44:54-13820,scalar,LoRa.server[0],rcvCounter: 9,,,0
LoRaSim-MinimalTopology-0-20240420-22:44:54-13820,scalar,LoRa.server[0],noOfCollidedPackets: 9,,,0
LoRaSim-MinimalTopology-0-20240420-22:44:54-13820,scalar,LoRa.server[0],noOfSuccessPackets: 9,,,0
LoRaSim-MinimalTopology-0-20240420-22:44:54-13820,scalar,LoRa.server[0],noOfHostsInSFTier: 9,,,204
LoRaSim-MinimalTopology-0-20240420-22:44:54-13820,scalar,LoRa.server[0],SF: 10,,,0
LoRaSim-MinimalTopology-0-20240420-22:44:54-13820,scalar,LoRa.server[0],rcvCounter: 10,,,0
LoRaSim-MinimalTopology-0-20240420-22:44:54-13820,scalar,LoRa.server[0],noOfCollidedPackets: 10,,,0
LoRaSim-MinimalTopology-0-20240420-22:44:54-13820,scalar,LoRa.server[0],noOfSuccessPackets: 10,,,0
LoRaSim-MinimalTopology-0-20240420-22:44:54-13820,scalar,LoRa.server[0],noOfHostsInSFTier: 10,,,301
LoRaSim-MinimalTopology-0-20240420-22:44:54-13820,scalar,LoRa.server[0],SF: 11,,,0
LoRaSim-MinimalTopology-0-20240420-22:44:54-13820,scalar,LoRa.server[0],rcvCounter: 11,,,0
LoRaSim-MinimalTopology-0-20240420-22:44:54-13820,scalar,LoRa.server[0],noOfCollidedPackets: 11,,,0
LoRaSim-MinimalTopology-0-20240420-22:44:54-13820,scalar,LoRa.server[0],noOfSuccessPackets: 11,,,0
LoRaSim-MinimalTopology-0-20240420-22:44:54-13820,scalar,LoRa.server[0],noOfHostsInSFTier: 11,,,391
LoRaSim-MinimalTopology-0-20240420-22:44:54-13820,scalar,LoRa.server[0],SF: 12,,,0
LoRaSim-MinimalTopology-0-20240420-22:44:54-13820,scalar,LoRa.server[0],rcvCounter: 12,,,0
LoRaSim-MinimalTopology-0-20240420-22:44:54-13820,scalar,LoRa.server[0],noOfCollidedPackets: 12,,,0
LoRaSim-MinimalTopology-0-20240420-22:44:54-13820,scalar,LoRa.server[0],noOfSuccessPackets: 12,,,0
LoRaSim-MinimalTopology-0-20240420-22:44:54-13820,scalar,LoRa.server[0],noOfHostsInSFTier: 12,,,667
LoRaSim-MinimalTopology-0-20240420-22:44:54-13820,scalar,LoRa.server[0],totalSuccessRate,,,0.58614583333333
LoRaSim-MinimalTopology-0-20240420-22:44:54-13820,scalar,LoRa.server[0],totalSuccessProb,,,0.98845697422045
LoRaSim-MinimalTopology-0-20240420-22:44:54-13820,scalar,LoRa.server[0],duration,,,432000
LoRaSim-MinimalTopology-0-20240420-22:44:54-13820,scalar,LoRa.server[1],SF: 7,,,0.59340740740741
LoRaSim-MinimalTopology-0-20240420-22:44:54-13820,scalar,LoRa.server[1],rcvCounter: 7,,,259320
LoRaSim-MinimalTopology-0-20240420-22:44:54-13820,scalar,LoRa.server[1],noOfCollidedPackets: 7,,,2968
LoRaSim-MinimalTopology-0-20240420-22:44:54-13820,scalar,LoRa.server[1],noOfSuccessPackets: 7,,,256352
LoRaSim-MinimalTopology-0-20240420-22:44:54-13820,scalar,LoRa.server[1],noOfHostsInSFTier: 7,,,305
LoRaSim-MinimalTopology-0-20240420-22:44:54-13820,scalar,LoRa.server[1],SF: 8,,,0
LoRaSim-MinimalTopology-0-20240420-22:44:54-13820,scalar,LoRa.server[1],rcvCounter: 8,,,0
LoRaSim-MinimalTopology-0-20240420-22:44:54-13820,scalar,LoRa.server[1],noOfCollidedPackets: 8,,,0
LoRaSim-MinimalTopology-0-20240420-22:44:54-13820,scalar,LoRa.server[1],noOfSuccessPackets: 8,,,0
LoRaSim-MinimalTopology-0-20240420-22:44:54-13820,scalar,LoRa.server[1],noOfHostsInSFTier: 8,,,131
LoRaSim-MinimalTopology-0-20240420-22:44:54-13820,scalar,LoRa.server[1],SF: 9,,,0
LoRaSim-MinimalTopology-0-20240420-22:44:54-13820,scalar,LoRa.server[1],rcvCounter: 9,,,0
LoRaSim-MinimalTopology-0-20240420-22:44:54-13820,scalar,LoRa.server[1],noOfCollidedPackets: 9,,,0
LoRaSim-MinimalTopology-0-20240420-22:44:54-13820,scalar,LoRa.server[1],noOfSuccessPackets: 9,,,0
LoRaSim-MinimalTopology-0-20240420-22:44:54-13820,scalar,LoRa.server[1],noOfHostsInSFTier: 9,,,204
LoRaSim-MinimalTopology-0-20240420-22:44:54-13820,scalar,LoRa.server[1],SF: 10,,,0
LoRaSim-MinimalTopology-0-20240420-22:44:54-13820,scalar,LoRa.server[1],rcvCounter: 10,,,0
LoRaSim-MinimalTopology-0-20240420-22:44:54-13820,scalar,LoRa.server[1],noOfCollidedPackets: 10,,,0
LoRaSim-MinimalTopology-0-20240420-22:44:54-13820,scalar,LoRa.server[1],noOfSuccessPackets: 10,,,0
LoRaSim-MinimalTopology-0-20240420-22:44:54-13820,scalar,LoRa.server[1],noOfHostsInSFTier: 10,,,301
LoRaSim-MinimalTopology-0-20240420-22:44:54-13820,scalar,LoRa.server[1],SF: 11,,,0
LoRaSim-MinimalTopology-0-20240420-22:44:54-13820,scalar,LoRa.server[1],rcvCounter: 11,,,0
LoRaSim-MinimalTopology-0-20240420-22:44:54-13820,scalar,LoRa.server[1],noOfCollidedPackets: 11,,,0
LoRaSim-MinimalTopology-0-20240420-22:44:54-13820,scalar,LoRa.server[1],noOfSuccessPackets: 11,,,0
LoRaSim-MinimalTopology-0-20240420-22:44:54-13820,scalar,LoRa.server[1],noOfHostsInSFTier: 11,,,391
LoRaSim-MinimalTopology-0-20240420-22:44:54-13820,scalar,LoRa.server[1],SF: 12,,,0
LoRaSim-MinimalTopology-0-20240420-22:44:54-13820,scalar,LoRa.server[1],rcvCounter: 12,,,0
LoRaSim-MinimalTopology-0-20240420-22:44:54-13820,scalar,LoRa.server[1],noOfCollidedPackets: 12,,,0
LoRaSim-MinimalTopology-0-20240420-22:44:54-13820,scalar,LoRa.server[1],noOfSuccessPackets: 12,,,0
LoRaSim-MinimalTopology-0-20240420-22:44:54-13820,scalar,LoRa.server[1],noOfHostsInSFTier: 12,,,667
LoRaSim-MinimalTopology-0-20240420-22:44:54-13820,scalar,LoRa.server[1],totalSuccessRate,,,0.59340740740741
LoRaSim-MinimalTopology-0-20240420-22:44:54-13820,scalar,LoRa.server[1],totalSuccessProb,,,0.98855468147463
LoRaSim-MinimalTopology-0-20240420-22:44:54-13820,scalar,LoRa.server[1],duration,,,432000
LoRaSim-MinimalTopology-0-20240420-22:44:54-13820,scalar,LoRa.server[2],SF: 7,,,0.52078240740741
LoRaSim-MinimalTopology-0-20240420-22:44:54-13820,scalar,LoRa.server[2],rcvCounter: 7,,,227337
LoRaSim-MinimalTopology-0-20240420-22:44:54-13820,scalar,LoRa.server[2],noOfCollidedPackets: 7,,,2359
LoRaSim-MinimalTopology-0-20240420-22:44:54-13820,scalar,LoRa.server[2],noOfSuccessPackets: 7,,,224978
LoRaSim-MinimalTopology-0-20240420-22:44:54-13820,scalar,LoRa.server[2],noOfHostsInSFTier: 7,,,305
LoRaSim-MinimalTopology-0-20240420-22:44:54-13820,scalar,LoRa.server[2],SF: 8,,,0
LoRaSim-MinimalTopology-0-20240420-22:44:54-13820,scalar,LoRa.server[2],rcvCounter: 8,,,0
LoRaSim-MinimalTopology-0-20240420-22:44:54-13820,scalar,LoRa.server[2],noOfCollidedPackets: 8,,,0
LoRaSim-MinimalTopology-0-20240420-22:44:54-13820,scalar,LoRa.server[2],noOfSuccessPackets: 8,,,0
LoRaSim-MinimalTopology-0-20240420-22:44:54-13820,scalar,LoRa.server[2],noOfHostsInSFTier: 8,,,131
LoRaSim-MinimalTopology-0-20240420-22:44:54-13820,scalar,LoRa.server[2],SF: 9,,,0
LoRaSim-MinimalTopology-0-20240420-22:44:54-13820,scalar,LoRa.server[2],rcvCounter: 9,,,0
LoRaSim-MinimalTopology-0-20240420-22:44:54-13820,scalar,LoRa.server[2],noOfCollidedPackets: 9,,,0
LoRaSim-MinimalTopology-0-20240420-22:44:54-13820,scalar,LoRa.server[2],noOfSuccessPackets: 9,,,0
LoRaSim-MinimalTopology-0-20240420-22:44:54-13820,scalar,LoRa.server[2],noOfHostsInSFTier: 9,,,204
LoRaSim-MinimalTopology-0-20240420-22:44:54-13820,scalar,LoRa.server[2],SF: 10,,,0
LoRaSim-MinimalTopology-0-20240420-22:44:54-13820,scalar,LoRa.server[2],rcvCounter: 10,,,0
LoRaSim-MinimalTopology-0-20240420-22:44:54-13820,scalar,LoRa.server[2],noOfCollidedPackets: 10,,,0
LoRaSim-MinimalTopology-0-20240420-22:44:54-13820,scalar,LoRa.server[2],noOfSuccessPackets: 10,,,0
LoRaSim-MinimalTopology-0-20240420-22:44:54-13820,scalar,LoRa.server[2],noOfHostsInSFTier: 10,,,301
LoRaSim-MinimalTopology-0-20240420-22:44:54-13820,scalar,LoRa.server[2],SF: 11,,,0
LoRaSim-MinimalTopology-0-20240420-22:44:54-13820,scalar,LoRa.server[2],rcvCounter: 11,,,0
LoRaSim-MinimalTopology-0-20240420-22:44:54-13820,scalar,LoRa.server[2],noOfCollidedPackets: 11,,,0
LoRaSim-MinimalTopology-0-20240420-22:44:54-13820,scalar,LoRa.server[2],noOfSuccessPackets: 11,,,0
LoRaSim-MinimalTopology-0-20240420-22:44:54-13820,scalar,LoRa.server[2],noOfHostsInSFTier: 11,,,391
LoRaSim-MinimalTopology-0-20240420-22:44:54-13820,scalar,LoRa.server[2],SF: 12,,,0
LoRaSim-MinimalTopology-0-20240420-22:44:54-13820,scalar,LoRa.server[2],rcvCounter: 12,,,0
LoRaSim-MinimalTopology-0-20240420-22:44:54-13820,scalar,LoRa.server[2],noOfCollidedPackets: 12,,,0
LoRaSim-MinimalTopology-0-20240420-22:44:54-13820,scalar,LoRa.server[2],noOfSuccessPackets: 12,,,0
LoRaSim-MinimalTopology-0-20240420-22:44:54-13820,scalar,LoRa.server[2],noOfHostsInSFTier: 12,,,667
LoRaSim-MinimalTopology-0-20240420-22:44:54-13820,scalar,LoRa.server[2],totalSuccessRate,,,0.52078240740741
LoRaSim-MinimalTopology-0-20240420-22:44:54-13820,scalar,LoRa.server[2],totalSuccessProb,,,0.989623334521
LoRaSim-MinimalTopology-0-20240420-22:44:54-13820,scalar,LoRa.server[2],duration,,,432000
LoRaSim-MinimalTopology-0-20240420-22:44:54-13820,scalar,LoRa.server[3],SF: 7,,,0.53666898148148
LoRaSim-MinimalTopology-0-20240420-22:44:54-13820,scalar,LoRa.server[3],rcvCounter: 7,,,234282
LoRaSim-MinimalTopology-0-20240420-22:44:54-13820,scalar,LoRa.server[3],noOfCollidedPackets: 7,,,2441
LoRaSim-MinimalTopology-0-20240420-22:44:54-13820,scalar,LoRa.server[3],noOfSuccessPackets: 7,,,231841
LoRaSim-MinimalTopology-0-20240420-22:44:54-13820,scalar,LoRa.server[3],noOfHostsInSFTier: 7,,,305
LoRaSim-MinimalTopology-0-20240420-22:44:54-13820,scalar,LoRa.server[3],SF: 8,,,0
LoRaSim-MinimalTopology-0-20240420-22:44:54-13820,scalar,LoRa.server[3],rcvCounter: 8,,,0
LoRaSim-MinimalTopology-0-20240420-22:44:54-13820,scalar,LoRa.server[3],noOfCollidedPackets: 8,,,0
LoRaSim-MinimalTopology-0-20240420-22:44:54-13820,scalar,LoRa.server[3],noOfSuccessPackets: 8,,,0
LoRaSim-MinimalTopology-0-20240420-22:44:54-13820,scalar,LoRa.server[3],noOfHostsInSFTier: 8,,,131
LoRaSim-MinimalTopology-0-20240420-22:44:54-13820,scalar,LoRa.server[3],SF: 9,,,0
LoRaSim-MinimalTopology-0-20240420-22:44:54-13820,scalar,LoRa.server[3],rcvCounter: 9,,,0
LoRaSim-MinimalTopology-0-20240420-22:44:54-13820,scalar,LoRa.server[3],noOfCollidedPackets: 9,,,0
LoRaSim-MinimalTopology-0-20240420-22:44:54-13820,scalar,LoRa.server[3],noOfSuccessPackets: 9,,,0
LoRaSim-MinimalTopology-0-20240420-22:44:54-13820,scalar,LoRa.server[3],noOfHostsInSFTier: 9,,,204
LoRaSim-MinimalTopology-0-20240420-22:44:54-13820,scalar,LoRa.server[3],SF: 10,,,0
LoRaSim-MinimalTopology-0-20240420-22:44:54-13820,scalar,LoRa.server[3],rcvCounter: 10,,,0
LoRaSim-MinimalTopology-0-20240420-22:44:54-13820,scalar,LoRa.server[3],noOfCollidedPackets: 10,,,0
LoRaSim-MinimalTopology-0-20240420-22:44:54-13820,scalar,LoRa.server[3],noOfSuccessPackets: 10,,,0
LoRaSim-MinimalTopology-0-20240420-22:44:54-13820,scalar,LoRa.server[3],noOfHostsInSFTier: 10,,,301
LoRaSim-MinimalTopology-0-20240420-22:44:54-13820,scalar,LoRa.server[3],SF: 11,,,0
LoRaSim-MinimalTopology-0-20240420-22:44:54-13820,scalar,LoRa.server[3],rcvCounter: 11,,,0
LoRaSim-MinimalTopology-0-20240420-22:44:54-13820,scalar,LoRa.server[3],noOfCollidedPackets: 11,,,0
LoRaSim-MinimalTopology-0-20240420-22:44:54-13820,scalar,LoRa.server[3],noOfSuccessPackets: 11,,,0
LoRaSim-MinimalTopology-0-20240420-22:44:54-13820,scalar,LoRa.server[3],noOfHostsInSFTier: 11,,,391
LoRaSim-MinimalTopology-0-20240420-22:44:54-13820,scalar,LoRa.server[3],SF: 12,,,0
LoRaSim-MinimalTopology-0-20240420-22:44:54-13820,scalar,LoRa.server[3],rcvCounter: 12,,,0
LoRaSim-MinimalTopology-0-20240420-22:44:54-13820,scalar,LoRa.server[3],noOfCollidedPackets: 12,,,0
LoRaSim-MinimalTopology-0-20240420-22:44:54-13820,scalar,LoRa.server[3],noOfSuccessPackets: 12,,,0
LoRaSim-MinimalTopology-0-20240420-22:44:54-13820,scalar,LoRa.server[3],noOfHostsInSFTier: 12,,,667
LoRaSim-MinimalTopology-0-20240420-22:44:54-13820,scalar,LoRa.server[3],totalSuccessRate,,,0.53666898148148
LoRaSim-MinimalTopology-0-20240420-22:44:54-13820,scalar,LoRa.server[3],totalSuccessProb,,,0.98958093238064
LoRaSim-MinimalTopology-0-20240420-22:44:54-13820,scalar,LoRa.server[3],duration,,,432000
LoRaSim-MinimalTopology-0-20240420-22:44:54-13820,scalar,LoRa.server[4],SF: 7,,,1.0271574074074
LoRaSim-MinimalTopology-0-20240420-22:44:54-13820,scalar,LoRa.server[4],rcvCounter: 7,,,453003
LoRaSim-MinimalTopology-0-20240420-22:44:54-13820,scalar,LoRa.server[4],noOfCollidedPackets: 7,,,9271
LoRaSim-MinimalTopology-0-20240420-22:44:54-13820,scalar,LoRa.server[4],noOfSuccessPackets: 7,,,443732
LoRaSim-MinimalTopology-0-20240420-22:44:54-13820,scalar,LoRa.server[4],noOfHostsInSFTier: 7,,,305
LoRaSim-MinimalTopology-0-20240420-22:44:54-13820,scalar,LoRa.server[4],SF: 8,,,0
LoRaSim-MinimalTopology-0-20240420-22:44:54-13820,scalar,LoRa.server[4],rcvCounter: 8,,,0
LoRaSim-MinimalTopology-0-20240420-22:44:54-13820,scalar,LoRa.server[4],noOfCollidedPackets: 8,,,0
LoRaSim-MinimalTopology-0-20240420-22:44:54-13820,scalar,LoRa.server[4],noOfSuccessPackets: 8,,,0
LoRaSim-MinimalTopology-0-20240420-22:44:54-13820,scalar,LoRa.server[4],noOfHostsInSFTier: 8,,,131
LoRaSim-MinimalTopology-0-20240420-22:44:54-13820,scalar,LoRa.server[4],SF: 9,,,0
LoRaSim-MinimalTopology-0-20240420-22:44:54-13820,scalar,LoRa.server[4],rcvCounter: 9,,,0
LoRaSim-MinimalTopology-0-20240420-22:44:54-13820,scalar,LoRa.server[4],noOfCollidedPackets: 9,,,0
LoRaSim-MinimalTopology-0-20240420-22:44:54-13820,scalar,LoRa.server[4],noOfSuccessPackets: 9,,,0
LoRaSim-MinimalTopology-0-20240420-22:44:54-13820,scalar,LoRa.server[4],noOfHostsInSFTier: 9,,,204
LoRaSim-MinimalTopology-0-20240420-22:44:54-13820,scalar,LoRa.server[4],SF: 10,,,0
LoRaSim-MinimalTopology-0-20240420-22:44:54-13820,scalar,LoRa.server[4],rcvCounter: 10,,,0
LoRaSim-MinimalTopology-0-20240420-22:44:54-13820,scalar,LoRa.server[4],noOfCollidedPackets: 10,,,0
LoRaSim-MinimalTopology-0-20240420-22:44:54-13820,scalar,LoRa.server[4],noOfSuccessPackets: 10,,,0
LoRaSim-MinimalTopology-0-20240420-22:44:54-13820,scalar,LoRa.server[4],noOfHostsInSFTier: 10,,,301
LoRaSim-MinimalTopology-0-20240420-22:44:54-13820,scalar,LoRa.server[4],SF: 11,,,0
LoRaSim-MinimalTopology-0-20240420-22:44:54-13820,scalar,LoRa.server[4],rcvCounter: 11,,,0
LoRaSim-MinimalTopology-0-20240420-22:44:54-13820,scalar,LoRa.server[4],noOfCollidedPackets: 11,,,0
LoRaSim-MinimalTopology-0-20240420-22:44:54-13820,scalar,LoRa.server[4],noOfSuccessPackets: 11,,,0
LoRaSim-MinimalTopology-0-20240420-22:44:54-13820,scalar,LoRa.server[4],noOfHostsInSFTier: 11,,,391
LoRaSim-MinimalTopology-0-20240420-22:44:54-13820,scalar,LoRa.server[4],SF: 12,,,0
LoRaSim-MinimalTopology-0-20240420-22:44:54-13820,scalar,LoRa.server[4],rcvCounter: 12,,,0
LoRaSim-MinimalTopology-0-20240420-22:44:54-13820,scalar,LoRa.server[4],noOfCollidedPackets: 12,,,0
LoRaSim-MinimalTopology-0-20240420-22:44:54-13820,scalar,LoRa.server[4],noOfSuccessPackets: 12,,,0
LoRaSim-MinimalTopology-0-20240420-22:44:54-13820,scalar,LoRa.server[4],noOfHostsInSFTier: 12,,,667
LoRaSim-MinimalTopology-0-20240420-22:44:54-13820,scalar,LoRa.server[4],totalSuccessRate,,,1.0271574074074
LoRaSim-MinimalTopology-0-20240420-22:44:54-13820,scalar,LoRa.server[4],totalSuccessProb,,,0.97953435186963
LoRaSim-MinimalTopology-0-20240420-22:44:54-13820,scalar,LoRa.server[4],duration,,,432000
LoRaSim-MinimalTopology-0-20240420-22:44:54-13820,scalar,LoRa.host[0],numOfHostsPerSF_Server0_SF7,,,141
LoRaSim-MinimalTopology-0-20240420-22:44:54-13820,scalar,LoRa.host[0],numOfHostsPerSF_Server0_SF8,,,63
LoRaSim-MinimalTopology-0-20240420-22:44:54-13820,scalar,LoRa.host[0],numOfHostsPerSF_Server0_SF9,,,76
LoRaSim-MinimalTopology-0-20240420-22:44:54-13820,scalar,LoRa.host[0],numOfHostsPerSF_Server0_SF10,,,62
LoRaSim-MinimalTopology-0-20240420-22:44:54-13820,scalar,LoRa.host[0],numOfHostsPerSF_Server0_SF11,,,15
LoRaSim-MinimalTopology-0-20240420-22:44:54-13820,scalar,LoRa.host[0],numOfHostsPerSF_Server0_SF12,,,0
LoRaSim-MinimalTopology-0-20240420-22:44:54-13820,scalar,LoRa.host[0],numOfHostsPerSF_Server1_SF7,,,133
LoRaSim-MinimalTopology-0-20240420-22:44:54-13820,scalar,LoRa.host[0],numOfHostsPerSF_Server1_SF8,,,74
LoRaSim-MinimalTopology-0-20240420-22:44:54-13820,scalar,LoRa.host[0],numOfHostsPerSF_Server1_SF9,,,68
LoRaSim-MinimalTopology-0-20240420-22:44:54-13820,scalar,LoRa.host[0],numOfHostsPerSF_Server1_SF10,,,66
LoRaSim-MinimalTopology-0-20240420-22:44:54-13820,scalar,LoRa.host[0],numOfHostsPerSF_Server1_SF11,,,23
LoRaSim-MinimalTopology-0-20240420-22:44:54-13820,scalar,LoRa.host[0],numOfHostsPerSF_Server1_SF12,,,0
LoRaSim-MinimalTopology-0-20240420-22:44:54-13820,scalar,LoRa.host[0],numOfHostsPerSF_Server2_SF7,,,130
LoRaSim-MinimalTopology-0-20240420-22:44:54-13820,scalar,LoRa.host[0],numOfHostsPerSF_Server2_SF8,,,55
LoRaSim-MinimalTopology-0-20240420-22:44:54-13820,scalar,LoRa.host[0],numOfHostsPerSF_Server2_SF9,,,54
LoRaSim-MinimalTopology-0-20240420-22:44:54-13820,scalar,LoRa.host[0],numOfHostsPerSF_Server2_SF10,,,60
LoRaSim-MinimalTopology-0-20240420-22:44:54-13820,scalar,LoRa.host[0],numOfHostsPerSF_Server2_SF11,,,19
LoRaSim-MinimalTopology-0-20240420-22:44:54-13820,scalar,LoRa.host[0],numOfHostsPerSF_Server2_SF12,,,0
LoRaSim-MinimalTopology-0-20240420-22:44:54-13820,scalar,LoRa.host[0],numOfHostsPerSF_Server3_SF7,,,129
LoRaSim-MinimalTopology-0-20240420-22:44:54-13820,scalar,LoRa.host[0],numOfHostsPerSF_Server3_SF8,,,58
LoRaSim-MinimalTopology-0-20240420-22:44:54-13820,scalar,LoRa.host[0],numOfHostsPerSF_Server3_SF9,,,68
LoRaSim-MinimalTopology-0-20240420-22:44:54-13820,scalar,LoRa.host[0],numOfHostsPerSF_Server3_SF10,,,60
LoRaSim-MinimalTopology-0-20240420-22:44:54-13820,scalar,LoRa.host[0],numOfHostsPerSF_Server3_SF11,,,12
LoRaSim-MinimalTopology-0-20240420-22:44:54-13820,scalar,LoRa.host[0],numOfHostsPerSF_Server3_SF12,,,0
LoRaSim-MinimalTopology-0-20240420-22:44:54-13820,scalar,LoRa.host[0],numOfHostsPerSF_Server4_SF7,,,305
LoRaSim-MinimalTopology-0-20240420-22:44:54-13820,scalar,LoRa.host[0],numOfHostsPerSF_Server4_SF8,,,131
LoRaSim-MinimalTopology-0-20240420-22:44:54-13820,scalar,LoRa.host[0],numOfHostsPerSF_Server4_SF9,,,138
LoRaSim-MinimalTopology-0-20240420-22:44:54-13820,scalar,LoRa.host[0],numOfHostsPerSF_Server4_SF10,,,58
LoRaSim-MinimalTopology-0-20240420-22:44:54-13820,scalar,LoRa.host[0],numOfHostsPerSF_Server4_SF11,,,2
LoRaSim-MinimalTopology-0-20240420-22:44:54-13820,scalar,LoRa.host[0],numOfHostsPerSF_Server4_SF12,,,0
LoRaSim-MinimalTopology-0-20240420-22:44:54-13820,scalar,_runattrs_,M,,,5
LoRaSim-MinimalTopology-0-20240420-22:44:54-13820,scalar,_runattrs_,N,,,2000
