run,type,module,name,attrname,attrvalue,value
LoRaSim-MinimalTopology-0-20240420-22:38:34-9024,runattr,,,configname,LoRaSim-MinimalTopology,
LoRaSim-MinimalTopology-0-20240420-22:38:34-9024,runattr,,,datetime,20240420-22:38:34,
LoRaSim-MinimalTopology-0-20240420-22:38:34-9024,runattr,,,experiment,LoRaSim-MinimalTopology,
LoRaSim-MinimalTopology-0-20240420-22:38:34-9024,runattr,,,inifile,omnetpp.ini,
LoRaSim-MinimalTopology-0-20240420-22:38:34-9024,runattr,,,iterationvars,"$N=1000, $M=5",
LoRaSim-MinimalTopology-0-20240420-22:38:34-9024,runattr,,,iterationvarsf,"N=1000,M=5-",
LoRaSim-MinimalTopology-0-20240420-22:38:34-9024,runattr,,,measurement,"$N=1000, $M=5",
LoRaSim-MinimalTopology-0-20240420-22:38:34-9024,runattr,,,network,LoRa,
LoRaSim-MinimalTopology-0-20240420-22:38:34-9024,runattr,,,processid,9024,
LoRaSim-MinimalTopology-0-20240420-22:38:34-9024,runattr,,,repetition,0,
LoRaSim-MinimalTopology-0-20240420-22:38:34-9024,runattr,,,replication,#0,
LoRaSim-MinimalTopology-0-20240420-22:38:34-9024,runattr,,,resultdir,results,
LoRaSim-MinimalTopology-0-20240420-22:38:34-9024,runattr,,,runnumber,0,
LoRaSim-MinimalTopology-0-20240420-22:38:34-9024,runattr,,,seedset,0,
LoRaSim-MinimalTopology-0-20240420-22:38:34-9024,itervar,,,M,5,
LoRaSim-MinimalTopology-0-20240420-22:38:34-9024,itervar,,,N,1000,
LoRaSim-MinimalTopology-0-20240420-22:38:34-9024,param,,,LoRa.host[*].isBufferingEvents,false,
LoRaSim-MinimalTopology-0-20240420-22:38:34-9024,param,,,LoRa.host[*].addFrameHeader,false,
LoRaSim-MinimalTopology-0-20240420-22:38:34-9024,param,,,LoRa.host[*].nbOfChannels,3,
LoRaSim-MinimalTopology-0-20240420-22:38:34-9024,param,,,LoRa.numHosts,1000,
LoRaSim-MinimalTopology-0-20240420-22:38:34-9024,param,,,LoRa.host[*].iaTime,exponential(600s),
LoRaSim-MinimalTopology-0-20240420-22:38:34-9024,param,,,LoRa.host[*].pkLenBits,160b,
LoRaSim-MinimalTopology-0-20240420-22:38:34-9024,param,,,LoRa.netR,6333.83 m,
LoRaSim-MinimalTopology-0-20240420-22:38:34-9024,param,,,LoRa.server[*].pathlossExp,3,
LoRaSim-MinimalTopology-0-20240420-22:38:34-9024,param,,,LoRa.server[*].BW,125,
LoRaSim-MinimalTopology-0-20240420-22:38:34-9024,param,,,LoRa.numServers,5,
LoRaSim-MinimalTopology-0-20240420-22:38:34-9024,param,,,LoRa.server[0].x,-6333.83m,
LoRaSim-MinimalTopology-0-20240420-22:38:34-9024,param,,,LoRa.server[0].y,0,
LoRaSim-MinimalTopology-0-20240420-22:38:34-9024,param,,,LoRa.server[1].x,6333.83m,
LoRaSim-MinimalTopology-0-20240420-22:38:34-9024,param,,,LoRa.server[1].y,0,
LoRaSim-MinimalTopology-0-20240420-22:38:34-9024,param,,,LoRa.server[2].x,0,
LoRaSim-MinimalTopology-0-20240420-22:38:34-9024,param,,,LoRa.server[2].y,6333.83m,
LoRaSim-MinimalTopology-0-20240420-22:38:34-9024,param,,,LoRa.server[3].x,0,
LoRaSim-MinimalTopology-0-20240420-22:38:34-9024,param,,,LoRa.server[3].y,-6333.83m,
LoRaSim-MinimalTopology-0-20240420-22:38:34-9024,param,,,LoRa.server[4].x,0,
LoRaSim-MinimalTopology-0-20240420-22:38:34-9024,param,,,LoRa.server[4].y,0,
LoRaSim-MinimalTopology-0-20240420-22:38:34-9024,param,,,**.animationHoldTimeOnCollision,0s,
LoRaSim-MinimalTopology-0-20240420-22:38:34-9024,param,,,**.idleAnimationSpeed,1,
LoRaSim-MinimalTopology-0-20240420-22:38:34-9024,param,,,**.transmissionEdgeAnimationSpeed,1e-6,
LoRaSim-MinimalTopology-0-20240420-22:38:34-9024,param,,,**.midTransmissionAnimationSpeed,1e-1,
LoRaSim-MinimalTopology-0-20240420-22:38:34-9024,param,,,LoRa.slotTime,0,
LoRaSim-MinimalTopology-0-20240420-22:38:34-9024,param,,,LoRa.dutyCycleActive,true,
LoRaSim-MinimalTopology-0-20240420-22:38:34-9024,scalar,LoRa.server[0],SF: 7,,,0.30381481481481
LoRaSim-MinimalTopology-0-20240420-22:38:34-9024,scalar,LoRa.server[0],rcvCounter: 7,,,132041
LoRaSim-MinimalTopology-0-20240420-22:38:34-9024,scalar,LoRa.server[0],noOfCollidedPackets: 7,,,793
LoRaSim-MinimalTopology-0-20240420-22:38:34-9024,scalar,LoRa.server[0],noOfSuccessPackets: 7,,,131248
LoRaSim-MinimalTopology-0-20240420-22:38:34-9024,scalar,LoRa.server[0],noOfHostsInSFTier: 7,,,148
LoRaSim-MinimalTopology-0-20240420-22:38:34-9024,scalar,LoRa.server[0],SF: 8,,,0
LoRaSim-MinimalTopology-0-20240420-22:38:34-9024,scalar,LoRa.server[0],rcvCounter: 8,,,0
LoRaSim-MinimalTopology-0-20240420-22:38:34-9024,scalar,LoRa.server[0],noOfCollidedPackets: 8,,,0
LoRaSim-MinimalTopology-0-20240420-22:38:34-9024,scalar,LoRa.server[0],noOfSuccessPackets: 8,,,0
LoRaSim-MinimalTopology-0-20240420-22:38:34-9024,scalar,LoRa.server[0],noOfHostsInSFTier: 8,,,64
LoRaSim-MinimalTopology-0-20240420-22:38:34-9024,scalar,LoRa.server[0],SF: 9,,,0
LoRaSim-MinimalTopology-0-20240420-22:38:34-9024,scalar,LoRa.server[0],rcvCounter: 9,,,0
LoRaSim-MinimalTopology-0-20240420-22:38:34-9024,scalar,LoRa.server[0],noOfCollidedPackets: 9,,,0
LoRaSim-MinimalTopology-0-20240420-22:38:34-9024,scalar,LoRa.server[0],noOfSuccessPackets: 9,,,0
LoRaSim-MinimalTopology-0-20240420-22:38:34-9024,scalar,LoRa.server[0],noOfHostsInSFTier: 9,,,110
LoRaSim-MinimalTopology-0-20240420-22:38:34-9024,scalar,LoRa.server[0],SF: 10,,,0
LoRaSim-MinimalTopology-0-20240420-22:38:34-9024,scalar,LoRa.server[0],rcvCounter: 10,,,0
LoRaSim-MinimalTopology-0-20240420-22:38:34-9024,scalar,LoRa.server[0],noOfCollidedPackets: 10,,,0
LoRaSim-MinimalTopology-0-20240420-22:38:34-9024,scalar,LoRa.server[0],noOfSuccessPackets: 10,,,0
LoRaSim-MinimalTopology-0-20240420-22:38:34-9024,scalar,LoRa.server[0],noOfHostsInSFTier: 10,,,168
LoRaSim-MinimalTopology-0-20240420-22:38:34-9024,scalar,LoRa.server[0],SF: 11,,,0
LoRaSim-MinimalTopology-0-20240420-22:38:34-9024,scalar,LoRa.server[0],rcvCounter: 11,,,0
LoRaSim-MinimalTopology-0-20240420-22:38:34-9024,scalar,LoRa.server[0],noOfCollidedPackets: 11,,,0
LoRaSim-MinimalTopology-0-20240420-22:38:34-9024,scalar,LoRa.server[0],noOfSuccessPackets: 11,,,0
LoRaSim-MinimalTopology-0-20240420-22:38:34-9024,scalar,LoRa.server[0],noOfHostsInSFTier: 11,,,194
LoRaSim-MinimalTopology-0-20240420-22:38:34-9024,scalar,LoRa.server[0],SF: 12,,,0
LoRaSim-MinimalTopology-0-20240420-22:38:34-9024,scalar,LoRa.server[0],rcvCounter: 12,,,0
LoRaSim-MinimalTopology-0-20240420-22:38:34-9024,scalar,LoRa.server[0],noOfCollidedPackets: 12,,,0
LoRaSim-MinimalTopology-0-20240420-22:38:34-9024,scalar,LoRa.server[0],noOfSuccessPackets: 12,,,0
LoRaSim-MinimalTopology-0-20240420-22:38:34-9024,scalar,LoRa.server[0],noOfHostsInSFTier: 12,,,315
LoRaSim-MinimalTopology-0-20240420-22:38:34-9024,scalar,LoRa.server[0],totalSuccessRate,,,0.30381481481481
LoRaSim-MinimalTopology-0-20240420-22:38:34-9024,scalar,LoRa.server[0],totalSuccessProb,,,0.99399428965246
LoRaSim-MinimalTopology-0-20240420-22:38:34-9024,scalar,LoRa.server[0],duration,,,432000
LoRaSim-MinimalTopology-0-20240420-22:38:34-9024,scalar,LoRa.server[1],SF: 7,,,0.30306481481481
LoRaSim-MinimalTopology-0-20240420-22:38:34-9024,scalar,LoRa.server[1],rcvCounter: 7,,,131730
LoRaSim-MinimalTopology-0-20240420-22:38:34-9024,scalar,LoRa.server[1],noOfCollidedPackets: 7,,,806
LoRaSim-MinimalTopology-0-20240420-22:38:34-9024,scalar,LoRa.server[1],noOfSuccessPackets: 7,,,130924
LoRaSim-MinimalTopology-0-20240420-22:38:34-9024,scalar,LoRa.server[1],noOfHostsInSFTier: 7,,,148
LoRaSim-MinimalTopology-0-20240420-22:38:34-9024,scalar,LoRa.server[1],SF: 8,,,0
LoRaSim-MinimalTopology-0-20240420-22:38:34-9024,scalar,LoRa.server[1],rcvCounter: 8,,,0
LoRaSim-MinimalTopology-0-20240420-22:38:34-9024,scalar,LoRa.server[1],noOfCollidedPackets: 8,,,0
LoRaSim-MinimalTopology-0-20240420-22:38:34-9024,scalar,LoRa.server[1],noOfSuccessPackets: 8,,,0
LoRaSim-MinimalTopology-0-20240420-22:38:34-9024,scalar,LoRa.server[1],noOfHostsInSFTier: 8,,,64
LoRaSim-MinimalTopology-0-20240420-22:38:34-9024,scalar,LoRa.server[1],SF: 9,,,0
LoRaSim-MinimalTopology-0-20240420-22:38:34-9024,scalar,LoRa.server[1],rcvCounter: 9,,,0
LoRaSim-MinimalTopology-0-20240420-22:38:34-9024,scalar,LoRa.server[1],noOfCollidedPackets: 9,,,0
LoRaSim-MinimalTopology-0-20240420-22:38:34-9024,scalar,LoRa.server[1],noOfSuccessPackets: 9,,,0
LoRaSim-MinimalTopology-0-20240420-22:38:34-9024,scalar,LoRa.server[1],noOfHostsInSFTier: 9,,,110
LoRaSim-MinimalTopology-0-20240420-22:38:34-9024,scalar,LoRa.server[1],SF: 10,,,0
LoRaSim-MinimalTopology-0-20240420-22:38:34-9024,scalar,LoRa.server[1],rcvCounter: 10,,,0
LoRaSim-MinimalTopology-0-20240420-22:38:34-9024,scalar,LoRa.server[1],noOfCollidedPackets: 10,,,0
LoRaSim-MinimalTopology-0-20240420-22:38:34-9024,scalar,LoRa.server[1],noOfSuccessPackets: 10,,,0
LoRaSim-MinimalTopology-0-20240420-22:38:34-9024,scalar,LoRa.server[1],noOfHostsInSFTier: 10,,,168
LoRaSim-MinimalTopology-0-20240420-22:38:34-9024,scalar,LoRa.server[1],SF: 11,,,0
LoRaSim-MinimalTopology-0-20240420-22:38:34-9024,scalar,LoRa.server[1],rcvCounter: 11,,,0
LoRaSim-MinimalTopology-0-20240420-22:38:34-9024,scalar,LoRa.server[1],noOfCollidedPackets: 11,,,0
LoRaSim-MinimalTopology-0-20240420-22:38:34-9024,scalar,LoRa.server[1],noOfSuccessPackets: 11,,,0
LoRaSim-MinimalTopology-0-20240420-22:38:34-9024,scalar,LoRa.server[1],noOfHostsInSFTier: 11,,,194
LoRaSim-MinimalTopology-0-20240420-22:38:34-9024,scalar,LoRa.server[1],SF: 12,,,0
LoRaSim-MinimalTopology-0-20240420-22:38:34-9024,scalar,LoRa.server[1],rcvCounter: 12,,,0
LoRaSim-MinimalTopology-0-20240420-22:38:34-9024,scalar,LoRa.server[1],noOfCollidedPackets: 12,,,0
LoRaSim-MinimalTopology-0-20240420-22:38:34-9024,scalar,LoRa.server[1],noOfSuccessPackets: 12,,,0
LoRaSim-MinimalTopology-0-20240420-22:38:34-9024,scalar,LoRa.server[1],noOfHostsInSFTier: 12,,,315
LoRaSim-MinimalTopology-0-20240420-22:38:34-9024,scalar,LoRa.server[1],totalSuccessRate,,,0.30306481481481
LoRaSim-MinimalTopology-0-20240420-22:38:34-9024,scalar,LoRa.server[1],totalSuccessProb,,,0.9938814241251
LoRaSim-MinimalTopology-0-20240420-22:38:34-9024,scalar,LoRa.server[1],duration,,,432000
LoRaSim-MinimalTopology-0-20240420-22:38:34-9024,scalar,LoRa.server[2],SF: 7,,,0.23497222222222
LoRaSim-MinimalTopology-0-20240420-22:38:34-9024,scalar,LoRa.server[2],rcvCounter: 7,,,101972
LoRaSim-MinimalTopology-0-20240420-22:38:34-9024,scalar,LoRa.server[2],noOfCollidedPackets: 7,,,464
LoRaSim-MinimalTopology-0-20240420-22:38:34-9024,scalar,LoRa.server[2],noOfSuccessPackets: 7,,,101508
LoRaSim-MinimalTopology-0-20240420-22:38:34-9024,scalar,LoRa.server[2],noOfHostsInSFTier: 7,,,148
LoRaSim-MinimalTopology-0-20240420-22:38:34-9024,scalar,LoRa.server[2],SF: 8,,,0
LoRaSim-MinimalTopology-0-20240420-22:38:34-9024,scalar,LoRa.server[2],rcvCounter: 8,,,0
LoRaSim-MinimalTopology-0-20240420-22:38:34-9024,scalar,LoRa.server[2],noOfCollidedPackets: 8,,,0
LoRaSim-MinimalTopology-0-20240420-22:38:34-9024,scalar,LoRa.server[2],noOfSuccessPackets: 8,,,0
LoRaSim-MinimalTopology-0-20240420-22:38:34-9024,scalar,LoRa.server[2],noOfHostsInSFTier: 8,,,64
LoRaSim-MinimalTopology-0-20240420-22:38:34-9024,scalar,LoRa.server[2],SF: 9,,,0
LoRaSim-MinimalTopology-0-20240420-22:38:34-9024,scalar,LoRa.server[2],rcvCounter: 9,,,0
LoRaSim-MinimalTopology-0-20240420-22:38:34-9024,scalar,LoRa.server[2],noOfCollidedPackets: 9,,,0
LoRaSim-MinimalTopology-0-20240420-22:38:34-9024,scalar,LoRa.server[2],noOfSuccessPackets: 9,,,0
LoRaSim-MinimalTopology-0-20240420-22:38:34-9024,scalar,LoRa.server[2],noOfHostsInSFTier: 9,,,110
LoRaSim-MinimalTopology-0-20240420-22:38:34-9024,scalar,LoRa.server[2],SF: 10,,,0
LoRaSim-MinimalTopology-0-20240420-22:38:34-9024,scalar,LoRa.server[2],rcvCounter: 10,,,0
LoRaSim-MinimalTopology-0-20240420-22:38:34-9024,scalar,LoRa.server[2],noOfCollidedPackets: 10,,,0
LoRaSim-MinimalTopology-0-20240420-22:38:34-9024,scalar,LoRa.server[2],noOfSuccessPackets: 10,,,0
LoRaSim-MinimalTopology-0-20240420-22:38:34-9024,scalar,LoRa.server[2],noOfHostsInSFTier: 10,,,168
LoRaSim-MinimalTopology-0-20240420-22:38:34-9024,scalar,LoRa.server[2],SF: 11,,,0
LoRaSim-MinimalTopology-0-20240420-22:38:34-9024,scalar,LoRa.server[2],rcvCounter: 11,,,0
LoRaSim-MinimalTopology-0-20240420-22:38:34-9024,scalar,LoRa.server[2],noOfCollidedPackets: 11,,,0
LoRaSim-MinimalTopology-0-20240420-22:38:34-9024,scalar,LoRa.server[2],noOfSuccessPackets: 11,,,0
LoRaSim-MinimalTopology-0-20240420-22:38:34-9024,scalar,LoRa.server[2],noOfHostsInSFTier: 11,,,194
LoRaSim-MinimalTopology-0-20240420-22:38:34-9024,scalar,LoRa.server[2],SF: 12,,,0
LoRaSim-MinimalTopology-0-20240420-22:38:34-9024,scalar,LoRa.server[2],rcvCounter: 12,,,0
LoRaSim-MinimalTopology-0-20240420-22:38:34-9024,scalar,LoRa.server[2],noOfCollidedPackets: 12,,,0
LoRaSim-MinimalTopology-0-20240420-22:38:34-9024,scalar,LoRa.server[2],noOfSuccessPackets: 12,,,0
LoRaSim-MinimalTopology-0-20240420-22:38:34-9024,scalar,LoRa.server[2],noOfHostsInSFTier: 12,,,315
LoRaSim-MinimalTopology-0-20240420-22:38:34-9024,scalar,LoRa.server[2],totalSuccessRate,,,0.23497222222222
LoRaSim-MinimalTopology-0-20240420-22:38:34-9024,scalar,LoRa.server[2],totalSuccessProb,,,0.99544973129879
LoRaSim-MinimalTopology-0-20240420-22:38:34-9024,scalar,LoRa.server[2],duration,,,432000
LoRaSim-MinimalTopology-0-20240420-22:38:34-9024,scalar,LoRa.server[3],SF: 7,,,0.25656481481481
LoRaSim-MinimalTopology-0-20240420-22:38:34-9024,scalar,LoRa.server[3],rcvCounter: 7,,,111388
LoRaSim-MinimalTopology-0-20240420-22:38:34-9024,scalar,LoRa.server[3],noOfCollidedPackets: 7,,,552
LoRaSim-MinimalTopology-0-20240420-22:38:34-9024,scalar,LoRa.server[3],noOfSuccessPackets: 7,,,110836
LoRaSim-MinimalTopology-0-20240420-22:38:34-9024,scalar,LoRa.server[3],noOfHostsInSFTier: 7,,,148
LoRaSim-MinimalTopology-0-20240420-22:38:34-9024,scalar,LoRa.server[3],SF: 8,,,0
LoRaSim-MinimalTopology-0-20240420-22:38:34-9024,scalar,LoRa.server[3],rcvCounter: 8,,,0
LoRaSim-MinimalTopology-0-20240420-22:38:34-9024,scalar,LoRa.server[3],noOfCollidedPackets: 8,,,0
LoRaSim-MinimalTopology-0-20240420-22:38:34-9024,scalar,LoRa.server[3],noOfSuccessPackets: 8,,,0
LoRaSim-MinimalTopology-0-20240420-22:38:34-9024,scalar,LoRa.server[3],noOfHostsInSFTier: 8,,,64
LoRaSim-MinimalTopology-0-20240420-22:38:34-9024,scalar,LoRa.server[3],SF: 9,,,0
LoRaSim-MinimalTopology-0-20240420-22:38:34-9024,scalar,LoRa.server[3],rcvCounter: 9,,,0
LoRaSim-MinimalTopology-0-20240420-22:38:34-9024,scalar,LoRa.server[3],noOfCollidedPackets: 9,,,0
LoRaSim-MinimalTopology-0-20240420-22:38:34-9024,scalar,LoRa.server[3],noOfSuccessPackets: 9,,,0
LoRaSim-MinimalTopology-0-20240420-22:38:34-9024,scalar,LoRa.server[3],noOfHostsInSFTier: 9,,,110
LoRaSim-MinimalTopology-0-20240420-22:38:34-9024,scalar,LoRa.server[3],SF: 10,,,0
LoRaSim-MinimalTopology-0-20240420-22:38:34-9024,scalar,LoRa.server[3],rcvCounter: 10,,,0
LoRaSim-MinimalTopology-0-20240420-22:38:34-9024,scalar,LoRa.server[3],noOfCollidedPackets: 10,,,0
LoRaSim-MinimalTopology-0-20240420-22:38:34-9024,scalar,LoRa.server[3],noOfSuccessPackets: 10,,,0
LoRaSim-MinimalTopology-0-20240420-22:38:34-9024,scalar,LoRa.server[3],noOfHostsInSFTier: 10,,,168
LoRaSim-MinimalTopology-0-20240420-22:38:34-9024,scalar,LoRa.server[3],SF: 11,,,0
LoRaSim-MinimalTopology-0-20240420-22:38:34-9024,scalar,LoRa.server[3],rcvCounter: 11,,,0
LoRaSim-MinimalTopology-0-20240420-22:38:34-9024,scalar,LoRa.server[3],noOfCollidedPackets: 11,,,0
LoRaSim-MinimalTopology-0-20240420-22:38:34-9024,scalar,LoRa.server[3],noOfSuccessPackets: 11,,,0
LoRaSim-MinimalTopology-0-20240420-22:38:34-9024,scalar,LoRa.server[3],noOfHostsInSFTier: 11,,,194
LoRaSim-MinimalTopology-0-20240420-22:38:34-9024,scalar,LoRa.server[3],SF: 12,,,0
LoRaSim-MinimalTopology-0-20240420-22:38:34-9024,scalar,LoRa.server[3],rcvCounter: 12,,,0
LoRaSim-MinimalTopology-0-20240420-22:38:34-9024,scalar,LoRa.server[3],noOfCollidedPackets: 12,,,0
LoRaSim-MinimalTopology-0-20240420-22:38:34-9024,scalar,LoRa.server[3],noOfSuccessPackets: 12,,,0
LoRaSim-MinimalTopology-0-20240420-22:38:34-9024,scalar,LoRa.server[3],noOfHostsInSFTier: 12,,,315
LoRaSim-MinimalTopology-0-20240420-22:38:34-9024,scalar,LoRa.server[3],totalSuccessRate,,,0.25656481481481
LoRaSim-MinimalTopology-0-20240420-22:38:34-9024,scalar,LoRa.server[3],totalSuccessProb,,,0.99504434948109
LoRaSim-MinimalTopology-0-20240420-22:38:34-9024,scalar,LoRa.server[3],duration,,,432000
LoRaSim-MinimalTopology-0-20240420-22:38:34-9024,scalar,LoRa.server[4],SF: 7,,,0.54588194444444
LoRaSim-MinimalTopology-0-20240420-22:38:34-9024,scalar,LoRa.server[4],rcvCounter: 7,,,238278
LoRaSim-MinimalTopology-0-20240420-22:38:34-9024,scalar,LoRa.server[4],noOfCollidedPackets: 7,,,2457
LoRaSim-MinimalTopology-0-20240420-22:38:34-9024,scalar,LoRa.server[4],noOfSuccessPackets: 7,,,235821
LoRaSim-MinimalTopology-0-20240420-22:38:34-9024,scalar,LoRa.server[4],noOfHostsInSFTier: 7,,,148
LoRaSim-MinimalTopology-0-20240420-22:38:34-9024,scalar,LoRa.server[4],SF: 8,,,0
LoRaSim-MinimalTopology-0-20240420-22:38:34-9024,scalar,LoRa.server[4],rcvCounter: 8,,,0
LoRaSim-MinimalTopology-0-20240420-22:38:34-9024,scalar,LoRa.server[4],noOfCollidedPackets: 8,,,0
LoRaSim-MinimalTopology-0-20240420-22:38:34-9024,scalar,LoRa.server[4],noOfSuccessPackets: 8,,,0
LoRaSim-MinimalTopology-0-20240420-22:38:34-9024,scalar,LoRa.server[4],noOfHostsInSFTier: 8,,,64
LoRaSim-MinimalTopology-0-20240420-22:38:34-9024,scalar,LoRa.server[4],SF: 9,,,0
LoRaSim-MinimalTopology-0-20240420-22:38:34-9024,scalar,LoRa.server[4],rcvCounter: 9,,,0
LoRaSim-MinimalTopology-0-20240420-22:38:34-9024,scalar,LoRa.server[4],noOfCollidedPackets: 9,,,0
LoRaSim-MinimalTopology-0-20240420-22:38:34-9024,scalar,LoRa.server[4],noOfSuccessPackets: 9,,,0
LoRaSim-MinimalTopology-0-20240420-22:38:34-9024,scalar,LoRa.server[4],noOfHostsInSFTier: 9,,,110
LoRaSim-MinimalTopology-0-20240420-22:38:34-9024,scalar,LoRa.server[4],SF: 10,,,0
LoRaSim-MinimalTopology-0-20240420-22:38:34-9024,scalar,LoRa.server[4],rcvCounter: 10,,,0
LoRaSim-MinimalTopology-0-20240420-22:38:34-9024,scalar,LoRa.server[4],noOfCollidedPackets: 10,,,0
LoRaSim-MinimalTopology-0-20240420-22:38:34-9024,scalar,LoRa.server[4],noOfSuccessPackets: 10,,,0
LoRaSim-MinimalTopology-0-20240420-22:38:34-9024,scalar,LoRa.server[4],noOfHostsInSFTier: 10,,,168
LoRaSim-MinimalTopology-0-20240420-22:38:34-9024,scalar,LoRa.server[4],SF: 11,,,0
LoRaSim-MinimalTopology-0-20240420-22:38:34-9024,scalar,LoRa.server[4],rcvCounter: 11,,,0
LoRaSim-MinimalTopology-0-20240420-22:38:34-9024,scalar,LoRa.server[4],noOfCollidedPackets: 11,,,0
LoRaSim-MinimalTopology-0-20240420-22:38:34-9024,scalar,LoRa.server[4],noOfSuccessPackets: 11,,,0
LoRaSim-MinimalTopology-0-20240420-22:38:34-9024,scalar,LoRa.server[4],noOfHostsInSFTier: 11,,,194
LoRaSim-MinimalTopology-0-20240420-22:38:34-9024,scalar,LoRa.server[4],SF: 12,,,0
LoRaSim-MinimalTopology-0-20240420-22:38:34-9024,scalar,LoRa.server[4],rcvCounter: 12,,,0
LoRaSim-MinimalTopology-0-20240420-22:38:34-9024,scalar,LoRa.server[4],noOfCollidedPackets: 12,,,0
LoRaSim-MinimalTopology-0-20240420-22:38:34-9024,scalar,LoRa.server[4],noOfSuccessPackets: 12,,,0
LoRaSim-MinimalTopology-0-20240420-22:38:34-9024,scalar,LoRa.server[4],noOfHostsInSFTier: 12,,,315
LoRaSim-MinimalTopology-0-20240420-22:38:34-9024,scalar,LoRa.server[4],totalSuccessRate,,,0.54588194444444
LoRaSim-MinimalTopology-0-20240420-22:38:34-9024,scalar,LoRa.server[4],totalSuccessProb,,,0.98968851509581
LoRaSim-MinimalTopology-0-20240420-22:38:34-9024,scalar,LoRa.server[4],duration,,,432000
LoRaSim-MinimalTopology-0-20240420-22:38:34-9024,scalar,LoRa.host[0],numOfHostsPerSF_Server0_SF7,,,66
LoRaSim-MinimalTopology-0-20240420-22:38:34-9024,scalar,LoRa.host[0],numOfHostsPerSF_Server0_SF8,,,35
LoRaSim-MinimalTopology-0-20240420-22:38:34-9024,scalar,LoRa.host[0],numOfHostsPerSF_Server0_SF9,,,41
LoRaSim-MinimalTopology-0-20240420-22:38:34-9024,scalar,LoRa.host[0],numOfHostsPerSF_Server0_SF10,,,34
LoRaSim-MinimalTopology-0-20240420-22:38:34-9024,scalar,LoRa.host[0],numOfHostsPerSF_Server0_SF11,,,8
LoRaSim-MinimalTopology-0-20240420-22:38:34-9024,scalar,LoRa.host[0],numOfHostsPerSF_Server0_SF12,,,0
LoRaSim-MinimalTopology-0-20240420-22:38:34-9024,scalar,LoRa.host[0],numOfHostsPerSF_Server1_SF7,,,68
LoRaSim-MinimalTopology-0-20240420-22:38:34-9024,scalar,LoRa.host[0],numOfHostsPerSF_Server1_SF8,,,30
LoRaSim-MinimalTopology-0-20240420-22:38:34-9024,scalar,LoRa.host[0],numOfHostsPerSF_Server1_SF9,,,39
LoRaSim-MinimalTopology-0-20240420-22:38:34-9024,scalar,LoRa.host[0],numOfHostsPerSF_Server1_SF10,,,36
LoRaSim-MinimalTopology-0-20240420-22:38:34-9024,scalar,LoRa.host[0],numOfHostsPerSF_Server1_SF11,,,11
LoRaSim-MinimalTopology-0-20240420-22:38:34-9024,scalar,LoRa.host[0],numOfHostsPerSF_Server1_SF12,,,0
LoRaSim-MinimalTopology-0-20240420-22:38:34-9024,scalar,LoRa.host[0],numOfHostsPerSF_Server2_SF7,,,54
LoRaSim-MinimalTopology-0-20240420-22:38:34-9024,scalar,LoRa.host[0],numOfHostsPerSF_Server2_SF8,,,25
LoRaSim-MinimalTopology-0-20240420-22:38:34-9024,scalar,LoRa.host[0],numOfHostsPerSF_Server2_SF9,,,29
LoRaSim-MinimalTopology-0-20240420-22:38:34-9024,scalar,LoRa.host[0],numOfHostsPerSF_Server2_SF10,,,26
LoRaSim-MinimalTopology-0-20240420-22:38:34-9024,scalar,LoRa.host[0],numOfHostsPerSF_Server2_SF11,,,8
LoRaSim-MinimalTopology-0-20240420-22:38:34-9024,scalar,LoRa.host[0],numOfHostsPerSF_Server2_SF12,,,0
LoRaSim-MinimalTopology-0-20240420-22:38:34-9024,scalar,LoRa.host[0],numOfHostsPerSF_Server3_SF7,,,60
LoRaSim-MinimalTopology-0-20240420-22:38:34-9024,scalar,LoRa.host[0],numOfHostsPerSF_Server3_SF8,,,30
LoRaSim-MinimalTopology-0-20240420-22:38:34-9024,scalar,LoRa.host[0],numOfHostsPerSF_Server3_SF9,,,31
LoRaSim-MinimalTopology-0-20240420-22:38:34-9024,scalar,LoRa.host[0],numOfHostsPerSF_Server3_SF10,,,28
LoRaSim-MinimalTopology-0-20240420-22:38:34-9024,scalar,LoRa.host[0],numOfHostsPerSF_Server3_SF11,,,7
LoRaSim-MinimalTopology-0-20240420-22:38:34-9024,scalar,LoRa.host[0],numOfHostsPerSF_Server3_SF12,,,0
LoRaSim-MinimalTopology-0-20240420-22:38:34-9024,scalar,LoRa.host[0],numOfHostsPerSF_Server4_SF7,,,148
LoRaSim-MinimalTopology-0-20240420-22:38:34-9024,scalar,LoRa.host[0],numOfHostsPerSF_Server4_SF8,,,64
LoRaSim-MinimalTopology-0-20240420-22:38:34-9024,scalar,LoRa.host[0],numOfHostsPerSF_Server4_SF9,,,83
LoRaSim-MinimalTopology-0-20240420-22:38:34-9024,scalar,LoRa.host[0],numOfHostsPerSF_Server4_SF10,,,38
LoRaSim-MinimalTopology-0-20240420-22:38:34-9024,scalar,LoRa.host[0],numOfHostsPerSF_Server4_SF11,,,1
LoRaSim-MinimalTopology-0-20240420-22:38:34-9024,scalar,LoRa.host[0],numOfHostsPerSF_Server4_SF12,,,0
LoRaSim-MinimalTopology-0-20240420-22:38:34-9024,scalar,_runattrs_,M,,,5
LoRaSim-MinimalTopology-0-20240420-22:38:34-9024,scalar,_runattrs_,N,,,1000
