run,type,module,name,attrname,attrvalue,value
LoRaSim-MinimalTopology-0-20240420-22:46:03-6988,runattr,,,configname,LoRaSim-MinimalTopology,
LoRaSim-MinimalTopology-0-20240420-22:46:03-6988,runattr,,,datetime,20240420-22:46:03,
LoRaSim-MinimalTopology-0-20240420-22:46:03-6988,runattr,,,experiment,LoRaSim-MinimalTopology,
LoRaSim-MinimalTopology-0-20240420-22:46:03-6988,runattr,,,inifile,omnetpp.ini,
LoRaSim-MinimalTopology-0-20240420-22:46:03-6988,runattr,,,iterationvars,"$N=3000, $M=5",
LoRaSim-MinimalTopology-0-20240420-22:46:03-6988,runattr,,,iterationvarsf,"N=3000,M=5-",
LoRaSim-MinimalTopology-0-20240420-22:46:03-6988,runattr,,,measurement,"$N=3000, $M=5",
LoRaSim-MinimalTopology-0-20240420-22:46:03-6988,runattr,,,network,LoRa,
LoRaSim-MinimalTopology-0-20240420-22:46:03-6988,runattr,,,processid,6988,
LoRaSim-MinimalTopology-0-20240420-22:46:03-6988,runattr,,,repetition,0,
LoRaSim-MinimalTopology-0-20240420-22:46:03-6988,runattr,,,replication,#0,
LoRaSim-MinimalTopology-0-20240420-22:46:03-6988,runattr,,,resultdir,results,
LoRaSim-MinimalTopology-0-20240420-22:46:03-6988,runattr,,,runnumber,0,
LoRaSim-MinimalTopology-0-20240420-22:46:03-6988,runattr,,,seedset,0,
LoRaSim-MinimalTopology-0-20240420-22:46:03-6988,itervar,,,M,5,
LoRaSim-MinimalTopology-0-20240420-22:46:03-6988,itervar,,,N,3000,
LoRaSim-MinimalTopology-0-20240420-22:46:03-6988,param,,,LoRa.host[*].isBufferingEvents,false,
LoRaSim-MinimalTopology-0-20240420-22:46:03-6988,param,,,LoRa.host[*].addFrameHeader,false,
LoRaSim-MinimalTopology-0-20240420-22:46:03-6988,param,,,LoRa.host[*].nbOfChannels,3,
LoRaSim-MinimalTopology-0-20240420-22:46:03-6988,param,,,LoRa.numHosts,3000,
LoRaSim-MinimalTopology-0-20240420-22:46:03-6988,param,,,LoRa.host[*].iaTime,exponential(600s),
LoRaSim-MinimalTopology-0-20240420-22:46:03-6988,param,,,LoRa.host[*].pkLenBits,160b,
LoRaSim-MinimalTopology-0-20240420-22:46:03-6988,param,,,LoRa.netR,6333.83 m,
LoRaSim-MinimalTopology-0-20240420-22:46:03-6988,param,,,LoRa.server[*].pathlossExp,3,
LoRaSim-MinimalTopology-0-20240420-22:46:03-6988,param,,,LoRa.server[*].BW,125,
LoRaSim-MinimalTopology-0-20240420-22:46:03-6988,param,,,LoRa.numServers,5,
LoRaSim-MinimalTopology-0-20240420-22:46:03-6988,param,,,LoRa.server[0].x,-6333.83m,
LoRaSim-MinimalTopology-0-20240420-22:46:03-6988,param,,,LoRa.server[0].y,0,
LoRaSim-MinimalTopology-0-20240420-22:46:03-6988,param,,,LoRa.server[1].x,6333.83m,
LoRaSim-MinimalTopology-0-20240420-22:46:03-6988,param,,,LoRa.server[1].y,0,
LoRaSim-MinimalTopology-0-20240420-22:46:03-6988,param,,,LoRa.server[2].x,0,
LoRaSim-MinimalTopology-0-20240420-22:46:03-6988,param,,,LoRa.server[2].y,6333.83m,
LoRaSim-MinimalTopology-0-20240420-22:46:03-6988,param,,,LoRa.server[3].x,0,
LoRaSim-MinimalTopology-0-20240420-22:46:03-6988,param,,,LoRa.server[3].y,-6333.83m,
LoRaSim-MinimalTopology-0-20240420-22:46:03-6988,param,,,LoRa.server[4].x,0,
LoRaSim-MinimalTopology-0-20240420-22:46:03-6988,param,,,LoRa.server[4].y,0,
LoRaSim-MinimalTopology-0-20240420-22:46:03-6988,param,,,**.animationHoldTimeOnCollision,0s,
LoRaSim-MinimalTopology-0-20240420-22:46:03-6988,param,,,**.idleAnimationSpeed,1,
LoRaSim-MinimalTopology-0-20240420-22:46:03-6988,param,,,**.transmissionEdgeAnimationSpeed,1e-6,
LoRaSim-MinimalTopology-0-20240420-22:46:03-6988,param,,,**.midTransmissionAnimationSpeed,1e-1,
LoRaSim-MinimalTopology-0-20240420-22:46:03-6988,param,,,LoRa.slotTime,0,
LoRaSim-MinimalTopology-0-20240420-22:46:03-6988,param,,,LoRa.dutyCycleActive,true,
LoRaSim-MinimalTopology-0-20240420-22:46:03-6988,scalar,LoRa.server[0],SF: 7,,,0.87272916666667
LoRaSim-MinimalTopology-0-20240420-22:46:03-6988,scalar,LoRa.server[0],rcvCounter: 7,,,383683
LoRaSim-MinimalTopology-0-20240420-22:46:03-6988,scalar,LoRa.server[0],noOfCollidedPackets: 7,,,6664
LoRaSim-MinimalTopology-0-20240420-22:46:03-6988,scalar,LoRa.server[0],noOfSuccessPackets: 7,,,377019
LoRaSim-MinimalTopology-0-20240420-22:46:03-6988,scalar,LoRa.server[0],noOfHostsInSFTier: 7,,,446
LoRaSim-MinimalTopology-0-20240420-22:46:03-6988,scalar,LoRa.server[0],SF: 8,,,0
LoRaSim-MinimalTopology-0-20240420-22:46:03-6988,scalar,LoRa.server[0],rcvCounter: 8,,,0
LoRaSim-MinimalTopology-0-20240420-22:46:03-6988,scalar,LoRa.server[0],noOfCollidedPackets: 8,,,0
LoRaSim-MinimalTopology-0-20240420-22:46:03-6988,scalar,LoRa.server[0],noOfSuccessPackets: 8,,,0
LoRaSim-MinimalTopology-0-20240420-22:46:03-6988,scalar,LoRa.server[0],noOfHostsInSFTier: 8,,,182
LoRaSim-MinimalTopology-0-20240420-22:46:03-6988,scalar,LoRa.server[0],SF: 9,,,0
LoRaSim-MinimalTopology-0-20240420-22:46:03-6988,scalar,LoRa.server[0],rcvCounter: 9,,,0
LoRaSim-MinimalTopology-0-20240420-22:46:03-6988,scalar,LoRa.server[0],noOfCollidedPackets: 9,,,0
LoRaSim-MinimalTopology-0-20240420-22:46:03-6988,scalar,LoRa.server[0],noOfSuccessPackets: 9,,,0
LoRaSim-MinimalTopology-0-20240420-22:46:03-6988,scalar,LoRa.server[0],noOfHostsInSFTier: 9,,,317
LoRaSim-MinimalTopology-0-20240420-22:46:03-6988,scalar,LoRa.server[0],SF: 10,,,0
LoRaSim-MinimalTopology-0-20240420-22:46:03-6988,scalar,LoRa.server[0],rcvCounter: 10,,,0
LoRaSim-MinimalTopology-0-20240420-22:46:03-6988,scalar,LoRa.server[0],noOfCollidedPackets: 10,,,0
LoRaSim-MinimalTopology-0-20240420-22:46:03-6988,scalar,LoRa.server[0],noOfSuccessPackets: 10,,,0
LoRaSim-MinimalTopology-0-20240420-22:46:03-6988,scalar,LoRa.server[0],noOfHostsInSFTier: 10,,,459
LoRaSim-MinimalTopology-0-20240420-22:46:03-6988,scalar,LoRa.server[0],SF: 11,,,0
LoRaSim-MinimalTopology-0-20240420-22:46:03-6988,scalar,LoRa.server[0],rcvCounter: 11,,,0
LoRaSim-MinimalTopology-0-20240420-22:46:03-6988,scalar,LoRa.server[0],noOfCollidedPackets: 11,,,0
LoRaSim-MinimalTopology-0-20240420-22:46:03-6988,scalar,LoRa.server[0],noOfSuccessPackets: 11,,,0
LoRaSim-MinimalTopology-0-20240420-22:46:03-6988,scalar,LoRa.server[0],noOfHostsInSFTier: 11,,,602
LoRaSim-MinimalTopology-0-20240420-22:46:03-6988,scalar,LoRa.server[0],SF: 12,,,0
LoRaSim-MinimalTopology-0-20240420-22:46:03-6988,scalar,LoRa.server[0],rcvCounter: 12,,,0
LoRaSim-MinimalTopology-0-20240420-22:46:03-6988,scalar,LoRa.server[0],noOfCollidedPackets: 12,,,0
LoRaSim-MinimalTopology-0-20240420-22:46:03-6988,scalar,LoRa.server[0],noOfSuccessPackets: 12,,,0
LoRaSim-MinimalTopology-0-20240420-22:46:03-6988,scalar,LoRa.server[0],noOfHostsInSFTier: 12,,,991
LoRaSim-MinimalTopology-0-20240420-22:46:03-6988,scalar,LoRa.server[0],totalSuccessRate,,,0.87272916666667
LoRaSim-MinimalTopology-0-20240420-22:46:03-6988,scalar,LoRa.server[0],totalSuccessProb,,,0.98263149527084
LoRaSim-MinimalTopology-0-20240420-22:46:03-6988,scalar,LoRa.server[0],duration,,,432000
LoRaSim-MinimalTopology-0-20240420-22:46:03-6988,scalar,LoRa.server[1],SF: 7,,,0.87352083333333
LoRaSim-MinimalTopology-0-20240420-22:46:03-6988,scalar,LoRa.server[1],rcvCounter: 7,,,383860
LoRaSim-MinimalTopology-0-20240420-22:46:03-6988,scalar,LoRa.server[1],noOfCollidedPackets: 7,,,6499
LoRaSim-MinimalTopology-0-20240420-22:46:03-6988,scalar,LoRa.server[1],noOfSuccessPackets: 7,,,377361
LoRaSim-MinimalTopology-0-20240420-22:46:03-6988,scalar,LoRa.server[1],noOfHostsInSFTier: 7,,,446
LoRaSim-MinimalTopology-0-20240420-22:46:03-6988,scalar,LoRa.server[1],SF: 8,,,0
LoRaSim-MinimalTopology-0-20240420-22:46:03-6988,scalar,LoRa.server[1],rcvCounter: 8,,,0
LoRaSim-MinimalTopology-0-20240420-22:46:03-6988,scalar,LoRa.server[1],noOfCollidedPackets: 8,,,0
LoRaSim-MinimalTopology-0-20240420-22:46:03-6988,scalar,LoRa.server[1],noOfSuccessPackets: 8,,,0
LoRaSim-MinimalTopology-0-20240420-22:46:03-6988,scalar,LoRa.server[1],noOfHostsInSFTier: 8,,,182
LoRaSim-MinimalTopology-0-20240420-22:46:03-6988,scalar,LoRa.server[1],SF: 9,,,0
LoRaSim-MinimalTopology-0-20240420-22:46:03-6988,scalar,LoRa.server[1],rcvCounter: 9,,,0
LoRaSim-MinimalTopology-0-20240420-22:46:03-6988,scalar,LoRa.server[1],noOfCollidedPackets: 9,,,0
LoRaSim-MinimalTopology-0-20240420-22:46:03-6988,scalar,LoRa.server[1],noOfSuccessPackets: 9,,,0
LoRaSim-MinimalTopology-0-20240420-22:46:03-6988,scalar,LoRa.server[1],noOfHostsInSFTier: 9,,,317
LoRaSim-MinimalTopology-0-20240420-22:46:03-6988,scalar,LoRa.server[1],SF: 10,,,0
LoRaSim-MinimalTopology-0-20240420-22:46:03-6988,scalar,LoRa.server[1],rcvCounter: 10,,,0
LoRaSim-MinimalTopology-0-20240420-22:46:03-6988,scalar,LoRa.server[1],noOfCollidedPackets: 10,,,0
LoRaSim-MinimalTopology-0-20240420-22:46:03-6988,scalar,LoRa.server[1],noOfSuccessPackets: 10,,,0
LoRaSim-MinimalTopology-0-20240420-22:46:03-6988,scalar,LoRa.server[1],noOfHostsInSFTier: 10,,,459
LoRaSim-MinimalTopology-0-20240420-22:46:03-6988,scalar,LoRa.server[1],SF: 11,,,0
LoRaSim-MinimalTopology-0-20240420-22:46:03-6988,scalar,LoRa.server[1],rcvCounter: 11,,,0
LoRaSim-MinimalTopology-0-20240420-22:46:03-6988,scalar,LoRa.server[1],noOfCollidedPackets: 11,,,0
LoRaSim-MinimalTopology-0-20240420-22:46:03-6988,scalar,LoRa.server[1],noOfSuccessPackets: 11,,,0
LoRaSim-MinimalTopology-0-20240420-22:46:03-6988,scalar,LoRa.server[1],noOfHostsInSFTier: 11,,,602
LoRaSim-MinimalTopology-0-20240420-22:46:03-6988,scalar,LoRa.server[1],SF: 12,,,0
LoRaSim-MinimalTopology-0-20240420-22:46:03-6988,scalar,LoRa.server[1],rcvCounter: 12,,,0
LoRaSim-MinimalTopology-0-20240420-22:46:03-6988,scalar,LoRa.server[1],noOfCollidedPackets: 12,,,0
LoRaSim-MinimalTopology-0-20240420-22:46:03-6988,scalar,LoRa.server[1],noOfSuccessPackets: 12,,,0
LoRaSim-MinimalTopology-0-20240420-22:46:03-6988,scalar,LoRa.server[1],noOfHostsInSFTier: 12,,,991
LoRaSim-MinimalTopology-0-20240420-22:46:03-6988,scalar,LoRa.server[1],totalSuccessRate,,,0.87352083333333
LoRaSim-MinimalTopology-0-20240420-22:46:03-6988,scalar,LoRa.server[1],totalSuccessProb,,,0.98306934819986
LoRaSim-MinimalTopology-0-20240420-22:46:03-6988,scalar,LoRa.server[1],duration,,,432000
LoRaSim-MinimalTopology-0-20240420-22:46:03-6988,scalar,LoRa.server[2],SF: 7,,,0.82008564814815
LoRaSim-MinimalTopology-0-20240420-22:46:03-6988,scalar,LoRa.server[2],rcvCounter: 7,,,359919
LoRaSim-MinimalTopology-0-20240420-22:46:03-6988,scalar,LoRa.server[2],noOfCollidedPackets: 7,,,5642
LoRaSim-MinimalTopology-0-20240420-22:46:03-6988,scalar,LoRa.server[2],noOfSuccessPackets: 7,,,354277
LoRaSim-MinimalTopology-0-20240420-22:46:03-6988,scalar,LoRa.server[2],noOfHostsInSFTier: 7,,,446
LoRaSim-MinimalTopology-0-20240420-22:46:03-6988,scalar,LoRa.server[2],SF: 8,,,0
LoRaSim-MinimalTopology-0-20240420-22:46:03-6988,scalar,LoRa.server[2],rcvCounter: 8,,,0
LoRaSim-MinimalTopology-0-20240420-22:46:03-6988,scalar,LoRa.server[2],noOfCollidedPackets: 8,,,0
LoRaSim-MinimalTopology-0-20240420-22:46:03-6988,scalar,LoRa.server[2],noOfSuccessPackets: 8,,,0
LoRaSim-MinimalTopology-0-20240420-22:46:03-6988,scalar,LoRa.server[2],noOfHostsInSFTier: 8,,,182
LoRaSim-MinimalTopology-0-20240420-22:46:03-6988,scalar,LoRa.server[2],SF: 9,,,0
LoRaSim-MinimalTopology-0-20240420-22:46:03-6988,scalar,LoRa.server[2],rcvCounter: 9,,,0
LoRaSim-MinimalTopology-0-20240420-22:46:03-6988,scalar,LoRa.server[2],noOfCollidedPackets: 9,,,0
LoRaSim-MinimalTopology-0-20240420-22:46:03-6988,scalar,LoRa.server[2],noOfSuccessPackets: 9,,,0
LoRaSim-MinimalTopology-0-20240420-22:46:03-6988,scalar,LoRa.server[2],noOfHostsInSFTier: 9,,,317
LoRaSim-MinimalTopology-0-20240420-22:46:03-6988,scalar,LoRa.server[2],SF: 10,,,0
LoRaSim-MinimalTopology-0-20240420-22:46:03-6988,scalar,LoRa.server[2],rcvCounter: 10,,,0
LoRaSim-MinimalTopology-0-20240420-22:46:03-6988,scalar,LoRa.server[2],noOfCollidedPackets: 10,,,0
LoRaSim-MinimalTopology-0-20240420-22:46:03-6988,scalar,LoRa.server[2],noOfSuccessPackets: 10,,,0
LoRaSim-MinimalTopology-0-20240420-22:46:03-6988,scalar,LoRa.server[2],noOfHostsInSFTier: 10,,,459
LoRaSim-MinimalTopology-0-20240420-22:46:03-6988,scalar,LoRa.server[2],SF: 11,,,0
LoRaSim-MinimalTopology-0-20240420-22:46:03-6988,scalar,LoRa.server[2],rcvCounter: 11,,,0
LoRaSim-MinimalTopology-0-20240420-22:46:03-6988,scalar,LoRa.server[2],noOfCollidedPackets: 11,,,0
LoRaSim-MinimalTopology-0-20240420-22:46:03-6988,scalar,LoRa.server[2],noOfSuccessPackets: 11,,,0
LoRaSim-MinimalTopology-0-20240420-22:46:03-6988,scalar,LoRa.server[2],noOfHostsInSFTier: 11,,,602
LoRaSim-MinimalTopology-0-20240420-22:46:03-6988,scalar,LoRa.server[2],SF: 12,,,0
LoRaSim-MinimalTopology-0-20240420-22:46:03-6988,scalar,LoRa.server[2],rcvCounter: 12,,,0
LoRaSim-MinimalTopology-0-20240420-22:46:03-6988,scalar,LoRa.server[2],noOfCollidedPackets: 12,,,0
LoRaSim-MinimalTopology-0-20240420-22:46:03-6988,scalar,LoRa.server[2],noOfSuccessPackets: 12,,,0
LoRaSim-MinimalTopology-0-20240420-22:46:03-6988,scalar,LoRa.server[2],noOfHostsInSFTier: 12,,,991
LoRaSim-MinimalTopology-0-20240420-22:46:03-6988,scalar,LoRa.server[2],totalSuccessRate,,,0.82008564814815
LoRaSim-MinimalTopology-0-20240420-22:46:03-6988,scalar,LoRa.server[2],totalSuccessProb,,,0.98432425073419
LoRaSim-MinimalTopology-0-20240420-22:46:03-6988,scalar,LoRa.server[2],duration,,,432000
LoRaSim-MinimalTopology-0-20240420-22:46:03-6988,scalar,LoRa.server[3],SF: 7,,,0.80505787037037
LoRaSim-MinimalTopology-0-20240420-22:46:03-6988,scalar,LoRa.server[3],rcvCounter: 7,,,353367
LoRaSim-MinimalTopology-0-20240420-22:46:03-6988,scalar,LoRa.server[3],noOfCollidedPackets: 7,,,5582
LoRaSim-MinimalTopology-0-20240420-22:46:03-6988,scalar,LoRa.server[3],noOfSuccessPackets: 7,,,347785
LoRaSim-MinimalTopology-0-20240420-22:46:03-6988,scalar,LoRa.server[3],noOfHostsInSFTier: 7,,,446
LoRaSim-MinimalTopology-0-20240420-22:46:03-6988,scalar,LoRa.server[3],SF: 8,,,0
LoRaSim-MinimalTopology-0-20240420-22:46:03-6988,scalar,LoRa.server[3],rcvCounter: 8,,,0
LoRaSim-MinimalTopology-0-20240420-22:46:03-6988,scalar,LoRa.server[3],noOfCollidedPackets: 8,,,0
LoRaSim-MinimalTopology-0-20240420-22:46:03-6988,scalar,LoRa.server[3],noOfSuccessPackets: 8,,,0
LoRaSim-MinimalTopology-0-20240420-22:46:03-6988,scalar,LoRa.server[3],noOfHostsInSFTier: 8,,,182
LoRaSim-MinimalTopology-0-20240420-22:46:03-6988,scalar,LoRa.server[3],SF: 9,,,0
LoRaSim-MinimalTopology-0-20240420-22:46:03-6988,scalar,LoRa.server[3],rcvCounter: 9,,,0
LoRaSim-MinimalTopology-0-20240420-22:46:03-6988,scalar,LoRa.server[3],noOfCollidedPackets: 9,,,0
LoRaSim-MinimalTopology-0-20240420-22:46:03-6988,scalar,LoRa.server[3],noOfSuccessPackets: 9,,,0
LoRaSim-MinimalTopology-0-20240420-22:46:03-6988,scalar,LoRa.server[3],noOfHostsInSFTier: 9,,,317
LoRaSim-MinimalTopology-0-20240420-22:46:03-6988,scalar,LoRa.server[3],SF: 10,,,0
LoRaSim-MinimalTopology-0-20240420-22:46:03-6988,scalar,LoRa.server[3],rcvCounter: 10,,,0
LoRaSim-MinimalTopology-0-20240420-22:46:03-6988,scalar,LoRa.server[3],noOfCollidedPackets: 10,,,0
LoRaSim-MinimalTopology-0-20240420-22:46:03-6988,scalar,LoRa.server[3],noOfSuccessPackets: 10,,,0
LoRaSim-MinimalTopology-0-20240420-22:46:03-6988,scalar,LoRa.server[3],noOfHostsInSFTier: 10,,,459
LoRaSim-MinimalTopology-0-20240420-22:46:03-6988,scalar,LoRa.server[3],SF: 11,,,0
LoRaSim-MinimalTopology-0-20240420-22:46:03-6988,scalar,LoRa.server[3],rcvCounter: 11,,,0
LoRaSim-MinimalTopology-0-20240420-22:46:03-6988,scalar,LoRa.server[3],noOfCollidedPackets: 11,,,0
LoRaSim-MinimalTopology-0-20240420-22:46:03-6988,scalar,LoRa.server[3],noOfSuccessPackets: 11,,,0
LoRaSim-MinimalTopology-0-20240420-22:46:03-6988,scalar,LoRa.server[3],noOfHostsInSFTier: 11,,,602
LoRaSim-MinimalTopology-0-20240420-22:46:03-6988,scalar,LoRa.server[3],SF: 12,,,0
LoRaSim-MinimalTopology-0-20240420-22:46:03-6988,scalar,LoRa.server[3],rcvCounter: 12,,,0
LoRaSim-MinimalTopology-0-20240420-22:46:03-6988,scalar,LoRa.server[3],noOfCollidedPackets: 12,,,0
LoRaSim-MinimalTopology-0-20240420-22:46:03-6988,scalar,LoRa.server[3],noOfSuccessPackets: 12,,,0
LoRaSim-MinimalTopology-0-20240420-22:46:03-6988,scalar,LoRa.server[3],noOfHostsInSFTier: 12,,,991
LoRaSim-MinimalTopology-0-20240420-22:46:03-6988,scalar,LoRa.server[3],totalSuccessRate,,,0.80505787037037
LoRaSim-MinimalTopology-0-20240420-22:46:03-6988,scalar,LoRa.server[3],totalSuccessProb,,,0.98420339194096
LoRaSim-MinimalTopology-0-20240420-22:46:03-6988,scalar,LoRa.server[3],duration,,,432000
LoRaSim-MinimalTopology-0-20240420-22:46:03-6988,scalar,LoRa.server[4],SF: 7,,,1.5016458333333
LoRaSim-MinimalTopology-0-20240420-22:46:03-6988,scalar,LoRa.server[4],rcvCounter: 7,,,668546
LoRaSim-MinimalTopology-0-20240420-22:46:03-6988,scalar,LoRa.server[4],noOfCollidedPackets: 7,,,19835
LoRaSim-MinimalTopology-0-20240420-22:46:03-6988,scalar,LoRa.server[4],noOfSuccessPackets: 7,,,648711
LoRaSim-MinimalTopology-0-20240420-22:46:03-6988,scalar,LoRa.server[4],noOfHostsInSFTier: 7,,,446
LoRaSim-MinimalTopology-0-20240420-22:46:03-6988,scalar,LoRa.server[4],SF: 8,,,0
LoRaSim-MinimalTopology-0-20240420-22:46:03-6988,scalar,LoRa.server[4],rcvCounter: 8,,,0
LoRaSim-MinimalTopology-0-20240420-22:46:03-6988,scalar,LoRa.server[4],noOfCollidedPackets: 8,,,0
LoRaSim-MinimalTopology-0-20240420-22:46:03-6988,scalar,LoRa.server[4],noOfSuccessPackets: 8,,,0
LoRaSim-MinimalTopology-0-20240420-22:46:03-6988,scalar,LoRa.server[4],noOfHostsInSFTier: 8,,,182
LoRaSim-MinimalTopology-0-20240420-22:46:03-6988,scalar,LoRa.server[4],SF: 9,,,0
LoRaSim-MinimalTopology-0-20240420-22:46:03-6988,scalar,LoRa.server[4],rcvCounter: 9,,,0
LoRaSim-MinimalTopology-0-20240420-22:46:03-6988,scalar,LoRa.server[4],noOfCollidedPackets: 9,,,0
LoRaSim-MinimalTopology-0-20240420-22:46:03-6988,scalar,LoRa.server[4],noOfSuccessPackets: 9,,,0
LoRaSim-MinimalTopology-0-20240420-22:46:03-6988,scalar,LoRa.server[4],noOfHostsInSFTier: 9,,,317
LoRaSim-MinimalTopology-0-20240420-22:46:03-6988,scalar,LoRa.server[4],SF: 10,,,0
LoRaSim-MinimalTopology-0-20240420-22:46:03-6988,scalar,LoRa.server[4],rcvCounter: 10,,,0
LoRaSim-MinimalTopology-0-20240420-22:46:03-6988,scalar,LoRa.server[4],noOfCollidedPackets: 10,,,0
LoRaSim-MinimalTopology-0-20240420-22:46:03-6988,scalar,LoRa.server[4],noOfSuccessPackets: 10,,,0
LoRaSim-MinimalTopology-0-20240420-22:46:03-6988,scalar,LoRa.server[4],noOfHostsInSFTier: 10,,,459
LoRaSim-MinimalTopology-0-20240420-22:46:03-6988,scalar,LoRa.server[4],SF: 11,,,0
LoRaSim-MinimalTopology-0-20240420-22:46:03-6988,scalar,LoRa.server[4],rcvCounter: 11,,,0
LoRaSim-MinimalTopology-0-20240420-22:46:03-6988,scalar,LoRa.server[4],noOfCollidedPackets: 11,,,0
LoRaSim-MinimalTopology-0-20240420-22:46:03-6988,scalar,LoRa.server[4],noOfSuccessPackets: 11,,,0
LoRaSim-MinimalTopology-0-20240420-22:46:03-6988,scalar,LoRa.server[4],noOfHostsInSFTier: 11,,,602
LoRaSim-MinimalTopology-0-20240420-22:46:03-6988,scalar,LoRa.server[4],SF: 12,,,0
LoRaSim-MinimalTopology-0-20240420-22:46:03-6988,scalar,LoRa.server[4],rcvCounter: 12,,,0
LoRaSim-MinimalTopology-0-20240420-22:46:03-6988,scalar,LoRa.server[4],noOfCollidedPackets: 12,,,0
LoRaSim-MinimalTopology-0-20240420-22:46:03-6988,scalar,LoRa.server[4],noOfSuccessPackets: 12,,,0
LoRaSim-MinimalTopology-0-20240420-22:46:03-6988,scalar,LoRa.server[4],noOfHostsInSFTier: 12,,,991
LoRaSim-MinimalTopology-0-20240420-22:46:03-6988,scalar,LoRa.server[4],totalSuccessRate,,,1.5016458333333
LoRaSim-MinimalTopology-0-20240420-22:46:03-6988,scalar,LoRa.server[4],totalSuccessProb,,,0.97033113652613
LoRaSim-MinimalTopology-0-20240420-22:46:03-6988,scalar,LoRa.server[4],duration,,,432000
LoRaSim-MinimalTopology-0-20240420-22:46:03-6988,scalar,LoRa.host[0],numOfHostsPerSF_Server0_SF7,,,204
LoRaSim-MinimalTopology-0-20240420-22:46:03-6988,scalar,LoRa.host[0],numOfHostsPerSF_Server0_SF8,,,93
LoRaSim-MinimalTopology-0-20240420-22:46:03-6988,scalar,LoRa.host[0],numOfHostsPerSF_Server0_SF9,,,120
LoRaSim-MinimalTopology-0-20240420-22:46:03-6988,scalar,LoRa.host[0],numOfHostsPerSF_Server0_SF10,,,92
LoRaSim-MinimalTopology-0-20240420-22:46:03-6988,scalar,LoRa.host[0],numOfHostsPerSF_Server0_SF11,,,26
LoRaSim-MinimalTopology-0-20240420-22:46:03-6988,scalar,LoRa.host[0],numOfHostsPerSF_Server0_SF12,,,0
LoRaSim-MinimalTopology-0-20240420-22:46:03-6988,scalar,LoRa.host[0],numOfHostsPerSF_Server1_SF7,,,202
LoRaSim-MinimalTopology-0-20240420-22:46:03-6988,scalar,LoRa.host[0],numOfHostsPerSF_Server1_SF8,,,105
LoRaSim-MinimalTopology-0-20240420-22:46:03-6988,scalar,LoRa.host[0],numOfHostsPerSF_Server1_SF9,,,100
LoRaSim-MinimalTopology-0-20240420-22:46:03-6988,scalar,LoRa.host[0],numOfHostsPerSF_Server1_SF10,,,101
LoRaSim-MinimalTopology-0-20240420-22:46:03-6988,scalar,LoRa.host[0],numOfHostsPerSF_Server1_SF11,,,28
LoRaSim-MinimalTopology-0-20240420-22:46:03-6988,scalar,LoRa.host[0],numOfHostsPerSF_Server1_SF12,,,0
LoRaSim-MinimalTopology-0-20240420-22:46:03-6988,scalar,LoRa.host[0],numOfHostsPerSF_Server2_SF7,,,204
LoRaSim-MinimalTopology-0-20240420-22:46:03-6988,scalar,LoRa.host[0],numOfHostsPerSF_Server2_SF8,,,82
LoRaSim-MinimalTopology-0-20240420-22:46:03-6988,scalar,LoRa.host[0],numOfHostsPerSF_Server2_SF9,,,91
LoRaSim-MinimalTopology-0-20240420-22:46:03-6988,scalar,LoRa.host[0],numOfHostsPerSF_Server2_SF10,,,98
LoRaSim-MinimalTopology-0-20240420-22:46:03-6988,scalar,LoRa.host[0],numOfHostsPerSF_Server2_SF11,,,28
LoRaSim-MinimalTopology-0-20240420-22:46:03-6988,scalar,LoRa.host[0],numOfHostsPerSF_Server2_SF12,,,0
LoRaSim-MinimalTopology-0-20240420-22:46:03-6988,scalar,LoRa.host[0],numOfHostsPerSF_Server3_SF7,,,192
LoRaSim-MinimalTopology-0-20240420-22:46:03-6988,scalar,LoRa.host[0],numOfHostsPerSF_Server3_SF8,,,83
LoRaSim-MinimalTopology-0-20240420-22:46:03-6988,scalar,LoRa.host[0],numOfHostsPerSF_Server3_SF9,,,103
LoRaSim-MinimalTopology-0-20240420-22:46:03-6988,scalar,LoRa.host[0],numOfHostsPerSF_Server3_SF10,,,92
LoRaSim-MinimalTopology-0-20240420-22:46:03-6988,scalar,LoRa.host[0],numOfHostsPerSF_Server3_SF11,,,23
LoRaSim-MinimalTopology-0-20240420-22:46:03-6988,scalar,LoRa.host[0],numOfHostsPerSF_Server3_SF12,,,0
LoRaSim-MinimalTopology-0-20240420-22:46:03-6988,scalar,LoRa.host[0],numOfHostsPerSF_Server4_SF7,,,446
LoRaSim-MinimalTopology-0-20240420-22:46:03-6988,scalar,LoRa.host[0],numOfHostsPerSF_Server4_SF8,,,182
LoRaSim-MinimalTopology-0-20240420-22:46:03-6988,scalar,LoRa.host[0],numOfHostsPerSF_Server4_SF9,,,214
LoRaSim-MinimalTopology-0-20240420-22:46:03-6988,scalar,LoRa.host[0],numOfHostsPerSF_Server4_SF10,,,88
LoRaSim-MinimalTopology-0-20240420-22:46:03-6988,scalar,LoRa.host[0],numOfHostsPerSF_Server4_SF11,,,3
LoRaSim-MinimalTopology-0-20240420-22:46:03-6988,scalar,LoRa.host[0],numOfHostsPerSF_Server4_SF12,,,0
LoRaSim-MinimalTopology-0-20240420-22:46:03-6988,scalar,_runattrs_,M,,,5
LoRaSim-MinimalTopology-0-20240420-22:46:03-6988,scalar,_runattrs_,N,,,3000
