run,type,module,name,attrname,attrvalue,value
LoRaSim-MinimalTopology-0-20240420-22:18:01-12236,runattr,,,configname,LoRaSim-MinimalTopology,
LoRaSim-MinimalTopology-0-20240420-22:18:01-12236,runattr,,,datetime,20240420-22:18:01,
LoRaSim-MinimalTopology-0-20240420-22:18:01-12236,runattr,,,experiment,LoRaSim-MinimalTopology,
LoRaSim-MinimalTopology-0-20240420-22:18:01-12236,runattr,,,inifile,omnetpp.ini,
LoRaSim-MinimalTopology-0-20240420-22:18:01-12236,runattr,,,iterationvars,"$N=3000, $M=3",
LoRaSim-MinimalTopology-0-20240420-22:18:01-12236,runattr,,,iterationvarsf,"N=3000,M=3-",
LoRaSim-MinimalTopology-0-20240420-22:18:01-12236,runattr,,,measurement,"$N=3000, $M=3",
LoRaSim-MinimalTopology-0-20240420-22:18:01-12236,runattr,,,network,LoRa,
LoRaSim-MinimalTopology-0-20240420-22:18:01-12236,runattr,,,processid,12236,
LoRaSim-MinimalTopology-0-20240420-22:18:01-12236,runattr,,,repetition,0,
LoRaSim-MinimalTopology-0-20240420-22:18:01-12236,runattr,,,replication,#0,
LoRaSim-MinimalTopology-0-20240420-22:18:01-12236,runattr,,,resultdir,results,
LoRaSim-MinimalTopology-0-20240420-22:18:01-12236,runattr,,,runnumber,0,
LoRaSim-MinimalTopology-0-20240420-22:18:01-12236,runattr,,,seedset,0,
LoRaSim-MinimalTopology-0-20240420-22:18:01-12236,itervar,,,M,3,
LoRaSim-MinimalTopology-0-20240420-22:18:01-12236,itervar,,,N,3000,
LoRaSim-MinimalTopology-0-20240420-22:18:01-12236,param,,,LoRa.host[*].isBufferingEvents,false,
LoRaSim-MinimalTopology-0-20240420-22:18:01-12236,param,,,LoRa.host[*].addFrameHeader,false,
LoRaSim-MinimalTopology-0-20240420-22:18:01-12236,param,,,LoRa.host[*].nbOfChannels,3,
LoRaSim-MinimalTopology-0-20240420-22:18:01-12236,param,,,LoRa.numHosts,3000,
LoRaSim-MinimalTopology-0-20240420-22:18:01-12236,param,,,LoRa.host[*].iaTime,exponential(600s),
LoRaSim-MinimalTopology-0-20240420-22:18:01-12236,param,,,LoRa.host[*].pkLenBits,160b,
LoRaSim-MinimalTopology-0-20240420-22:18:01-12236,param,,,LoRa.netR,6333.83 m,
LoRaSim-MinimalTopology-0-20240420-22:18:01-12236,param,,,LoRa.server[*].pathlossExp,3,
LoRaSim-MinimalTopology-0-20240420-22:18:01-12236,param,,,LoRa.server[*].BW,125,
LoRaSim-MinimalTopology-0-20240420-22:18:01-12236,param,,,LoRa.numServers,3,
LoRaSim-MinimalTopology-0-20240420-22:18:01-12236,param,,,LoRa.server[0].x,-6333.83m,
LoRaSim-MinimalTopology-0-20240420-22:18:01-12236,param,,,LoRa.server[1].x,0m,
LoRaSim-MinimalTopology-0-20240420-22:18:01-12236,param,,,LoRa.server[2].x,6333.83m,
LoRaSim-MinimalTopology-0-20240420-22:18:01-12236,param,,,LoRa.server[*].y,0,
LoRaSim-MinimalTopology-0-20240420-22:18:01-12236,param,,,**.animationHoldTimeOnCollision,0s,
LoRaSim-MinimalTopology-0-20240420-22:18:01-12236,param,,,**.idleAnimationSpeed,1,
LoRaSim-MinimalTopology-0-20240420-22:18:01-12236,param,,,**.transmissionEdgeAnimationSpeed,1e-6,
LoRaSim-MinimalTopology-0-20240420-22:18:01-12236,param,,,**.midTransmissionAnimationSpeed,1e-1,
LoRaSim-MinimalTopology-0-20240420-22:18:01-12236,param,,,LoRa.slotTime,0,
LoRaSim-MinimalTopology-0-20240420-22:18:01-12236,param,,,LoRa.dutyCycleActive,true,
LoRaSim-MinimalTopology-0-20240420-22:18:01-12236,scalar,LoRa.server[0],SF: 7,,,0
LoRaSim-MinimalTopology-0-20240420-22:18:01-12236,scalar,LoRa.server[0],rcvCounter: 7,,,0
LoRaSim-MinimalTopology-0-20240420-22:18:01-12236,scalar,LoRa.server[0],noOfCollidedPackets: 7,,,0
LoRaSim-MinimalTopology-0-20240420-22:18:01-12236,scalar,LoRa.server[0],noOfSuccessPackets: 7,,,0
LoRaSim-MinimalTopology-0-20240420-22:18:01-12236,scalar,LoRa.server[0],noOfHostsInSFTier: 7,,,446
LoRaSim-MinimalTopology-0-20240420-22:18:01-12236,scalar,LoRa.server[0],SF: 8,,,0
LoRaSim-MinimalTopology-0-20240420-22:18:01-12236,scalar,LoRa.server[0],rcvCounter: 8,,,0
LoRaSim-MinimalTopology-0-20240420-22:18:01-12236,scalar,LoRa.server[0],noOfCollidedPackets: 8,,,0
LoRaSim-MinimalTopology-0-20240420-22:18:01-12236,scalar,LoRa.server[0],noOfSuccessPackets: 8,,,0
LoRaSim-MinimalTopology-0-20240420-22:18:01-12236,scalar,LoRa.server[0],noOfHostsInSFTier: 8,,,182
LoRaSim-MinimalTopology-0-20240420-22:18:01-12236,scalar,LoRa.server[0],SF: 9,,,0
LoRaSim-MinimalTopology-0-20240420-22:18:01-12236,scalar,LoRa.server[0],rcvCounter: 9,,,0
LoRaSim-MinimalTopology-0-20240420-22:18:01-12236,scalar,LoRa.server[0],noOfCollidedPackets: 9,,,0
LoRaSim-MinimalTopology-0-20240420-22:18:01-12236,scalar,LoRa.server[0],noOfSuccessPackets: 9,,,0
LoRaSim-MinimalTopology-0-20240420-22:18:01-12236,scalar,LoRa.server[0],noOfHostsInSFTier: 9,,,317
LoRaSim-MinimalTopology-0-20240420-22:18:01-12236,scalar,LoRa.server[0],SF: 10,,,0
LoRaSim-MinimalTopology-0-20240420-22:18:01-12236,scalar,LoRa.server[0],rcvCounter: 10,,,0
LoRaSim-MinimalTopology-0-20240420-22:18:01-12236,scalar,LoRa.server[0],noOfCollidedPackets: 10,,,0
LoRaSim-MinimalTopology-0-20240420-22:18:01-12236,scalar,LoRa.server[0],noOfSuccessPackets: 10,,,0
LoRaSim-MinimalTopology-0-20240420-22:18:01-12236,scalar,LoRa.server[0],noOfHostsInSFTier: 10,,,459
LoRaSim-MinimalTopology-0-20240420-22:18:01-12236,scalar,LoRa.server[0],SF: 11,,,0
LoRaSim-MinimalTopology-0-20240420-22:18:01-12236,scalar,LoRa.server[0],rcvCounter: 11,,,0
LoRaSim-MinimalTopology-0-20240420-22:18:01-12236,scalar,LoRa.server[0],noOfCollidedPackets: 11,,,0
LoRaSim-MinimalTopology-0-20240420-22:18:01-12236,scalar,LoRa.server[0],noOfSuccessPackets: 11,,,0
LoRaSim-MinimalTopology-0-20240420-22:18:01-12236,scalar,LoRa.server[0],noOfHostsInSFTier: 11,,,602
LoRaSim-MinimalTopology-0-20240420-22:18:01-12236,scalar,LoRa.server[0],SF: 12,,,0.67200231481481
LoRaSim-MinimalTopology-0-20240420-22:18:01-12236,scalar,LoRa.server[0],rcvCounter: 12,,,407245
LoRaSim-MinimalTopology-0-20240420-22:18:01-12236,scalar,LoRa.server[0],noOfCollidedPackets: 12,,,116940
LoRaSim-MinimalTopology-0-20240420-22:18:01-12236,scalar,LoRa.server[0],noOfSuccessPackets: 12,,,290305
LoRaSim-MinimalTopology-0-20240420-22:18:01-12236,scalar,LoRa.server[0],noOfHostsInSFTier: 12,,,991
LoRaSim-MinimalTopology-0-20240420-22:18:01-12236,scalar,LoRa.server[0],totalSuccessRate,,,0.67200231481481
LoRaSim-MinimalTopology-0-20240420-22:18:01-12236,scalar,LoRa.server[0],totalSuccessProb,,,0.71285098650689
LoRaSim-MinimalTopology-0-20240420-22:18:01-12236,scalar,LoRa.server[0],duration,,,432000
LoRaSim-MinimalTopology-0-20240420-22:18:01-12236,scalar,LoRa.server[1],SF: 7,,,0
LoRaSim-MinimalTopology-0-20240420-22:18:01-12236,scalar,LoRa.server[1],rcvCounter: 7,,,0
LoRaSim-MinimalTopology-0-20240420-22:18:01-12236,scalar,LoRa.server[1],noOfCollidedPackets: 7,,,0
LoRaSim-MinimalTopology-0-20240420-22:18:01-12236,scalar,LoRa.server[1],noOfSuccessPackets: 7,,,0
LoRaSim-MinimalTopology-0-20240420-22:18:01-12236,scalar,LoRa.server[1],noOfHostsInSFTier: 7,,,446
LoRaSim-MinimalTopology-0-20240420-22:18:01-12236,scalar,LoRa.server[1],SF: 8,,,0
LoRaSim-MinimalTopology-0-20240420-22:18:01-12236,scalar,LoRa.server[1],rcvCounter: 8,,,0
LoRaSim-MinimalTopology-0-20240420-22:18:01-12236,scalar,LoRa.server[1],noOfCollidedPackets: 8,,,0
LoRaSim-MinimalTopology-0-20240420-22:18:01-12236,scalar,LoRa.server[1],noOfSuccessPackets: 8,,,0
LoRaSim-MinimalTopology-0-20240420-22:18:01-12236,scalar,LoRa.server[1],noOfHostsInSFTier: 8,,,182
LoRaSim-MinimalTopology-0-20240420-22:18:01-12236,scalar,LoRa.server[1],SF: 9,,,0
LoRaSim-MinimalTopology-0-20240420-22:18:01-12236,scalar,LoRa.server[1],rcvCounter: 9,,,0
LoRaSim-MinimalTopology-0-20240420-22:18:01-12236,scalar,LoRa.server[1],noOfCollidedPackets: 9,,,0
LoRaSim-MinimalTopology-0-20240420-22:18:01-12236,scalar,LoRa.server[1],noOfSuccessPackets: 9,,,0
LoRaSim-MinimalTopology-0-20240420-22:18:01-12236,scalar,LoRa.server[1],noOfHostsInSFTier: 9,,,317
LoRaSim-MinimalTopology-0-20240420-22:18:01-12236,scalar,LoRa.server[1],SF: 10,,,0
LoRaSim-MinimalTopology-0-20240420-22:18:01-12236,scalar,LoRa.server[1],rcvCounter: 10,,,0
LoRaSim-MinimalTopology-0-20240420-22:18:01-12236,scalar,LoRa.server[1],noOfCollidedPackets: 10,,,0
LoRaSim-MinimalTopology-0-20240420-22:18:01-12236,scalar,LoRa.server[1],noOfSuccessPackets: 10,,,0
LoRaSim-MinimalTopology-0-20240420-22:18:01-12236,scalar,LoRa.server[1],noOfHostsInSFTier: 10,,,459
LoRaSim-MinimalTopology-0-20240420-22:18:01-12236,scalar,LoRa.server[1],SF: 11,,,0
LoRaSim-MinimalTopology-0-20240420-22:18:01-12236,scalar,LoRa.server[1],rcvCounter: 11,,,0
LoRaSim-MinimalTopology-0-20240420-22:18:01-12236,scalar,LoRa.server[1],noOfCollidedPackets: 11,,,0
LoRaSim-MinimalTopology-0-20240420-22:18:01-12236,scalar,LoRa.server[1],noOfSuccessPackets: 11,,,0
LoRaSim-MinimalTopology-0-20240420-22:18:01-12236,scalar,LoRa.server[1],noOfHostsInSFTier: 11,,,602
LoRaSim-MinimalTopology-0-20240420-22:18:01-12236,scalar,LoRa.server[1],SF: 12,,,1.0997847222222
LoRaSim-MinimalTopology-0-20240420-22:18:01-12236,scalar,LoRa.server[1],rcvCounter: 12,,,1172647
LoRaSim-MinimalTopology-0-20240420-22:18:01-12236,scalar,LoRa.server[1],noOfCollidedPackets: 12,,,697540
LoRaSim-MinimalTopology-0-20240420-22:18:01-12236,scalar,LoRa.server[1],noOfSuccessPackets: 12,,,475107
LoRaSim-MinimalTopology-0-20240420-22:18:01-12236,scalar,LoRa.server[1],noOfHostsInSFTier: 12,,,991
LoRaSim-MinimalTopology-0-20240420-22:18:01-12236,scalar,LoRa.server[1],totalSuccessRate,,,1.0997847222222
LoRaSim-MinimalTopology-0-20240420-22:18:01-12236,scalar,LoRa.server[1],totalSuccessProb,,,0.40515773288978
LoRaSim-MinimalTopology-0-20240420-22:18:01-12236,scalar,LoRa.server[1],duration,,,432000
LoRaSim-MinimalTopology-0-20240420-22:18:01-12236,scalar,LoRa.server[2],SF: 7,,,0
LoRaSim-MinimalTopology-0-20240420-22:18:01-12236,scalar,LoRa.server[2],rcvCounter: 7,,,0
LoRaSim-MinimalTopology-0-20240420-22:18:01-12236,scalar,LoRa.server[2],noOfCollidedPackets: 7,,,0
LoRaSim-MinimalTopology-0-20240420-22:18:01-12236,scalar,LoRa.server[2],noOfSuccessPackets: 7,,,0
LoRaSim-MinimalTopology-0-20240420-22:18:01-12236,scalar,LoRa.server[2],noOfHostsInSFTier: 7,,,446
LoRaSim-MinimalTopology-0-20240420-22:18:01-12236,scalar,LoRa.server[2],SF: 8,,,0
LoRaSim-MinimalTopology-0-20240420-22:18:01-12236,scalar,LoRa.server[2],rcvCounter: 8,,,0
LoRaSim-MinimalTopology-0-20240420-22:18:01-12236,scalar,LoRa.server[2],noOfCollidedPackets: 8,,,0
LoRaSim-MinimalTopology-0-20240420-22:18:01-12236,scalar,LoRa.server[2],noOfSuccessPackets: 8,,,0
LoRaSim-MinimalTopology-0-20240420-22:18:01-12236,scalar,LoRa.server[2],noOfHostsInSFTier: 8,,,182
LoRaSim-MinimalTopology-0-20240420-22:18:01-12236,scalar,LoRa.server[2],SF: 9,,,0
LoRaSim-MinimalTopology-0-20240420-22:18:01-12236,scalar,LoRa.server[2],rcvCounter: 9,,,0
LoRaSim-MinimalTopology-0-20240420-22:18:01-12236,scalar,LoRa.server[2],noOfCollidedPackets: 9,,,0
LoRaSim-MinimalTopology-0-20240420-22:18:01-12236,scalar,LoRa.server[2],noOfSuccessPackets: 9,,,0
LoRaSim-MinimalTopology-0-20240420-22:18:01-12236,scalar,LoRa.server[2],noOfHostsInSFTier: 9,,,317
LoRaSim-MinimalTopology-0-20240420-22:18:01-12236,scalar,LoRa.server[2],SF: 10,,,0
LoRaSim-MinimalTopology-0-20240420-22:18:01-12236,scalar,LoRa.server[2],rcvCounter: 10,,,0
LoRaSim-MinimalTopology-0-20240420-22:18:01-12236,scalar,LoRa.server[2],noOfCollidedPackets: 10,,,0
LoRaSim-MinimalTopology-0-20240420-22:18:01-12236,scalar,LoRa.server[2],noOfSuccessPackets: 10,,,0
LoRaSim-MinimalTopology-0-20240420-22:18:01-12236,scalar,LoRa.server[2],noOfHostsInSFTier: 10,,,459
LoRaSim-MinimalTopology-0-20240420-22:18:01-12236,scalar,LoRa.server[2],SF: 11,,,0
LoRaSim-MinimalTopology-0-20240420-22:18:01-12236,scalar,LoRa.server[2],rcvCounter: 11,,,0
LoRaSim-MinimalTopology-0-20240420-22:18:01-12236,scalar,LoRa.server[2],noOfCollidedPackets: 11,,,0
LoRaSim-MinimalTopology-0-20240420-22:18:01-12236,scalar,LoRa.server[2],noOfSuccessPackets: 11,,,0
LoRaSim-MinimalTopology-0-20240420-22:18:01-12236,scalar,LoRa.server[2],noOfHostsInSFTier: 11,,,602
LoRaSim-MinimalTopology-0-20240420-22:18:01-12236,scalar,LoRa.server[2],SF: 12,,,0.66258101851852
LoRaSim-MinimalTopology-0-20240420-22:18:01-12236,scalar,LoRa.server[2],rcvCounter: 12,,,399129
LoRaSim-MinimalTopology-0-20240420-22:18:01-12236,scalar,LoRa.server[2],noOfCollidedPackets: 12,,,112894
LoRaSim-MinimalTopology-0-20240420-22:18:01-12236,scalar,LoRa.server[2],noOfSuccessPackets: 12,,,286235
LoRaSim-MinimalTopology-0-20240420-22:18:01-12236,scalar,LoRa.server[2],noOfHostsInSFTier: 12,,,991
LoRaSim-MinimalTopology-0-20240420-22:18:01-12236,scalar,LoRa.server[2],totalSuccessRate,,,0.66258101851852
LoRaSim-MinimalTopology-0-20240420-22:18:01-12236,scalar,LoRa.server[2],totalSuccessProb,,,0.71714909214815
LoRaSim-MinimalTopology-0-20240420-22:18:01-12236,scalar,LoRa.server[2],duration,,,432000
LoRaSim-MinimalTopology-0-20240420-22:18:01-12236,scalar,LoRa.host[0],numOfHostsPerSF_Server0_SF7,,,204
LoRaSim-MinimalTopology-0-20240420-22:18:01-12236,scalar,LoRa.host[0],numOfHostsPerSF_Server0_SF8,,,93
LoRaSim-MinimalTopology-0-20240420-22:18:01-12236,scalar,LoRa.host[0],numOfHostsPerSF_Server0_SF9,,,120
LoRaSim-MinimalTopology-0-20240420-22:18:01-12236,scalar,LoRa.host[0],numOfHostsPerSF_Server0_SF10,,,92
LoRaSim-MinimalTopology-0-20240420-22:18:01-12236,scalar,LoRa.host[0],numOfHostsPerSF_Server0_SF11,,,65
LoRaSim-MinimalTopology-0-20240420-22:18:01-12236,scalar,LoRa.host[0],numOfHostsPerSF_Server0_SF12,,,44
LoRaSim-MinimalTopology-0-20240420-22:18:01-12236,scalar,LoRa.host[0],numOfHostsPerSF_Server1_SF7,,,446
LoRaSim-MinimalTopology-0-20240420-22:18:01-12236,scalar,LoRa.host[0],numOfHostsPerSF_Server1_SF8,,,182
LoRaSim-MinimalTopology-0-20240420-22:18:01-12236,scalar,LoRa.host[0],numOfHostsPerSF_Server1_SF9,,,265
LoRaSim-MinimalTopology-0-20240420-22:18:01-12236,scalar,LoRa.host[0],numOfHostsPerSF_Server1_SF10,,,259
LoRaSim-MinimalTopology-0-20240420-22:18:01-12236,scalar,LoRa.host[0],numOfHostsPerSF_Server1_SF11,,,268
LoRaSim-MinimalTopology-0-20240420-22:18:01-12236,scalar,LoRa.host[0],numOfHostsPerSF_Server1_SF12,,,358
LoRaSim-MinimalTopology-0-20240420-22:18:01-12236,scalar,LoRa.host[0],numOfHostsPerSF_Server2_SF7,,,202
LoRaSim-MinimalTopology-0-20240420-22:18:01-12236,scalar,LoRa.host[0],numOfHostsPerSF_Server2_SF8,,,105
LoRaSim-MinimalTopology-0-20240420-22:18:01-12236,scalar,LoRa.host[0],numOfHostsPerSF_Server2_SF9,,,100
LoRaSim-MinimalTopology-0-20240420-22:18:01-12236,scalar,LoRa.host[0],numOfHostsPerSF_Server2_SF10,,,101
LoRaSim-MinimalTopology-0-20240420-22:18:01-12236,scalar,LoRa.host[0],numOfHostsPerSF_Server2_SF11,,,63
LoRaSim-MinimalTopology-0-20240420-22:18:01-12236,scalar,LoRa.host[0],numOfHostsPerSF_Server2_SF12,,,33
LoRaSim-MinimalTopology-0-20240420-22:18:01-12236,scalar,_runattrs_,M,,,3
LoRaSim-MinimalTopology-0-20240420-22:18:01-12236,scalar,_runattrs_,N,,,3000
