run,type,module,name,attrname,attrvalue,value
LoRaSim-MinimalTopology-0-20240420-22:21:09-13796,runattr,,,configname,LoRaSim-MinimalTopology,
LoRaSim-MinimalTopology-0-20240420-22:21:09-13796,runattr,,,datetime,20240420-22:21:09,
LoRaSim-MinimalTopology-0-20240420-22:21:09-13796,runattr,,,experiment,LoRaSim-MinimalTopology,
LoRaSim-MinimalTopology-0-20240420-22:21:09-13796,runattr,,,inifile,omnetpp.ini,
LoRaSim-MinimalTopology-0-20240420-22:21:09-13796,runattr,,,iterationvars,"$N=5000, $M=3",
LoRaSim-MinimalTopology-0-20240420-22:21:09-13796,runattr,,,iterationvarsf,"N=5000,M=3-",
LoRaSim-MinimalTopology-0-20240420-22:21:09-13796,runattr,,,measurement,"$N=5000, $M=3",
LoRaSim-MinimalTopology-0-20240420-22:21:09-13796,runattr,,,network,LoRa,
LoRaSim-MinimalTopology-0-20240420-22:21:09-13796,runattr,,,processid,13796,
LoRaSim-MinimalTopology-0-20240420-22:21:09-13796,runattr,,,repetition,0,
LoRaSim-MinimalTopology-0-20240420-22:21:09-13796,runattr,,,replication,#0,
LoRaSim-MinimalTopology-0-20240420-22:21:09-13796,runattr,,,resultdir,results,
LoRaSim-MinimalTopology-0-20240420-22:21:09-13796,runattr,,,runnumber,0,
LoRaSim-MinimalTopology-0-20240420-22:21:09-13796,runattr,,,seedset,0,
LoRaSim-MinimalTopology-0-20240420-22:21:09-13796,itervar,,,M,3,
LoRaSim-MinimalTopology-0-20240420-22:21:09-13796,itervar,,,N,5000,
LoRaSim-MinimalTopology-0-20240420-22:21:09-13796,param,,,LoRa.host[*].isBufferingEvents,false,
LoRaSim-MinimalTopology-0-20240420-22:21:09-13796,param,,,LoRa.host[*].addFrameHeader,false,
LoRaSim-MinimalTopology-0-20240420-22:21:09-13796,param,,,LoRa.host[*].nbOfChannels,3,
LoRaSim-MinimalTopology-0-20240420-22:21:09-13796,param,,,LoRa.numHosts,5000,
LoRaSim-MinimalTopology-0-20240420-22:21:09-13796,param,,,LoRa.host[*].iaTime,exponential(600s),
LoRaSim-MinimalTopology-0-20240420-22:21:09-13796,param,,,LoRa.host[*].pkLenBits,160b,
LoRaSim-MinimalTopology-0-20240420-22:21:09-13796,param,,,LoRa.netR,6333.83 m,
LoRaSim-MinimalTopology-0-20240420-22:21:09-13796,param,,,LoRa.server[*].pathlossExp,3,
LoRaSim-MinimalTopology-0-20240420-22:21:09-13796,param,,,LoRa.server[*].BW,125,
LoRaSim-MinimalTopology-0-20240420-22:21:09-13796,param,,,LoRa.numServers,3,
LoRaSim-MinimalTopology-0-20240420-22:21:09-13796,param,,,LoRa.server[0].x,-6333.83m,
LoRaSim-MinimalTopology-0-20240420-22:21:09-13796,param,,,LoRa.server[1].x,0m,
LoRaSim-MinimalTopology-0-20240420-22:21:09-13796,param,,,LoRa.server[2].x,6333.83m,
LoRaSim-MinimalTopology-0-20240420-22:21:09-13796,param,,,LoRa.server[*].y,0,
LoRaSim-MinimalTopology-0-20240420-22:21:09-13796,param,,,**.animationHoldTimeOnCollision,0s,
LoRaSim-MinimalTopology-0-20240420-22:21:09-13796,param,,,**.idleAnimationSpeed,1,
LoRaSim-MinimalTopology-0-20240420-22:21:09-13796,param,,,**.transmissionEdgeAnimationSpeed,1e-6,
LoRaSim-MinimalTopology-0-20240420-22:21:09-13796,param,,,**.midTransmissionAnimationSpeed,1e-1,
LoRaSim-MinimalTopology-0-20240420-22:21:09-13796,param,,,LoRa.slotTime,0,
LoRaSim-MinimalTopology-0-20240420-22:21:09-13796,param,,,LoRa.dutyCycleActive,true,
LoRaSim-MinimalTopology-0-20240420-22:21:09-13796,scalar,LoRa.server[0],SF: 7,,,0
LoRaSim-MinimalTopology-0-20240420-22:21:09-13796,scalar,LoRa.server[0],rcvCounter: 7,,,0
LoRaSim-MinimalTopology-0-20240420-22:21:09-13796,scalar,LoRa.server[0],noOfCollidedPackets: 7,,,0
LoRaSim-MinimalTopology-0-20240420-22:21:09-13796,scalar,LoRa.server[0],noOfSuccessPackets: 7,,,0
LoRaSim-MinimalTopology-0-20240420-22:21:09-13796,scalar,LoRa.server[0],noOfHostsInSFTier: 7,,,739
LoRaSim-MinimalTopology-0-20240420-22:21:09-13796,scalar,LoRa.server[0],SF: 8,,,0
LoRaSim-MinimalTopology-0-20240420-22:21:09-13796,scalar,LoRa.server[0],rcvCounter: 8,,,0
LoRaSim-MinimalTopology-0-20240420-22:21:09-13796,scalar,LoRa.server[0],noOfCollidedPackets: 8,,,0
LoRaSim-MinimalTopology-0-20240420-22:21:09-13796,scalar,LoRa.server[0],noOfSuccessPackets: 8,,,0
LoRaSim-MinimalTopology-0-20240420-22:21:09-13796,scalar,LoRa.server[0],noOfHostsInSFTier: 8,,,331
LoRaSim-MinimalTopology-0-20240420-22:21:09-13796,scalar,LoRa.server[0],SF: 9,,,0
LoRaSim-MinimalTopology-0-20240420-22:21:09-13796,scalar,LoRa.server[0],rcvCounter: 9,,,0
LoRaSim-MinimalTopology-0-20240420-22:21:09-13796,scalar,LoRa.server[0],noOfCollidedPackets: 9,,,0
LoRaSim-MinimalTopology-0-20240420-22:21:09-13796,scalar,LoRa.server[0],noOfSuccessPackets: 9,,,0
LoRaSim-MinimalTopology-0-20240420-22:21:09-13796,scalar,LoRa.server[0],noOfHostsInSFTier: 9,,,539
LoRaSim-MinimalTopology-0-20240420-22:21:09-13796,scalar,LoRa.server[0],SF: 10,,,0
LoRaSim-MinimalTopology-0-20240420-22:21:09-13796,scalar,LoRa.server[0],rcvCounter: 10,,,0
LoRaSim-MinimalTopology-0-20240420-22:21:09-13796,scalar,LoRa.server[0],noOfCollidedPackets: 10,,,0
LoRaSim-MinimalTopology-0-20240420-22:21:09-13796,scalar,LoRa.server[0],noOfSuccessPackets: 10,,,0
LoRaSim-MinimalTopology-0-20240420-22:21:09-13796,scalar,LoRa.server[0],noOfHostsInSFTier: 10,,,767
LoRaSim-MinimalTopology-0-20240420-22:21:09-13796,scalar,LoRa.server[0],SF: 11,,,0
LoRaSim-MinimalTopology-0-20240420-22:21:09-13796,scalar,LoRa.server[0],rcvCounter: 11,,,0
LoRaSim-MinimalTopology-0-20240420-22:21:09-13796,scalar,LoRa.server[0],noOfCollidedPackets: 11,,,0
LoRaSim-MinimalTopology-0-20240420-22:21:09-13796,scalar,LoRa.server[0],noOfSuccessPackets: 11,,,0
LoRaSim-MinimalTopology-0-20240420-22:21:09-13796,scalar,LoRa.server[0],noOfHostsInSFTier: 11,,,1043
LoRaSim-MinimalTopology-0-20240420-22:21:09-13796,scalar,LoRa.server[0],SF: 12,,,0.88426157407407
LoRaSim-MinimalTopology-0-20240420-22:21:09-13796,scalar,LoRa.server[0],rcvCounter: 12,,,643440
LoRaSim-MinimalTopology-0-20240420-22:21:09-13796,scalar,LoRa.server[0],noOfCollidedPackets: 12,,,261439
LoRaSim-MinimalTopology-0-20240420-22:21:09-13796,scalar,LoRa.server[0],noOfSuccessPackets: 12,,,382001
LoRaSim-MinimalTopology-0-20240420-22:21:09-13796,scalar,LoRa.server[0],noOfHostsInSFTier: 12,,,1577
LoRaSim-MinimalTopology-0-20240420-22:21:09-13796,scalar,LoRa.server[0],totalSuccessRate,,,0.88426157407407
LoRaSim-MinimalTopology-0-20240420-22:21:09-13796,scalar,LoRa.server[0],totalSuccessProb,,,0.5936855029218
LoRaSim-MinimalTopology-0-20240420-22:21:09-13796,scalar,LoRa.server[0],duration,,,432000
LoRaSim-MinimalTopology-0-20240420-22:21:09-13796,scalar,LoRa.server[1],SF: 7,,,0
LoRaSim-MinimalTopology-0-20240420-22:21:09-13796,scalar,LoRa.server[1],rcvCounter: 7,,,0
LoRaSim-MinimalTopology-0-20240420-22:21:09-13796,scalar,LoRa.server[1],noOfCollidedPackets: 7,,,0
LoRaSim-MinimalTopology-0-20240420-22:21:09-13796,scalar,LoRa.server[1],noOfSuccessPackets: 7,,,0
LoRaSim-MinimalTopology-0-20240420-22:21:09-13796,scalar,LoRa.server[1],noOfHostsInSFTier: 7,,,739
LoRaSim-MinimalTopology-0-20240420-22:21:09-13796,scalar,LoRa.server[1],SF: 8,,,0
LoRaSim-MinimalTopology-0-20240420-22:21:09-13796,scalar,LoRa.server[1],rcvCounter: 8,,,0
LoRaSim-MinimalTopology-0-20240420-22:21:09-13796,scalar,LoRa.server[1],noOfCollidedPackets: 8,,,0
LoRaSim-MinimalTopology-0-20240420-22:21:09-13796,scalar,LoRa.server[1],noOfSuccessPackets: 8,,,0
LoRaSim-MinimalTopology-0-20240420-22:21:09-13796,scalar,LoRa.server[1],noOfHostsInSFTier: 8,,,331
LoRaSim-MinimalTopology-0-20240420-22:21:09-13796,scalar,LoRa.server[1],SF: 9,,,0
LoRaSim-MinimalTopology-0-20240420-22:21:09-13796,scalar,LoRa.server[1],rcvCounter: 9,,,0
LoRaSim-MinimalTopology-0-20240420-22:21:09-13796,scalar,LoRa.server[1],noOfCollidedPackets: 9,,,0
LoRaSim-MinimalTopology-0-20240420-22:21:09-13796,scalar,LoRa.server[1],noOfSuccessPackets: 9,,,0
LoRaSim-MinimalTopology-0-20240420-22:21:09-13796,scalar,LoRa.server[1],noOfHostsInSFTier: 9,,,539
LoRaSim-MinimalTopology-0-20240420-22:21:09-13796,scalar,LoRa.server[1],SF: 10,,,0
LoRaSim-MinimalTopology-0-20240420-22:21:09-13796,scalar,LoRa.server[1],rcvCounter: 10,,,0
LoRaSim-MinimalTopology-0-20240420-22:21:09-13796,scalar,LoRa.server[1],noOfCollidedPackets: 10,,,0
LoRaSim-MinimalTopology-0-20240420-22:21:09-13796,scalar,LoRa.server[1],noOfSuccessPackets: 10,,,0
LoRaSim-MinimalTopology-0-20240420-22:21:09-13796,scalar,LoRa.server[1],noOfHostsInSFTier: 10,,,767
LoRaSim-MinimalTopology-0-20240420-22:21:09-13796,scalar,LoRa.server[1],SF: 11,,,0
LoRaSim-MinimalTopology-0-20240420-22:21:09-13796,scalar,LoRa.server[1],rcvCounter: 11,,,0
LoRaSim-MinimalTopology-0-20240420-22:21:09-13796,scalar,LoRa.server[1],noOfCollidedPackets: 11,,,0
LoRaSim-MinimalTopology-0-20240420-22:21:09-13796,scalar,LoRa.server[1],noOfSuccessPackets: 11,,,0
LoRaSim-MinimalTopology-0-20240420-22:21:09-13796,scalar,LoRa.server[1],noOfHostsInSFTier: 11,,,1043
LoRaSim-MinimalTopology-0-20240420-22:21:09-13796,scalar,LoRa.server[1],SF: 12,,,1.1252638888889
LoRaSim-MinimalTopology-0-20240420-22:21:09-13796,scalar,LoRa.server[1],rcvCounter: 12,,,2011239
LoRaSim-MinimalTopology-0-20240420-22:21:09-13796,scalar,LoRa.server[1],noOfCollidedPackets: 12,,,1525125
LoRaSim-MinimalTopology-0-20240420-22:21:09-13796,scalar,LoRa.server[1],noOfSuccessPackets: 12,,,486114
LoRaSim-MinimalTopology-0-20240420-22:21:09-13796,scalar,LoRa.server[1],noOfHostsInSFTier: 12,,,1577
LoRaSim-MinimalTopology-0-20240420-22:21:09-13796,scalar,LoRa.server[1],totalSuccessRate,,,1.1252638888889
LoRaSim-MinimalTopology-0-20240420-22:21:09-13796,scalar,LoRa.server[1],totalSuccessProb,,,0.24169877374096
LoRaSim-MinimalTopology-0-20240420-22:21:09-13796,scalar,LoRa.server[1],duration,,,432000
LoRaSim-MinimalTopology-0-20240420-22:21:09-13796,scalar,LoRa.server[2],SF: 7,,,0
LoRaSim-MinimalTopology-0-20240420-22:21:09-13796,scalar,LoRa.server[2],rcvCounter: 7,,,0
LoRaSim-MinimalTopology-0-20240420-22:21:09-13796,scalar,LoRa.server[2],noOfCollidedPackets: 7,,,0
LoRaSim-MinimalTopology-0-20240420-22:21:09-13796,scalar,LoRa.server[2],noOfSuccessPackets: 7,,,0
LoRaSim-MinimalTopology-0-20240420-22:21:09-13796,scalar,LoRa.server[2],noOfHostsInSFTier: 7,,,739
LoRaSim-MinimalTopology-0-20240420-22:21:09-13796,scalar,LoRa.server[2],SF: 8,,,0
LoRaSim-MinimalTopology-0-20240420-22:21:09-13796,scalar,LoRa.server[2],rcvCounter: 8,,,0
LoRaSim-MinimalTopology-0-20240420-22:21:09-13796,scalar,LoRa.server[2],noOfCollidedPackets: 8,,,0
LoRaSim-MinimalTopology-0-20240420-22:21:09-13796,scalar,LoRa.server[2],noOfSuccessPackets: 8,,,0
LoRaSim-MinimalTopology-0-20240420-22:21:09-13796,scalar,LoRa.server[2],noOfHostsInSFTier: 8,,,331
LoRaSim-MinimalTopology-0-20240420-22:21:09-13796,scalar,LoRa.server[2],SF: 9,,,0
LoRaSim-MinimalTopology-0-20240420-22:21:09-13796,scalar,LoRa.server[2],rcvCounter: 9,,,0
LoRaSim-MinimalTopology-0-20240420-22:21:09-13796,scalar,LoRa.server[2],noOfCollidedPackets: 9,,,0
LoRaSim-MinimalTopology-0-20240420-22:21:09-13796,scalar,LoRa.server[2],noOfSuccessPackets: 9,,,0
LoRaSim-MinimalTopology-0-20240420-22:21:09-13796,scalar,LoRa.server[2],noOfHostsInSFTier: 9,,,539
LoRaSim-MinimalTopology-0-20240420-22:21:09-13796,scalar,LoRa.server[2],SF: 10,,,0
LoRaSim-MinimalTopology-0-20240420-22:21:09-13796,scalar,LoRa.server[2],rcvCounter: 10,,,0
LoRaSim-MinimalTopology-0-20240420-22:21:09-13796,scalar,LoRa.server[2],noOfCollidedPackets: 10,,,0
LoRaSim-MinimalTopology-0-20240420-22:21:09-13796,scalar,LoRa.server[2],noOfSuccessPackets: 10,,,0
LoRaSim-MinimalTopology-0-20240420-22:21:09-13796,scalar,LoRa.server[2],noOfHostsInSFTier: 10,,,767
LoRaSim-MinimalTopology-0-20240420-22:21:09-13796,scalar,LoRa.server[2],SF: 11,,,0
LoRaSim-MinimalTopology-0-20240420-22:21:09-13796,scalar,LoRa.server[2],rcvCounter: 11,,,0
LoRaSim-MinimalTopology-0-20240420-22:21:09-13796,scalar,LoRa.server[2],noOfCollidedPackets: 11,,,0
LoRaSim-MinimalTopology-0-20240420-22:21:09-13796,scalar,LoRa.server[2],noOfSuccessPackets: 11,,,0
LoRaSim-MinimalTopology-0-20240420-22:21:09-13796,scalar,LoRa.server[2],noOfHostsInSFTier: 11,,,1043
LoRaSim-MinimalTopology-0-20240420-22:21:09-13796,scalar,LoRa.server[2],SF: 12,,,0.88386111111111
LoRaSim-MinimalTopology-0-20240420-22:21:09-13796,scalar,LoRa.server[2],rcvCounter: 12,,,647157
LoRaSim-MinimalTopology-0-20240420-22:21:09-13796,scalar,LoRa.server[2],noOfCollidedPackets: 12,,,265329
LoRaSim-MinimalTopology-0-20240420-22:21:09-13796,scalar,LoRa.server[2],noOfSuccessPackets: 12,,,381828
LoRaSim-MinimalTopology-0-20240420-22:21:09-13796,scalar,LoRa.server[2],noOfHostsInSFTier: 12,,,1577
LoRaSim-MinimalTopology-0-20240420-22:21:09-13796,scalar,LoRa.server[2],totalSuccessRate,,,0.88386111111111
LoRaSim-MinimalTopology-0-20240420-22:21:09-13796,scalar,LoRa.server[2],totalSuccessProb,,,0.5900082978319
LoRaSim-MinimalTopology-0-20240420-22:21:09-13796,scalar,LoRa.server[2],duration,,,432000
LoRaSim-MinimalTopology-0-20240420-22:21:09-13796,scalar,LoRa.host[0],numOfHostsPerSF_Server0_SF7,,,329
LoRaSim-MinimalTopology-0-20240420-22:21:09-13796,scalar,LoRa.host[0],numOfHostsPerSF_Server0_SF8,,,159
LoRaSim-MinimalTopology-0-20240420-22:21:09-13796,scalar,LoRa.host[0],numOfHostsPerSF_Server0_SF9,,,175
LoRaSim-MinimalTopology-0-20240420-22:21:09-13796,scalar,LoRa.host[0],numOfHostsPerSF_Server0_SF10,,,150
LoRaSim-MinimalTopology-0-20240420-22:21:09-13796,scalar,LoRa.host[0],numOfHostsPerSF_Server0_SF11,,,99
LoRaSim-MinimalTopology-0-20240420-22:21:09-13796,scalar,LoRa.host[0],numOfHostsPerSF_Server0_SF12,,,62
LoRaSim-MinimalTopology-0-20240420-22:21:09-13796,scalar,LoRa.host[0],numOfHostsPerSF_Server1_SF7,,,739
LoRaSim-MinimalTopology-0-20240420-22:21:09-13796,scalar,LoRa.host[0],numOfHostsPerSF_Server1_SF8,,,331
LoRaSim-MinimalTopology-0-20240420-22:21:09-13796,scalar,LoRa.host[0],numOfHostsPerSF_Server1_SF9,,,458
LoRaSim-MinimalTopology-0-20240420-22:21:09-13796,scalar,LoRa.host[0],numOfHostsPerSF_Server1_SF10,,,457
LoRaSim-MinimalTopology-0-20240420-22:21:09-13796,scalar,LoRa.host[0],numOfHostsPerSF_Server1_SF11,,,484
LoRaSim-MinimalTopology-0-20240420-22:21:09-13796,scalar,LoRa.host[0],numOfHostsPerSF_Server1_SF12,,,577
LoRaSim-MinimalTopology-0-20240420-22:21:09-13796,scalar,LoRa.host[0],numOfHostsPerSF_Server2_SF7,,,342
LoRaSim-MinimalTopology-0-20240420-22:21:09-13796,scalar,LoRa.host[0],numOfHostsPerSF_Server2_SF8,,,153
LoRaSim-MinimalTopology-0-20240420-22:21:09-13796,scalar,LoRa.host[0],numOfHostsPerSF_Server2_SF9,,,169
LoRaSim-MinimalTopology-0-20240420-22:21:09-13796,scalar,LoRa.host[0],numOfHostsPerSF_Server2_SF10,,,166
LoRaSim-MinimalTopology-0-20240420-22:21:09-13796,scalar,LoRa.host[0],numOfHostsPerSF_Server2_SF11,,,100
LoRaSim-MinimalTopology-0-20240420-22:21:09-13796,scalar,LoRa.host[0],numOfHostsPerSF_Server2_SF12,,,50
LoRaSim-MinimalTopology-0-20240420-22:21:09-13796,scalar,_runattrs_,M,,,3
LoRaSim-MinimalTopology-0-20240420-22:21:09-13796,scalar,_runattrs_,N,,,5000
