run,type,module,name,attrname,attrvalue,value
LoRaSim-MinimalTopology-0-20240420-22:19:14-10944,runattr,,,configname,LoRaSim-MinimalTopology,
LoRaSim-MinimalTopology-0-20240420-22:19:14-10944,runattr,,,datetime,20240420-22:19:14,
LoRaSim-MinimalTopology-0-20240420-22:19:14-10944,runattr,,,experiment,LoRaSim-MinimalTopology,
LoRaSim-MinimalTopology-0-20240420-22:19:14-10944,runattr,,,inifile,omnetpp.ini,
LoRaSim-MinimalTopology-0-20240420-22:19:14-10944,runattr,,,iterationvars,"$N=4000, $M=3",
LoRaSim-MinimalTopology-0-20240420-22:19:14-10944,runattr,,,iterationvarsf,"N=4000,M=3-",
LoRaSim-MinimalTopology-0-20240420-22:19:14-10944,runattr,,,measurement,"$N=4000, $M=3",
LoRaSim-MinimalTopology-0-20240420-22:19:14-10944,runattr,,,network,LoRa,
LoRaSim-MinimalTopology-0-20240420-22:19:14-10944,runattr,,,processid,10944,
LoRaSim-MinimalTopology-0-20240420-22:19:14-10944,runattr,,,repetition,0,
LoRaSim-MinimalTopology-0-20240420-22:19:14-10944,runattr,,,replication,#0,
LoRaSim-MinimalTopology-0-20240420-22:19:14-10944,runattr,,,resultdir,results,
LoRaSim-MinimalTopology-0-20240420-22:19:14-10944,runattr,,,runnumber,0,
LoRaSim-MinimalTopology-0-20240420-22:19:14-10944,runattr,,,seedset,0,
LoRaSim-MinimalTopology-0-20240420-22:19:14-10944,itervar,,,M,3,
LoRaSim-MinimalTopology-0-20240420-22:19:14-10944,itervar,,,N,4000,
LoRaSim-MinimalTopology-0-20240420-22:19:14-10944,param,,,LoRa.host[*].isBufferingEvents,false,
LoRaSim-MinimalTopology-0-20240420-22:19:14-10944,param,,,LoRa.host[*].addFrameHeader,false,
LoRaSim-MinimalTopology-0-20240420-22:19:14-10944,param,,,LoRa.host[*].nbOfChannels,3,
LoRaSim-MinimalTopology-0-20240420-22:19:14-10944,param,,,LoRa.numHosts,4000,
LoRaSim-MinimalTopology-0-20240420-22:19:14-10944,param,,,LoRa.host[*].iaTime,exponential(600s),
LoRaSim-MinimalTopology-0-20240420-22:19:14-10944,param,,,LoRa.host[*].pkLenBits,160b,
LoRaSim-MinimalTopology-0-20240420-22:19:14-10944,param,,,LoRa.netR,6333.83 m,
LoRaSim-MinimalTopology-0-20240420-22:19:14-10944,param,,,LoRa.server[*].pathlossExp,3,
LoRaSim-MinimalTopology-0-20240420-22:19:14-10944,param,,,LoRa.server[*].BW,125,
LoRaSim-MinimalTopology-0-20240420-22:19:14-10944,param,,,LoRa.numServers,3,
LoRaSim-MinimalTopology-0-20240420-22:19:14-10944,param,,,LoRa.server[0].x,-6333.83m,
LoRaSim-MinimalTopology-0-20240420-22:19:14-10944,param,,,LoRa.server[1].x,0m,
LoRaSim-MinimalTopology-0-20240420-22:19:14-10944,param,,,LoRa.server[2].x,6333.83m,
LoRaSim-MinimalTopology-0-20240420-22:19:14-10944,param,,,LoRa.server[*].y,0,
LoRaSim-MinimalTopology-0-20240420-22:19:14-10944,param,,,**.animationHoldTimeOnCollision,0s,
LoRaSim-MinimalTopology-0-20240420-22:19:14-10944,param,,,**.idleAnimationSpeed,1,
LoRaSim-MinimalTopology-0-20240420-22:19:14-10944,param,,,**.transmissionEdgeAnimationSpeed,1e-6,
LoRaSim-MinimalTopology-0-20240420-22:19:14-10944,param,,,**.midTransmissionAnimationSpeed,1e-1,
LoRaSim-MinimalTopology-0-20240420-22:19:14-10944,param,,,LoRa.slotTime,0,
LoRaSim-MinimalTopology-0-20240420-22:19:14-10944,param,,,LoRa.dutyCycleActive,true,
LoRaSim-MinimalTopology-0-20240420-22:19:14-10944,scalar,LoRa.server[0],SF: 7,,,0
LoRaSim-MinimalTopology-0-20240420-22:19:14-10944,scalar,LoRa.server[0],rcvCounter: 7,,,0
LoRaSim-MinimalTopology-0-20240420-22:19:14-10944,scalar,LoRa.server[0],noOfCollidedPackets: 7,,,0
LoRaSim-MinimalTopology-0-20240420-22:19:14-10944,scalar,LoRa.server[0],noOfSuccessPackets: 7,,,0
LoRaSim-MinimalTopology-0-20240420-22:19:14-10944,scalar,LoRa.server[0],noOfHostsInSFTier: 7,,,592
LoRaSim-MinimalTopology-0-20240420-22:19:14-10944,scalar,LoRa.server[0],SF: 8,,,0
LoRaSim-MinimalTopology-0-20240420-22:19:14-10944,scalar,LoRa.server[0],rcvCounter: 8,,,0
LoRaSim-MinimalTopology-0-20240420-22:19:14-10944,scalar,LoRa.server[0],noOfCollidedPackets: 8,,,0
LoRaSim-MinimalTopology-0-20240420-22:19:14-10944,scalar,LoRa.server[0],noOfSuccessPackets: 8,,,0
LoRaSim-MinimalTopology-0-20240420-22:19:14-10944,scalar,LoRa.server[0],noOfHostsInSFTier: 8,,,262
LoRaSim-MinimalTopology-0-20240420-22:19:14-10944,scalar,LoRa.server[0],SF: 9,,,0
LoRaSim-MinimalTopology-0-20240420-22:19:14-10944,scalar,LoRa.server[0],rcvCounter: 9,,,0
LoRaSim-MinimalTopology-0-20240420-22:19:14-10944,scalar,LoRa.server[0],noOfCollidedPackets: 9,,,0
LoRaSim-MinimalTopology-0-20240420-22:19:14-10944,scalar,LoRa.server[0],noOfSuccessPackets: 9,,,0
LoRaSim-MinimalTopology-0-20240420-22:19:14-10944,scalar,LoRa.server[0],noOfHostsInSFTier: 9,,,429
LoRaSim-MinimalTopology-0-20240420-22:19:14-10944,scalar,LoRa.server[0],SF: 10,,,0
LoRaSim-MinimalTopology-0-20240420-22:19:14-10944,scalar,LoRa.server[0],rcvCounter: 10,,,0
LoRaSim-MinimalTopology-0-20240420-22:19:14-10944,scalar,LoRa.server[0],noOfCollidedPackets: 10,,,0
LoRaSim-MinimalTopology-0-20240420-22:19:14-10944,scalar,LoRa.server[0],noOfSuccessPackets: 10,,,0
LoRaSim-MinimalTopology-0-20240420-22:19:14-10944,scalar,LoRa.server[0],noOfHostsInSFTier: 10,,,623
LoRaSim-MinimalTopology-0-20240420-22:19:14-10944,scalar,LoRa.server[0],SF: 11,,,0
LoRaSim-MinimalTopology-0-20240420-22:19:14-10944,scalar,LoRa.server[0],rcvCounter: 11,,,0
LoRaSim-MinimalTopology-0-20240420-22:19:14-10944,scalar,LoRa.server[0],noOfCollidedPackets: 11,,,0
LoRaSim-MinimalTopology-0-20240420-22:19:14-10944,scalar,LoRa.server[0],noOfSuccessPackets: 11,,,0
LoRaSim-MinimalTopology-0-20240420-22:19:14-10944,scalar,LoRa.server[0],noOfHostsInSFTier: 11,,,801
LoRaSim-MinimalTopology-0-20240420-22:19:14-10944,scalar,LoRa.server[0],SF: 12,,,0.79118055555556
LoRaSim-MinimalTopology-0-20240420-22:19:14-10944,scalar,LoRa.server[0],rcvCounter: 12,,,526964
LoRaSim-MinimalTopology-0-20240420-22:19:14-10944,scalar,LoRa.server[0],noOfCollidedPackets: 12,,,185174
LoRaSim-MinimalTopology-0-20240420-22:19:14-10944,scalar,LoRa.server[0],noOfSuccessPackets: 12,,,341790
LoRaSim-MinimalTopology-0-20240420-22:19:14-10944,scalar,LoRa.server[0],noOfHostsInSFTier: 12,,,1289
LoRaSim-MinimalTopology-0-20240420-22:19:14-10944,scalar,LoRa.server[0],totalSuccessRate,,,0.79118055555556
LoRaSim-MinimalTopology-0-20240420-22:19:14-10944,scalar,LoRa.server[0],totalSuccessProb,,,0.6486021815532
LoRaSim-MinimalTopology-0-20240420-22:19:14-10944,scalar,LoRa.server[0],duration,,,432000
LoRaSim-MinimalTopology-0-20240420-22:19:14-10944,scalar,LoRa.server[1],SF: 7,,,0
LoRaSim-MinimalTopology-0-20240420-22:19:14-10944,scalar,LoRa.server[1],rcvCounter: 7,,,0
LoRaSim-MinimalTopology-0-20240420-22:19:14-10944,scalar,LoRa.server[1],noOfCollidedPackets: 7,,,0
LoRaSim-MinimalTopology-0-20240420-22:19:14-10944,scalar,LoRa.server[1],noOfSuccessPackets: 7,,,0
LoRaSim-MinimalTopology-0-20240420-22:19:14-10944,scalar,LoRa.server[1],noOfHostsInSFTier: 7,,,592
LoRaSim-MinimalTopology-0-20240420-22:19:14-10944,scalar,LoRa.server[1],SF: 8,,,0
LoRaSim-MinimalTopology-0-20240420-22:19:14-10944,scalar,LoRa.server[1],rcvCounter: 8,,,0
LoRaSim-MinimalTopology-0-20240420-22:19:14-10944,scalar,LoRa.server[1],noOfCollidedPackets: 8,,,0
LoRaSim-MinimalTopology-0-20240420-22:19:14-10944,scalar,LoRa.server[1],noOfSuccessPackets: 8,,,0
LoRaSim-MinimalTopology-0-20240420-22:19:14-10944,scalar,LoRa.server[1],noOfHostsInSFTier: 8,,,262
LoRaSim-MinimalTopology-0-20240420-22:19:14-10944,scalar,LoRa.server[1],SF: 9,,,0
LoRaSim-MinimalTopology-0-20240420-22:19:14-10944,scalar,LoRa.server[1],rcvCounter: 9,,,0
LoRaSim-MinimalTopology-0-20240420-22:19:14-10944,scalar,LoRa.server[1],noOfCollidedPackets: 9,,,0
LoRaSim-MinimalTopology-0-20240420-22:19:14-10944,scalar,LoRa.server[1],noOfSuccessPackets: 9,,,0
LoRaSim-MinimalTopology-0-20240420-22:19:14-10944,scalar,LoRa.server[1],noOfHostsInSFTier: 9,,,429
LoRaSim-MinimalTopology-0-20240420-22:19:14-10944,scalar,LoRa.server[1],SF: 10,,,0
LoRaSim-MinimalTopology-0-20240420-22:19:14-10944,scalar,LoRa.server[1],rcvCounter: 10,,,0
LoRaSim-MinimalTopology-0-20240420-22:19:14-10944,scalar,LoRa.server[1],noOfCollidedPackets: 10,,,0
LoRaSim-MinimalTopology-0-20240420-22:19:14-10944,scalar,LoRa.server[1],noOfSuccessPackets: 10,,,0
LoRaSim-MinimalTopology-0-20240420-22:19:14-10944,scalar,LoRa.server[1],noOfHostsInSFTier: 10,,,623
LoRaSim-MinimalTopology-0-20240420-22:19:14-10944,scalar,LoRa.server[1],SF: 11,,,0
LoRaSim-MinimalTopology-0-20240420-22:19:14-10944,scalar,LoRa.server[1],rcvCounter: 11,,,0
LoRaSim-MinimalTopology-0-20240420-22:19:14-10944,scalar,LoRa.server[1],noOfCollidedPackets: 11,,,0
LoRaSim-MinimalTopology-0-20240420-22:19:14-10944,scalar,LoRa.server[1],noOfSuccessPackets: 11,,,0
LoRaSim-MinimalTopology-0-20240420-22:19:14-10944,scalar,LoRa.server[1],noOfHostsInSFTier: 11,,,801
LoRaSim-MinimalTopology-0-20240420-22:19:14-10944,scalar,LoRa.server[1],SF: 12,,,1.1429907407407
LoRaSim-MinimalTopology-0-20240420-22:19:14-10944,scalar,LoRa.server[1],rcvCounter: 12,,,1591766
LoRaSim-MinimalTopology-0-20240420-22:19:14-10944,scalar,LoRa.server[1],noOfCollidedPackets: 12,,,1097994
LoRaSim-MinimalTopology-0-20240420-22:19:14-10944,scalar,LoRa.server[1],noOfSuccessPackets: 12,,,493772
LoRaSim-MinimalTopology-0-20240420-22:19:14-10944,scalar,LoRa.server[1],noOfHostsInSFTier: 12,,,1289
LoRaSim-MinimalTopology-0-20240420-22:19:14-10944,scalar,LoRa.server[1],totalSuccessRate,,,1.1429907407407
LoRaSim-MinimalTopology-0-20240420-22:19:14-10944,scalar,LoRa.server[1],totalSuccessProb,,,0.3102038867522
LoRaSim-MinimalTopology-0-20240420-22:19:14-10944,scalar,LoRa.server[1],duration,,,432000
LoRaSim-MinimalTopology-0-20240420-22:19:14-10944,scalar,LoRa.server[2],SF: 7,,,0
LoRaSim-MinimalTopology-0-20240420-22:19:14-10944,scalar,LoRa.server[2],rcvCounter: 7,,,0
LoRaSim-MinimalTopology-0-20240420-22:19:14-10944,scalar,LoRa.server[2],noOfCollidedPackets: 7,,,0
LoRaSim-MinimalTopology-0-20240420-22:19:14-10944,scalar,LoRa.server[2],noOfSuccessPackets: 7,,,0
LoRaSim-MinimalTopology-0-20240420-22:19:14-10944,scalar,LoRa.server[2],noOfHostsInSFTier: 7,,,592
LoRaSim-MinimalTopology-0-20240420-22:19:14-10944,scalar,LoRa.server[2],SF: 8,,,0
LoRaSim-MinimalTopology-0-20240420-22:19:14-10944,scalar,LoRa.server[2],rcvCounter: 8,,,0
LoRaSim-MinimalTopology-0-20240420-22:19:14-10944,scalar,LoRa.server[2],noOfCollidedPackets: 8,,,0
LoRaSim-MinimalTopology-0-20240420-22:19:14-10944,scalar,LoRa.server[2],noOfSuccessPackets: 8,,,0
LoRaSim-MinimalTopology-0-20240420-22:19:14-10944,scalar,LoRa.server[2],noOfHostsInSFTier: 8,,,262
LoRaSim-MinimalTopology-0-20240420-22:19:14-10944,scalar,LoRa.server[2],SF: 9,,,0
LoRaSim-MinimalTopology-0-20240420-22:19:14-10944,scalar,LoRa.server[2],rcvCounter: 9,,,0
LoRaSim-MinimalTopology-0-20240420-22:19:14-10944,scalar,LoRa.server[2],noOfCollidedPackets: 9,,,0
LoRaSim-MinimalTopology-0-20240420-22:19:14-10944,scalar,LoRa.server[2],noOfSuccessPackets: 9,,,0
LoRaSim-MinimalTopology-0-20240420-22:19:14-10944,scalar,LoRa.server[2],noOfHostsInSFTier: 9,,,429
LoRaSim-MinimalTopology-0-20240420-22:19:14-10944,scalar,LoRa.server[2],SF: 10,,,0
LoRaSim-MinimalTopology-0-20240420-22:19:14-10944,scalar,LoRa.server[2],rcvCounter: 10,,,0
LoRaSim-MinimalTopology-0-20240420-22:19:14-10944,scalar,LoRa.server[2],noOfCollidedPackets: 10,,,0
LoRaSim-MinimalTopology-0-20240420-22:19:14-10944,scalar,LoRa.server[2],noOfSuccessPackets: 10,,,0
LoRaSim-MinimalTopology-0-20240420-22:19:14-10944,scalar,LoRa.server[2],noOfHostsInSFTier: 10,,,623
LoRaSim-MinimalTopology-0-20240420-22:19:14-10944,scalar,LoRa.server[2],SF: 11,,,0
LoRaSim-MinimalTopology-0-20240420-22:19:14-10944,scalar,LoRa.server[2],rcvCounter: 11,,,0
LoRaSim-MinimalTopology-0-20240420-22:19:14-10944,scalar,LoRa.server[2],noOfCollidedPackets: 11,,,0
LoRaSim-MinimalTopology-0-20240420-22:19:14-10944,scalar,LoRa.server[2],noOfSuccessPackets: 11,,,0
LoRaSim-MinimalTopology-0-20240420-22:19:14-10944,scalar,LoRa.server[2],noOfHostsInSFTier: 11,,,801
LoRaSim-MinimalTopology-0-20240420-22:19:14-10944,scalar,LoRa.server[2],SF: 12,,,0.78692824074074
LoRaSim-MinimalTopology-0-20240420-22:19:14-10944,scalar,LoRa.server[2],rcvCounter: 12,,,523080
LoRaSim-MinimalTopology-0-20240420-22:19:14-10944,scalar,LoRa.server[2],noOfCollidedPackets: 12,,,183127
LoRaSim-MinimalTopology-0-20240420-22:19:14-10944,scalar,LoRa.server[2],noOfSuccessPackets: 12,,,339953
LoRaSim-MinimalTopology-0-20240420-22:19:14-10944,scalar,LoRa.server[2],noOfHostsInSFTier: 12,,,1289
LoRaSim-MinimalTopology-0-20240420-22:19:14-10944,scalar,LoRa.server[2],totalSuccessRate,,,0.78692824074074
LoRaSim-MinimalTopology-0-20240420-22:19:14-10944,scalar,LoRa.server[2],totalSuccessProb,,,0.64990632408045
LoRaSim-MinimalTopology-0-20240420-22:19:14-10944,scalar,LoRa.server[2],duration,,,432000
LoRaSim-MinimalTopology-0-20240420-22:19:14-10944,scalar,LoRa.host[0],numOfHostsPerSF_Server0_SF7,,,271
LoRaSim-MinimalTopology-0-20240420-22:19:14-10944,scalar,LoRa.host[0],numOfHostsPerSF_Server0_SF8,,,126
LoRaSim-MinimalTopology-0-20240420-22:19:14-10944,scalar,LoRa.host[0],numOfHostsPerSF_Server0_SF9,,,152
LoRaSim-MinimalTopology-0-20240420-22:19:14-10944,scalar,LoRa.host[0],numOfHostsPerSF_Server0_SF10,,,116
LoRaSim-MinimalTopology-0-20240420-22:19:14-10944,scalar,LoRa.host[0],numOfHostsPerSF_Server0_SF11,,,82
LoRaSim-MinimalTopology-0-20240420-22:19:14-10944,scalar,LoRa.host[0],numOfHostsPerSF_Server0_SF12,,,53
LoRaSim-MinimalTopology-0-20240420-22:19:14-10944,scalar,LoRa.host[0],numOfHostsPerSF_Server1_SF7,,,592
LoRaSim-MinimalTopology-0-20240420-22:19:14-10944,scalar,LoRa.host[0],numOfHostsPerSF_Server1_SF8,,,262
LoRaSim-MinimalTopology-0-20240420-22:19:14-10944,scalar,LoRa.host[0],numOfHostsPerSF_Server1_SF9,,,359
LoRaSim-MinimalTopology-0-20240420-22:19:14-10944,scalar,LoRa.host[0],numOfHostsPerSF_Server1_SF10,,,361
LoRaSim-MinimalTopology-0-20240420-22:19:14-10944,scalar,LoRa.host[0],numOfHostsPerSF_Server1_SF11,,,367
LoRaSim-MinimalTopology-0-20240420-22:19:14-10944,scalar,LoRa.host[0],numOfHostsPerSF_Server1_SF12,,,467
LoRaSim-MinimalTopology-0-20240420-22:19:14-10944,scalar,LoRa.host[0],numOfHostsPerSF_Server2_SF7,,,273
LoRaSim-MinimalTopology-0-20240420-22:19:14-10944,scalar,LoRa.host[0],numOfHostsPerSF_Server2_SF8,,,122
LoRaSim-MinimalTopology-0-20240420-22:19:14-10944,scalar,LoRa.host[0],numOfHostsPerSF_Server2_SF9,,,140
LoRaSim-MinimalTopology-0-20240420-22:19:14-10944,scalar,LoRa.host[0],numOfHostsPerSF_Server2_SF10,,,133
LoRaSim-MinimalTopology-0-20240420-22:19:14-10944,scalar,LoRa.host[0],numOfHostsPerSF_Server2_SF11,,,85
LoRaSim-MinimalTopology-0-20240420-22:19:14-10944,scalar,LoRa.host[0],numOfHostsPerSF_Server2_SF12,,,39
LoRaSim-MinimalTopology-0-20240420-22:19:14-10944,scalar,_runattrs_,M,,,3
LoRaSim-MinimalTopology-0-20240420-22:19:14-10944,scalar,_runattrs_,N,,,4000
