run,type,module,name,attrname,attrvalue,value
LoRaSim-MinimalTopology-0-20240420-22:10:40-6976,runattr,,,configname,LoRaSim-MinimalTopology,
LoRaSim-MinimalTopology-0-20240420-22:10:40-6976,runattr,,,datetime,20240420-22:10:40,
LoRaSim-MinimalTopology-0-20240420-22:10:40-6976,runattr,,,experiment,LoRaSim-MinimalTopology,
LoRaSim-MinimalTopology-0-20240420-22:10:40-6976,runattr,,,inifile,omnetpp.ini,
LoRaSim-MinimalTopology-0-20240420-22:10:40-6976,runattr,,,iterationvars,"$N=1000, $M=3",
LoRaSim-MinimalTopology-0-20240420-22:10:40-6976,runattr,,,iterationvarsf,"N=1000,M=3-",
LoRaSim-MinimalTopology-0-20240420-22:10:40-6976,runattr,,,measurement,"$N=1000, $M=3",
LoRaSim-MinimalTopology-0-20240420-22:10:40-6976,runattr,,,network,LoRa,
LoRaSim-MinimalTopology-0-20240420-22:10:40-6976,runattr,,,processid,6976,
LoRaSim-MinimalTopology-0-20240420-22:10:40-6976,runattr,,,repetition,0,
LoRaSim-MinimalTopology-0-20240420-22:10:40-6976,runattr,,,replication,#0,
LoRaSim-MinimalTopology-0-20240420-22:10:40-6976,runattr,,,resultdir,results,
LoRaSim-MinimalTopology-0-20240420-22:10:40-6976,runattr,,,runnumber,0,
LoRaSim-MinimalTopology-0-20240420-22:10:40-6976,runattr,,,seedset,0,
LoRaSim-MinimalTopology-0-20240420-22:10:40-6976,itervar,,,M,3,
LoRaSim-MinimalTopology-0-20240420-22:10:40-6976,itervar,,,N,1000,
LoRaSim-MinimalTopology-0-20240420-22:10:40-6976,param,,,LoRa.host[*].isBufferingEvents,false,
LoRaSim-MinimalTopology-0-20240420-22:10:40-6976,param,,,LoRa.host[*].addFrameHeader,false,
LoRaSim-MinimalTopology-0-20240420-22:10:40-6976,param,,,LoRa.host[*].nbOfChannels,3,
LoRaSim-MinimalTopology-0-20240420-22:10:40-6976,param,,,LoRa.numHosts,1000,
LoRaSim-MinimalTopology-0-20240420-22:10:40-6976,param,,,LoRa.host[*].iaTime,exponential(600s),
LoRaSim-MinimalTopology-0-20240420-22:10:40-6976,param,,,LoRa.host[*].pkLenBits,160b,
LoRaSim-MinimalTopology-0-20240420-22:10:40-6976,param,,,LoRa.netR,6333.83 m,
LoRaSim-MinimalTopology-0-20240420-22:10:40-6976,param,,,LoRa.server[*].pathlossExp,3,
LoRaSim-MinimalTopology-0-20240420-22:10:40-6976,param,,,LoRa.server[*].BW,125,
LoRaSim-MinimalTopology-0-20240420-22:10:40-6976,param,,,LoRa.numServers,3,
LoRaSim-MinimalTopology-0-20240420-22:10:40-6976,param,,,LoRa.server[0].x,-6333.83m,
LoRaSim-MinimalTopology-0-20240420-22:10:40-6976,param,,,LoRa.server[1].x,0m,
LoRaSim-MinimalTopology-0-20240420-22:10:40-6976,param,,,LoRa.server[2].x,6333.83m,
LoRaSim-MinimalTopology-0-20240420-22:10:40-6976,param,,,LoRa.server[*].y,0,
LoRaSim-MinimalTopology-0-20240420-22:10:40-6976,param,,,**.animationHoldTimeOnCollision,0s,
LoRaSim-MinimalTopology-0-20240420-22:10:40-6976,param,,,**.idleAnimationSpeed,1,
LoRaSim-MinimalTopology-0-20240420-22:10:40-6976,param,,,**.transmissionEdgeAnimationSpeed,1e-6,
LoRaSim-MinimalTopology-0-20240420-22:10:40-6976,param,,,**.midTransmissionAnimationSpeed,1e-1,
LoRaSim-MinimalTopology-0-20240420-22:10:40-6976,param,,,LoRa.slotTime,0,
LoRaSim-MinimalTopology-0-20240420-22:10:40-6976,param,,,LoRa.dutyCycleActive,true,
LoRaSim-MinimalTopology-0-20240420-22:10:40-6976,scalar,LoRa.server[0],SF: 7,,,0
LoRaSim-MinimalTopology-0-20240420-22:10:40-6976,scalar,LoRa.server[0],rcvCounter: 7,,,0
LoRaSim-MinimalTopology-0-20240420-22:10:40-6976,scalar,LoRa.server[0],noOfCollidedPackets: 7,,,0
LoRaSim-MinimalTopology-0-20240420-22:10:40-6976,scalar,LoRa.server[0],noOfSuccessPackets: 7,,,0
LoRaSim-MinimalTopology-0-20240420-22:10:40-6976,scalar,LoRa.server[0],noOfHostsInSFTier: 7,,,148
LoRaSim-MinimalTopology-0-20240420-22:10:40-6976,scalar,LoRa.server[0],SF: 8,,,0
LoRaSim-MinimalTopology-0-20240420-22:10:40-6976,scalar,LoRa.server[0],rcvCounter: 8,,,0
LoRaSim-MinimalTopology-0-20240420-22:10:40-6976,scalar,LoRa.server[0],noOfCollidedPackets: 8,,,0
LoRaSim-MinimalTopology-0-20240420-22:10:40-6976,scalar,LoRa.server[0],noOfSuccessPackets: 8,,,0
LoRaSim-MinimalTopology-0-20240420-22:10:40-6976,scalar,LoRa.server[0],noOfHostsInSFTier: 8,,,64
LoRaSim-MinimalTopology-0-20240420-22:10:40-6976,scalar,LoRa.server[0],SF: 9,,,0
LoRaSim-MinimalTopology-0-20240420-22:10:40-6976,scalar,LoRa.server[0],rcvCounter: 9,,,0
LoRaSim-MinimalTopology-0-20240420-22:10:40-6976,scalar,LoRa.server[0],noOfCollidedPackets: 9,,,0
LoRaSim-MinimalTopology-0-20240420-22:10:40-6976,scalar,LoRa.server[0],noOfSuccessPackets: 9,,,0
LoRaSim-MinimalTopology-0-20240420-22:10:40-6976,scalar,LoRa.server[0],noOfHostsInSFTier: 9,,,110
LoRaSim-MinimalTopology-0-20240420-22:10:40-6976,scalar,LoRa.server[0],SF: 10,,,0
LoRaSim-MinimalTopology-0-20240420-22:10:40-6976,scalar,LoRa.server[0],rcvCounter: 10,,,0
LoRaSim-MinimalTopology-0-20240420-22:10:40-6976,scalar,LoRa.server[0],noOfCollidedPackets: 10,,,0
LoRaSim-MinimalTopology-0-20240420-22:10:40-6976,scalar,LoRa.server[0],noOfSuccessPackets: 10,,,0
LoRaSim-MinimalTopology-0-20240420-22:10:40-6976,scalar,LoRa.server[0],noOfHostsInSFTier: 10,,,168
LoRaSim-MinimalTopology-0-20240420-22:10:40-6976,scalar,LoRa.server[0],SF: 11,,,0
LoRaSim-MinimalTopology-0-20240420-22:10:40-6976,scalar,LoRa.server[0],rcvCounter: 11,,,0
LoRaSim-MinimalTopology-0-20240420-22:10:40-6976,scalar,LoRa.server[0],noOfCollidedPackets: 11,,,0
LoRaSim-MinimalTopology-0-20240420-22:10:40-6976,scalar,LoRa.server[0],noOfSuccessPackets: 11,,,0
LoRaSim-MinimalTopology-0-20240420-22:10:40-6976,scalar,LoRa.server[0],noOfHostsInSFTier: 11,,,194
LoRaSim-MinimalTopology-0-20240420-22:10:40-6976,scalar,LoRa.server[0],SF: 12,,,0.2846875
LoRaSim-MinimalTopology-0-20240420-22:10:40-6976,scalar,LoRa.server[0],rcvCounter: 12,,,137587
LoRaSim-MinimalTopology-0-20240420-22:10:40-6976,scalar,LoRa.server[0],noOfCollidedPackets: 12,,,14602
LoRaSim-MinimalTopology-0-20240420-22:10:40-6976,scalar,LoRa.server[0],noOfSuccessPackets: 12,,,122985
LoRaSim-MinimalTopology-0-20240420-22:10:40-6976,scalar,LoRa.server[0],noOfHostsInSFTier: 12,,,315
LoRaSim-MinimalTopology-0-20240420-22:10:40-6976,scalar,LoRa.server[0],totalSuccessRate,,,0.2846875
LoRaSim-MinimalTopology-0-20240420-22:10:40-6976,scalar,LoRa.server[0],totalSuccessProb,,,0.893870787211
LoRaSim-MinimalTopology-0-20240420-22:10:40-6976,scalar,LoRa.server[0],duration,,,432000
LoRaSim-MinimalTopology-0-20240420-22:10:40-6976,scalar,LoRa.server[1],SF: 7,,,0
LoRaSim-MinimalTopology-0-20240420-22:10:40-6976,scalar,LoRa.server[1],rcvCounter: 7,,,0
LoRaSim-MinimalTopology-0-20240420-22:10:40-6976,scalar,LoRa.server[1],noOfCollidedPackets: 7,,,0
LoRaSim-MinimalTopology-0-20240420-22:10:40-6976,scalar,LoRa.server[1],noOfSuccessPackets: 7,,,0
LoRaSim-MinimalTopology-0-20240420-22:10:40-6976,scalar,LoRa.server[1],noOfHostsInSFTier: 7,,,148
LoRaSim-MinimalTopology-0-20240420-22:10:40-6976,scalar,LoRa.server[1],SF: 8,,,0
LoRaSim-MinimalTopology-0-20240420-22:10:40-6976,scalar,LoRa.server[1],rcvCounter: 8,,,0
LoRaSim-MinimalTopology-0-20240420-22:10:40-6976,scalar,LoRa.server[1],noOfCollidedPackets: 8,,,0
LoRaSim-MinimalTopology-0-20240420-22:10:40-6976,scalar,LoRa.server[1],noOfSuccessPackets: 8,,,0
LoRaSim-MinimalTopology-0-20240420-22:10:40-6976,scalar,LoRa.server[1],noOfHostsInSFTier: 8,,,64
LoRaSim-MinimalTopology-0-20240420-22:10:40-6976,scalar,LoRa.server[1],SF: 9,,,0
LoRaSim-MinimalTopology-0-20240420-22:10:40-6976,scalar,LoRa.server[1],rcvCounter: 9,,,0
LoRaSim-MinimalTopology-0-20240420-22:10:40-6976,scalar,LoRa.server[1],noOfCollidedPackets: 9,,,0
LoRaSim-MinimalTopology-0-20240420-22:10:40-6976,scalar,LoRa.server[1],noOfSuccessPackets: 9,,,0
LoRaSim-MinimalTopology-0-20240420-22:10:40-6976,scalar,LoRa.server[1],noOfHostsInSFTier: 9,,,110
LoRaSim-MinimalTopology-0-20240420-22:10:40-6976,scalar,LoRa.server[1],SF: 10,,,0
LoRaSim-MinimalTopology-0-20240420-22:10:40-6976,scalar,LoRa.server[1],rcvCounter: 10,,,0
LoRaSim-MinimalTopology-0-20240420-22:10:40-6976,scalar,LoRa.server[1],noOfCollidedPackets: 10,,,0
LoRaSim-MinimalTopology-0-20240420-22:10:40-6976,scalar,LoRa.server[1],noOfSuccessPackets: 10,,,0
LoRaSim-MinimalTopology-0-20240420-22:10:40-6976,scalar,LoRa.server[1],noOfHostsInSFTier: 10,,,168
LoRaSim-MinimalTopology-0-20240420-22:10:40-6976,scalar,LoRa.server[1],SF: 11,,,0
LoRaSim-MinimalTopology-0-20240420-22:10:40-6976,scalar,LoRa.server[1],rcvCounter: 11,,,0
LoRaSim-MinimalTopology-0-20240420-22:10:40-6976,scalar,LoRa.server[1],noOfCollidedPackets: 11,,,0
LoRaSim-MinimalTopology-0-20240420-22:10:40-6976,scalar,LoRa.server[1],noOfSuccessPackets: 11,,,0
LoRaSim-MinimalTopology-0-20240420-22:10:40-6976,scalar,LoRa.server[1],noOfHostsInSFTier: 11,,,194
LoRaSim-MinimalTopology-0-20240420-22:10:40-6976,scalar,LoRa.server[1],SF: 12,,,0.65694444444444
LoRaSim-MinimalTopology-0-20240420-22:10:40-6976,scalar,LoRa.server[1],rcvCounter: 12,,,392454
LoRaSim-MinimalTopology-0-20240420-22:10:40-6976,scalar,LoRa.server[1],noOfCollidedPackets: 12,,,108654
LoRaSim-MinimalTopology-0-20240420-22:10:40-6976,scalar,LoRa.server[1],noOfSuccessPackets: 12,,,283800
LoRaSim-MinimalTopology-0-20240420-22:10:40-6976,scalar,LoRa.server[1],noOfHostsInSFTier: 12,,,315
LoRaSim-MinimalTopology-0-20240420-22:10:40-6976,scalar,LoRa.server[1],totalSuccessRate,,,0.65694444444444
LoRaSim-MinimalTopology-0-20240420-22:10:40-6976,scalar,LoRa.server[1],totalSuccessProb,,,0.72314207524958
LoRaSim-MinimalTopology-0-20240420-22:10:40-6976,scalar,LoRa.server[1],duration,,,432000
LoRaSim-MinimalTopology-0-20240420-22:10:40-6976,scalar,LoRa.server[2],SF: 7,,,0
LoRaSim-MinimalTopology-0-20240420-22:10:40-6976,scalar,LoRa.server[2],rcvCounter: 7,,,0
LoRaSim-MinimalTopology-0-20240420-22:10:40-6976,scalar,LoRa.server[2],noOfCollidedPackets: 7,,,0
LoRaSim-MinimalTopology-0-20240420-22:10:40-6976,scalar,LoRa.server[2],noOfSuccessPackets: 7,,,0
LoRaSim-MinimalTopology-0-20240420-22:10:40-6976,scalar,LoRa.server[2],noOfHostsInSFTier: 7,,,148
LoRaSim-MinimalTopology-0-20240420-22:10:40-6976,scalar,LoRa.server[2],SF: 8,,,0
LoRaSim-MinimalTopology-0-20240420-22:10:40-6976,scalar,LoRa.server[2],rcvCounter: 8,,,0
LoRaSim-MinimalTopology-0-20240420-22:10:40-6976,scalar,LoRa.server[2],noOfCollidedPackets: 8,,,0
LoRaSim-MinimalTopology-0-20240420-22:10:40-6976,scalar,LoRa.server[2],noOfSuccessPackets: 8,,,0
LoRaSim-MinimalTopology-0-20240420-22:10:40-6976,scalar,LoRa.server[2],noOfHostsInSFTier: 8,,,64
LoRaSim-MinimalTopology-0-20240420-22:10:40-6976,scalar,LoRa.server[2],SF: 9,,,0
LoRaSim-MinimalTopology-0-20240420-22:10:40-6976,scalar,LoRa.server[2],rcvCounter: 9,,,0
LoRaSim-MinimalTopology-0-20240420-22:10:40-6976,scalar,LoRa.server[2],noOfCollidedPackets: 9,,,0
LoRaSim-MinimalTopology-0-20240420-22:10:40-6976,scalar,LoRa.server[2],noOfSuccessPackets: 9,,,0
LoRaSim-MinimalTopology-0-20240420-22:10:40-6976,scalar,LoRa.server[2],noOfHostsInSFTier: 9,,,110
LoRaSim-MinimalTopology-0-20240420-22:10:40-6976,scalar,LoRa.server[2],SF: 10,,,0
LoRaSim-MinimalTopology-0-20240420-22:10:40-6976,scalar,LoRa.server[2],rcvCounter: 10,,,0
LoRaSim-MinimalTopology-0-20240420-22:10:40-6976,scalar,LoRa.server[2],noOfCollidedPackets: 10,,,0
LoRaSim-MinimalTopology-0-20240420-22:10:40-6976,scalar,LoRa.server[2],noOfSuccessPackets: 10,,,0
LoRaSim-MinimalTopology-0-20240420-22:10:40-6976,scalar,LoRa.server[2],noOfHostsInSFTier: 10,,,168
LoRaSim-MinimalTopology-0-20240420-22:10:40-6976,scalar,LoRa.server[2],SF: 11,,,0
LoRaSim-MinimalTopology-0-20240420-22:10:40-6976,scalar,LoRa.server[2],rcvCounter: 11,,,0
LoRaSim-MinimalTopology-0-20240420-22:10:40-6976,scalar,LoRa.server[2],noOfCollidedPackets: 11,,,0
LoRaSim-MinimalTopology-0-20240420-22:10:40-6976,scalar,LoRa.server[2],noOfSuccessPackets: 11,,,0
LoRaSim-MinimalTopology-0-20240420-22:10:40-6976,scalar,LoRa.server[2],noOfHostsInSFTier: 11,,,194
LoRaSim-MinimalTopology-0-20240420-22:10:40-6976,scalar,LoRa.server[2],SF: 12,,,0.268
LoRaSim-MinimalTopology-0-20240420-22:10:40-6976,scalar,LoRa.server[2],rcvCounter: 12,,,129196
LoRaSim-MinimalTopology-0-20240420-22:10:40-6976,scalar,LoRa.server[2],noOfCollidedPackets: 12,,,13420
LoRaSim-MinimalTopology-0-20240420-22:10:40-6976,scalar,LoRa.server[2],noOfSuccessPackets: 12,,,115776
LoRaSim-MinimalTopology-0-20240420-22:10:40-6976,scalar,LoRa.server[2],noOfHostsInSFTier: 12,,,315
LoRaSim-MinimalTopology-0-20240420-22:10:40-6976,scalar,LoRa.server[2],totalSuccessRate,,,0.268
LoRaSim-MinimalTopology-0-20240420-22:10:40-6976,scalar,LoRa.server[2],totalSuccessProb,,,0.89612681507167
LoRaSim-MinimalTopology-0-20240420-22:10:40-6976,scalar,LoRa.server[2],duration,,,432000
LoRaSim-MinimalTopology-0-20240420-22:10:40-6976,scalar,LoRa.host[0],numOfHostsPerSF_Server0_SF7,,,66
LoRaSim-MinimalTopology-0-20240420-22:10:40-6976,scalar,LoRa.host[0],numOfHostsPerSF_Server0_SF8,,,35
LoRaSim-MinimalTopology-0-20240420-22:10:40-6976,scalar,LoRa.host[0],numOfHostsPerSF_Server0_SF9,,,41
LoRaSim-MinimalTopology-0-20240420-22:10:40-6976,scalar,LoRa.host[0],numOfHostsPerSF_Server0_SF10,,,34
LoRaSim-MinimalTopology-0-20240420-22:10:40-6976,scalar,LoRa.host[0],numOfHostsPerSF_Server0_SF11,,,24
LoRaSim-MinimalTopology-0-20240420-22:10:40-6976,scalar,LoRa.host[0],numOfHostsPerSF_Server0_SF12,,,9
LoRaSim-MinimalTopology-0-20240420-22:10:40-6976,scalar,LoRa.host[0],numOfHostsPerSF_Server1_SF7,,,148
LoRaSim-MinimalTopology-0-20240420-22:10:40-6976,scalar,LoRa.host[0],numOfHostsPerSF_Server1_SF8,,,64
LoRaSim-MinimalTopology-0-20240420-22:10:40-6976,scalar,LoRa.host[0],numOfHostsPerSF_Server1_SF9,,,97
LoRaSim-MinimalTopology-0-20240420-22:10:40-6976,scalar,LoRa.host[0],numOfHostsPerSF_Server1_SF10,,,93
LoRaSim-MinimalTopology-0-20240420-22:10:40-6976,scalar,LoRa.host[0],numOfHostsPerSF_Server1_SF11,,,89
LoRaSim-MinimalTopology-0-20240420-22:10:40-6976,scalar,LoRa.host[0],numOfHostsPerSF_Server1_SF12,,,104
LoRaSim-MinimalTopology-0-20240420-22:10:40-6976,scalar,LoRa.host[0],numOfHostsPerSF_Server2_SF7,,,68
LoRaSim-MinimalTopology-0-20240420-22:10:40-6976,scalar,LoRa.host[0],numOfHostsPerSF_Server2_SF8,,,30
LoRaSim-MinimalTopology-0-20240420-22:10:40-6976,scalar,LoRa.host[0],numOfHostsPerSF_Server2_SF9,,,39
LoRaSim-MinimalTopology-0-20240420-22:10:40-6976,scalar,LoRa.host[0],numOfHostsPerSF_Server2_SF10,,,36
LoRaSim-MinimalTopology-0-20240420-22:10:40-6976,scalar,LoRa.host[0],numOfHostsPerSF_Server2_SF11,,,17
LoRaSim-MinimalTopology-0-20240420-22:10:40-6976,scalar,LoRa.host[0],numOfHostsPerSF_Server2_SF12,,,6
LoRaSim-MinimalTopology-0-20240420-22:10:40-6976,scalar,_runattrs_,M,,,3
LoRaSim-MinimalTopology-0-20240420-22:10:40-6976,scalar,_runattrs_,N,,,1000
