run,type,module,name,attrname,attrvalue,value
LoRaSim-MinimalTopology-0-20240420-22:11:43-13132,runattr,,,configname,LoRaSim-MinimalTopology,
LoRaSim-MinimalTopology-0-20240420-22:11:43-13132,runattr,,,datetime,20240420-22:11:43,
LoRaSim-MinimalTopology-0-20240420-22:11:43-13132,runattr,,,experiment,LoRaSim-MinimalTopology,
LoRaSim-MinimalTopology-0-20240420-22:11:43-13132,runattr,,,inifile,omnetpp.ini,
LoRaSim-MinimalTopology-0-20240420-22:11:43-13132,runattr,,,iterationvars,"$N=2000, $M=3",
LoRaSim-MinimalTopology-0-20240420-22:11:43-13132,runattr,,,iterationvarsf,"N=2000,M=3-",
LoRaSim-MinimalTopology-0-20240420-22:11:43-13132,runattr,,,measurement,"$N=2000, $M=3",
LoRaSim-MinimalTopology-0-20240420-22:11:43-13132,runattr,,,network,LoRa,
LoRaSim-MinimalTopology-0-20240420-22:11:43-13132,runattr,,,processid,13132,
LoRaSim-MinimalTopology-0-20240420-22:11:43-13132,runattr,,,repetition,0,
LoRaSim-MinimalTopology-0-20240420-22:11:43-13132,runattr,,,replication,#0,
LoRaSim-MinimalTopology-0-20240420-22:11:43-13132,runattr,,,resultdir,results,
LoRaSim-MinimalTopology-0-20240420-22:11:43-13132,runattr,,,runnumber,0,
LoRaSim-MinimalTopology-0-20240420-22:11:43-13132,runattr,,,seedset,0,
LoRaSim-MinimalTopology-0-20240420-22:11:43-13132,itervar,,,M,3,
LoRaSim-MinimalTopology-0-20240420-22:11:43-13132,itervar,,,N,2000,
LoRaSim-MinimalTopology-0-20240420-22:11:43-13132,param,,,LoRa.host[*].isBufferingEvents,false,
LoRaSim-MinimalTopology-0-20240420-22:11:43-13132,param,,,LoRa.host[*].addFrameHeader,false,
LoRaSim-MinimalTopology-0-20240420-22:11:43-13132,param,,,LoRa.host[*].nbOfChannels,3,
LoRaSim-MinimalTopology-0-20240420-22:11:43-13132,param,,,LoRa.numHosts,2000,
LoRaSim-MinimalTopology-0-20240420-22:11:43-13132,param,,,LoRa.host[*].iaTime,exponential(600s),
LoRaSim-MinimalTopology-0-20240420-22:11:43-13132,param,,,LoRa.host[*].pkLenBits,160b,
LoRaSim-MinimalTopology-0-20240420-22:11:43-13132,param,,,LoRa.netR,6333.83 m,
LoRaSim-MinimalTopology-0-20240420-22:11:43-13132,param,,,LoRa.server[*].pathlossExp,3,
LoRaSim-MinimalTopology-0-20240420-22:11:43-13132,param,,,LoRa.server[*].BW,125,
LoRaSim-MinimalTopology-0-20240420-22:11:43-13132,param,,,LoRa.numServers,3,
LoRaSim-MinimalTopology-0-20240420-22:11:43-13132,param,,,LoRa.server[0].x,-6333.83m,
LoRaSim-MinimalTopology-0-20240420-22:11:43-13132,param,,,LoRa.server[1].x,0m,
LoRaSim-MinimalTopology-0-20240420-22:11:43-13132,param,,,LoRa.server[2].x,6333.83m,
LoRaSim-MinimalTopology-0-20240420-22:11:43-13132,param,,,LoRa.server[*].y,0,
LoRaSim-MinimalTopology-0-20240420-22:11:43-13132,param,,,**.animationHoldTimeOnCollision,0s,
LoRaSim-MinimalTopology-0-20240420-22:11:43-13132,param,,,**.idleAnimationSpeed,1,
LoRaSim-MinimalTopology-0-20240420-22:11:43-13132,param,,,**.transmissionEdgeAnimationSpeed,1e-6,
LoRaSim-MinimalTopology-0-20240420-22:11:43-13132,param,,,**.midTransmissionAnimationSpeed,1e-1,
LoRaSim-MinimalTopology-0-20240420-22:11:43-13132,param,,,LoRa.slotTime,0,
LoRaSim-MinimalTopology-0-20240420-22:11:43-13132,param,,,LoRa.dutyCycleActive,true,
LoRaSim-MinimalTopology-0-20240420-22:11:43-13132,scalar,LoRa.server[0],SF: 7,,,0
LoRaSim-MinimalTopology-0-20240420-22:11:43-13132,scalar,LoRa.server[0],rcvCounter: 7,,,0
LoRaSim-MinimalTopology-0-20240420-22:11:43-13132,scalar,LoRa.server[0],noOfCollidedPackets: 7,,,0
LoRaSim-MinimalTopology-0-20240420-22:11:43-13132,scalar,LoRa.server[0],noOfSuccessPackets: 7,,,0
LoRaSim-MinimalTopology-0-20240420-22:11:43-13132,scalar,LoRa.server[0],noOfHostsInSFTier: 7,,,305
LoRaSim-MinimalTopology-0-20240420-22:11:43-13132,scalar,LoRa.server[0],SF: 8,,,0
LoRaSim-MinimalTopology-0-20240420-22:11:43-13132,scalar,LoRa.server[0],rcvCounter: 8,,,0
LoRaSim-MinimalTopology-0-20240420-22:11:43-13132,scalar,LoRa.server[0],noOfCollidedPackets: 8,,,0
LoRaSim-MinimalTopology-0-20240420-22:11:43-13132,scalar,LoRa.server[0],noOfSuccessPackets: 8,,,0
LoRaSim-MinimalTopology-0-20240420-22:11:43-13132,scalar,LoRa.server[0],noOfHostsInSFTier: 8,,,131
LoRaSim-MinimalTopology-0-20240420-22:11:43-13132,scalar,LoRa.server[0],SF: 9,,,0
LoRaSim-MinimalTopology-0-20240420-22:11:43-13132,scalar,LoRa.server[0],rcvCounter: 9,,,0
LoRaSim-MinimalTopology-0-20240420-22:11:43-13132,scalar,LoRa.server[0],noOfCollidedPackets: 9,,,0
LoRaSim-MinimalTopology-0-20240420-22:11:43-13132,scalar,LoRa.server[0],noOfSuccessPackets: 9,,,0
LoRaSim-MinimalTopology-0-20240420-22:11:43-13132,scalar,LoRa.server[0],noOfHostsInSFTier: 9,,,204
LoRaSim-MinimalTopology-0-20240420-22:11:43-13132,scalar,LoRa.server[0],SF: 10,,,0
LoRaSim-MinimalTopology-0-20240420-22:11:43-13132,scalar,LoRa.server[0],rcvCounter: 10,,,0
LoRaSim-MinimalTopology-0-20240420-22:11:43-13132,scalar,LoRa.server[0],noOfCollidedPackets: 10,,,0
LoRaSim-MinimalTopology-0-20240420-22:11:43-13132,scalar,LoRa.server[0],noOfSuccessPackets: 10,,,0
LoRaSim-MinimalTopology-0-20240420-22:11:43-13132,scalar,LoRa.server[0],noOfHostsInSFTier: 10,,,301
LoRaSim-MinimalTopology-0-20240420-22:11:43-13132,scalar,LoRa.server[0],SF: 11,,,0
LoRaSim-MinimalTopology-0-20240420-22:11:43-13132,scalar,LoRa.server[0],rcvCounter: 11,,,0
LoRaSim-MinimalTopology-0-20240420-22:11:43-13132,scalar,LoRa.server[0],noOfCollidedPackets: 11,,,0
LoRaSim-MinimalTopology-0-20240420-22:11:43-13132,scalar,LoRa.server[0],noOfSuccessPackets: 11,,,0
LoRaSim-MinimalTopology-0-20240420-22:11:43-13132,scalar,LoRa.server[0],noOfHostsInSFTier: 11,,,391
LoRaSim-MinimalTopology-0-20240420-22:11:43-13132,scalar,LoRa.server[0],SF: 12,,,0.50131018518519
LoRaSim-MinimalTopology-0-20240420-22:11:43-13132,scalar,LoRa.server[0],rcvCounter: 12,,,271812
LoRaSim-MinimalTopology-0-20240420-22:11:43-13132,scalar,LoRa.server[0],noOfCollidedPackets: 12,,,55246
LoRaSim-MinimalTopology-0-20240420-22:11:43-13132,scalar,LoRa.server[0],noOfSuccessPackets: 12,,,216566
LoRaSim-MinimalTopology-0-20240420-22:11:43-13132,scalar,LoRa.server[0],noOfHostsInSFTier: 12,,,667
LoRaSim-MinimalTopology-0-20240420-22:11:43-13132,scalar,LoRa.server[0],totalSuccessRate,,,0.50131018518519
LoRaSim-MinimalTopology-0-20240420-22:11:43-13132,scalar,LoRa.server[0],totalSuccessProb,,,0.79674922372817
LoRaSim-MinimalTopology-0-20240420-22:11:43-13132,scalar,LoRa.server[0],duration,,,432000
LoRaSim-MinimalTopology-0-20240420-22:11:43-13132,scalar,LoRa.server[1],SF: 7,,,0
LoRaSim-MinimalTopology-0-20240420-22:11:43-13132,scalar,LoRa.server[1],rcvCounter: 7,,,0
LoRaSim-MinimalTopology-0-20240420-22:11:43-13132,scalar,LoRa.server[1],noOfCollidedPackets: 7,,,0
LoRaSim-MinimalTopology-0-20240420-22:11:43-13132,scalar,LoRa.server[1],noOfSuccessPackets: 7,,,0
LoRaSim-MinimalTopology-0-20240420-22:11:43-13132,scalar,LoRa.server[1],noOfHostsInSFTier: 7,,,305
LoRaSim-MinimalTopology-0-20240420-22:11:43-13132,scalar,LoRa.server[1],SF: 8,,,0
LoRaSim-MinimalTopology-0-20240420-22:11:43-13132,scalar,LoRa.server[1],rcvCounter: 8,,,0
LoRaSim-MinimalTopology-0-20240420-22:11:43-13132,scalar,LoRa.server[1],noOfCollidedPackets: 8,,,0
LoRaSim-MinimalTopology-0-20240420-22:11:43-13132,scalar,LoRa.server[1],noOfSuccessPackets: 8,,,0
LoRaSim-MinimalTopology-0-20240420-22:11:43-13132,scalar,LoRa.server[1],noOfHostsInSFTier: 8,,,131
LoRaSim-MinimalTopology-0-20240420-22:11:43-13132,scalar,LoRa.server[1],SF: 9,,,0
LoRaSim-MinimalTopology-0-20240420-22:11:43-13132,scalar,LoRa.server[1],rcvCounter: 9,,,0
LoRaSim-MinimalTopology-0-20240420-22:11:43-13132,scalar,LoRa.server[1],noOfCollidedPackets: 9,,,0
LoRaSim-MinimalTopology-0-20240420-22:11:43-13132,scalar,LoRa.server[1],noOfSuccessPackets: 9,,,0
LoRaSim-MinimalTopology-0-20240420-22:11:43-13132,scalar,LoRa.server[1],noOfHostsInSFTier: 9,,,204
LoRaSim-MinimalTopology-0-20240420-22:11:43-13132,scalar,LoRa.server[1],SF: 10,,,0
LoRaSim-MinimalTopology-0-20240420-22:11:43-13132,scalar,LoRa.server[1],rcvCounter: 10,,,0
LoRaSim-MinimalTopology-0-20240420-22:11:43-13132,scalar,LoRa.server[1],noOfCollidedPackets: 10,,,0
LoRaSim-MinimalTopology-0-20240420-22:11:43-13132,scalar,LoRa.server[1],noOfSuccessPackets: 10,,,0
LoRaSim-MinimalTopology-0-20240420-22:11:43-13132,scalar,LoRa.server[1],noOfHostsInSFTier: 10,,,301
LoRaSim-MinimalTopology-0-20240420-22:11:43-13132,scalar,LoRa.server[1],SF: 11,,,0
LoRaSim-MinimalTopology-0-20240420-22:11:43-13132,scalar,LoRa.server[1],rcvCounter: 11,,,0
LoRaSim-MinimalTopology-0-20240420-22:11:43-13132,scalar,LoRa.server[1],noOfCollidedPackets: 11,,,0
LoRaSim-MinimalTopology-0-20240420-22:11:43-13132,scalar,LoRa.server[1],noOfSuccessPackets: 11,,,0
LoRaSim-MinimalTopology-0-20240420-22:11:43-13132,scalar,LoRa.server[1],noOfHostsInSFTier: 11,,,391
LoRaSim-MinimalTopology-0-20240420-22:11:43-13132,scalar,LoRa.server[1],SF: 12,,,0.96878935185185
LoRaSim-MinimalTopology-0-20240420-22:11:43-13132,scalar,LoRa.server[1],rcvCounter: 12,,,783423
LoRaSim-MinimalTopology-0-20240420-22:11:43-13132,scalar,LoRa.server[1],noOfCollidedPackets: 12,,,364906
LoRaSim-MinimalTopology-0-20240420-22:11:43-13132,scalar,LoRa.server[1],noOfSuccessPackets: 12,,,418517
LoRaSim-MinimalTopology-0-20240420-22:11:43-13132,scalar,LoRa.server[1],noOfHostsInSFTier: 12,,,667
LoRaSim-MinimalTopology-0-20240420-22:11:43-13132,scalar,LoRa.server[1],totalSuccessRate,,,0.96878935185185
LoRaSim-MinimalTopology-0-20240420-22:11:43-13132,scalar,LoRa.server[1],totalSuccessProb,,,0.53421587060885
LoRaSim-MinimalTopology-0-20240420-22:11:43-13132,scalar,LoRa.server[1],duration,,,432000
LoRaSim-MinimalTopology-0-20240420-22:11:43-13132,scalar,LoRa.server[2],SF: 7,,,0
LoRaSim-MinimalTopology-0-20240420-22:11:43-13132,scalar,LoRa.server[2],rcvCounter: 7,,,0
LoRaSim-MinimalTopology-0-20240420-22:11:43-13132,scalar,LoRa.server[2],noOfCollidedPackets: 7,,,0
LoRaSim-MinimalTopology-0-20240420-22:11:43-13132,scalar,LoRa.server[2],noOfSuccessPackets: 7,,,0
LoRaSim-MinimalTopology-0-20240420-22:11:43-13132,scalar,LoRa.server[2],noOfHostsInSFTier: 7,,,305
LoRaSim-MinimalTopology-0-20240420-22:11:43-13132,scalar,LoRa.server[2],SF: 8,,,0
LoRaSim-MinimalTopology-0-20240420-22:11:43-13132,scalar,LoRa.server[2],rcvCounter: 8,,,0
LoRaSim-MinimalTopology-0-20240420-22:11:43-13132,scalar,LoRa.server[2],noOfCollidedPackets: 8,,,0
LoRaSim-MinimalTopology-0-20240420-22:11:43-13132,scalar,LoRa.server[2],noOfSuccessPackets: 8,,,0
LoRaSim-MinimalTopology-0-20240420-22:11:43-13132,scalar,LoRa.server[2],noOfHostsInSFTier: 8,,,131
LoRaSim-MinimalTopology-0-20240420-22:11:43-13132,scalar,LoRa.server[2],SF: 9,,,0
LoRaSim-MinimalTopology-0-20240420-22:11:43-13132,scalar,LoRa.server[2],rcvCounter: 9,,,0
LoRaSim-MinimalTopology-0-20240420-22:11:43-13132,scalar,LoRa.server[2],noOfCollidedPackets: 9,,,0
LoRaSim-MinimalTopology-0-20240420-22:11:43-13132,scalar,LoRa.server[2],noOfSuccessPackets: 9,,,0
LoRaSim-MinimalTopology-0-20240420-22:11:43-13132,scalar,LoRa.server[2],noOfHostsInSFTier: 9,,,204
LoRaSim-MinimalTopology-0-20240420-22:11:43-13132,scalar,LoRa.server[2],SF: 10,,,0
LoRaSim-MinimalTopology-0-20240420-22:11:43-13132,scalar,LoRa.server[2],rcvCounter: 10,,,0
LoRaSim-MinimalTopology-0-20240420-22:11:43-13132,scalar,LoRa.server[2],noOfCollidedPackets: 10,,,0
LoRaSim-MinimalTopology-0-20240420-22:11:43-13132,scalar,LoRa.server[2],noOfSuccessPackets: 10,,,0
LoRaSim-MinimalTopology-0-20240420-22:11:43-13132,scalar,LoRa.server[2],noOfHostsInSFTier: 10,,,301
LoRaSim-MinimalTopology-0-20240420-22:11:43-13132,scalar,LoRa.server[2],SF: 11,,,0
LoRaSim-MinimalTopology-0-20240420-22:11:43-13132,scalar,LoRa.server[2],rcvCounter: 11,,,0
LoRaSim-MinimalTopology-0-20240420-22:11:43-13132,scalar,LoRa.server[2],noOfCollidedPackets: 11,,,0
LoRaSim-MinimalTopology-0-20240420-22:11:43-13132,scalar,LoRa.server[2],noOfSuccessPackets: 11,,,0
LoRaSim-MinimalTopology-0-20240420-22:11:43-13132,scalar,LoRa.server[2],noOfHostsInSFTier: 11,,,391
LoRaSim-MinimalTopology-0-20240420-22:11:43-13132,scalar,LoRa.server[2],SF: 12,,,0.49049537037037
LoRaSim-MinimalTopology-0-20240420-22:11:43-13132,scalar,LoRa.server[2],rcvCounter: 12,,,264683
LoRaSim-MinimalTopology-0-20240420-22:11:43-13132,scalar,LoRa.server[2],noOfCollidedPackets: 12,,,52789
LoRaSim-MinimalTopology-0-20240420-22:11:43-13132,scalar,LoRa.server[2],noOfSuccessPackets: 12,,,211894
LoRaSim-MinimalTopology-0-20240420-22:11:43-13132,scalar,LoRa.server[2],noOfHostsInSFTier: 12,,,667
LoRaSim-MinimalTopology-0-20240420-22:11:43-13132,scalar,LoRa.server[2],totalSuccessRate,,,0.49049537037037
LoRaSim-MinimalTopology-0-20240420-22:11:43-13132,scalar,LoRa.server[2],totalSuccessProb,,,0.80055764820559
LoRaSim-MinimalTopology-0-20240420-22:11:43-13132,scalar,LoRa.server[2],duration,,,432000
LoRaSim-MinimalTopology-0-20240420-22:11:43-13132,scalar,LoRa.host[0],numOfHostsPerSF_Server0_SF7,,,141
LoRaSim-MinimalTopology-0-20240420-22:11:43-13132,scalar,LoRa.host[0],numOfHostsPerSF_Server0_SF8,,,63
LoRaSim-MinimalTopology-0-20240420-22:11:43-13132,scalar,LoRa.host[0],numOfHostsPerSF_Server0_SF9,,,76
LoRaSim-MinimalTopology-0-20240420-22:11:43-13132,scalar,LoRa.host[0],numOfHostsPerSF_Server0_SF10,,,62
LoRaSim-MinimalTopology-0-20240420-22:11:43-13132,scalar,LoRa.host[0],numOfHostsPerSF_Server0_SF11,,,43
LoRaSim-MinimalTopology-0-20240420-22:11:43-13132,scalar,LoRa.host[0],numOfHostsPerSF_Server0_SF12,,,27
LoRaSim-MinimalTopology-0-20240420-22:11:43-13132,scalar,LoRa.host[0],numOfHostsPerSF_Server1_SF7,,,305
LoRaSim-MinimalTopology-0-20240420-22:11:43-13132,scalar,LoRa.host[0],numOfHostsPerSF_Server1_SF8,,,131
LoRaSim-MinimalTopology-0-20240420-22:11:43-13132,scalar,LoRa.host[0],numOfHostsPerSF_Server1_SF9,,,171
LoRaSim-MinimalTopology-0-20240420-22:11:43-13132,scalar,LoRa.host[0],numOfHostsPerSF_Server1_SF10,,,166
LoRaSim-MinimalTopology-0-20240420-22:11:43-13132,scalar,LoRa.host[0],numOfHostsPerSF_Server1_SF11,,,172
LoRaSim-MinimalTopology-0-20240420-22:11:43-13132,scalar,LoRa.host[0],numOfHostsPerSF_Server1_SF12,,,242
LoRaSim-MinimalTopology-0-20240420-22:11:43-13132,scalar,LoRa.host[0],numOfHostsPerSF_Server2_SF7,,,133
LoRaSim-MinimalTopology-0-20240420-22:11:43-13132,scalar,LoRa.host[0],numOfHostsPerSF_Server2_SF8,,,74
LoRaSim-MinimalTopology-0-20240420-22:11:43-13132,scalar,LoRa.host[0],numOfHostsPerSF_Server2_SF9,,,68
LoRaSim-MinimalTopology-0-20240420-22:11:43-13132,scalar,LoRa.host[0],numOfHostsPerSF_Server2_SF10,,,66
LoRaSim-MinimalTopology-0-20240420-22:11:43-13132,scalar,LoRa.host[0],numOfHostsPerSF_Server2_SF11,,,38
LoRaSim-MinimalTopology-0-20240420-22:11:43-13132,scalar,LoRa.host[0],numOfHostsPerSF_Server2_SF12,,,22
LoRaSim-MinimalTopology-0-20240420-22:11:43-13132,scalar,_runattrs_,M,,,3
LoRaSim-MinimalTopology-0-20240420-22:11:43-13132,scalar,_runattrs_,N,,,2000
