run,type,module,name,attrname,attrvalue,value
LoRaSim-MinimalTopology-0-20240420-21:03:04-11732,runattr,,,configname,LoRaSim-MinimalTopology,
LoRaSim-MinimalTopology-0-20240420-21:03:04-11732,runattr,,,datetime,20240420-21:03:04,
LoRaSim-MinimalTopology-0-20240420-21:03:04-11732,runattr,,,experiment,LoRaSim-MinimalTopology,
LoRaSim-MinimalTopology-0-20240420-21:03:04-11732,runattr,,,inifile,omnetpp.ini,
LoRaSim-MinimalTopology-0-20240420-21:03:04-11732,runattr,,,iterationvars,"$N=3000, $M=2",
LoRaSim-MinimalTopology-0-20240420-21:03:04-11732,runattr,,,iterationvarsf,"N=3000,M=2-",
LoRaSim-MinimalTopology-0-20240420-21:03:04-11732,runattr,,,measurement,"$N=3000, $M=2",
LoRaSim-MinimalTopology-0-20240420-21:03:04-11732,runattr,,,network,LoRa,
LoRaSim-MinimalTopology-0-20240420-21:03:04-11732,runattr,,,processid,11732,
LoRaSim-MinimalTopology-0-20240420-21:03:04-11732,runattr,,,repetition,0,
LoRaSim-MinimalTopology-0-20240420-21:03:04-11732,runattr,,,replication,#0,
LoRaSim-MinimalTopology-0-20240420-21:03:04-11732,runattr,,,resultdir,results,
LoRaSim-MinimalTopology-0-20240420-21:03:04-11732,runattr,,,runnumber,0,
LoRaSim-MinimalTopology-0-20240420-21:03:04-11732,runattr,,,seedset,0,
LoRaSim-MinimalTopology-0-20240420-21:03:04-11732,itervar,,,M,2,
LoRaSim-MinimalTopology-0-20240420-21:03:04-11732,itervar,,,N,3000,
LoRaSim-MinimalTopology-0-20240420-21:03:04-11732,param,,,LoRa.host[*].isBufferingEvents,false,
LoRaSim-MinimalTopology-0-20240420-21:03:04-11732,param,,,LoRa.host[*].addFrameHeader,false,
LoRaSim-MinimalTopology-0-20240420-21:03:04-11732,param,,,LoRa.host[*].nbOfChannels,3,
LoRaSim-MinimalTopology-0-20240420-21:03:04-11732,param,,,LoRa.numHosts,3000,
LoRaSim-MinimalTopology-0-20240420-21:03:04-11732,param,,,LoRa.host[*].iaTime,exponential(600s),
LoRaSim-MinimalTopology-0-20240420-21:03:04-11732,param,,,LoRa.host[*].pkLenBits,160b,
LoRaSim-MinimalTopology-0-20240420-21:03:04-11732,param,,,LoRa.netR,6333.83 m,
LoRaSim-MinimalTopology-0-20240420-21:03:04-11732,param,,,LoRa.server[*].pathlossExp,3,
LoRaSim-MinimalTopology-0-20240420-21:03:04-11732,param,,,LoRa.server[*].BW,125,
LoRaSim-MinimalTopology-0-20240420-21:03:04-11732,param,,,LoRa.numServers,2,
LoRaSim-MinimalTopology-0-20240420-21:03:04-11732,param,,,LoRa.server[0].x,-6333.83m,
LoRaSim-MinimalTopology-0-20240420-21:03:04-11732,param,,,LoRa.server[1].x,6333.83m,
LoRaSim-MinimalTopology-0-20240420-21:03:04-11732,param,,,LoRa.server[*].y,0,
LoRaSim-MinimalTopology-0-20240420-21:03:04-11732,param,,,**.animationHoldTimeOnCollision,0s,
LoRaSim-MinimalTopology-0-20240420-21:03:04-11732,param,,,**.idleAnimationSpeed,1,
LoRaSim-MinimalTopology-0-20240420-21:03:04-11732,param,,,**.transmissionEdgeAnimationSpeed,1e-6,
LoRaSim-MinimalTopology-0-20240420-21:03:04-11732,param,,,**.midTransmissionAnimationSpeed,1e-1,
LoRaSim-MinimalTopology-0-20240420-21:03:04-11732,param,,,LoRa.slotTime,0,
LoRaSim-MinimalTopology-0-20240420-21:03:04-11732,param,,,LoRa.dutyCycleActive,true,
LoRaSim-MinimalTopology-0-20240420-21:03:04-11732,scalar,LoRa.server[0],SF: 7,,,0
LoRaSim-MinimalTopology-0-20240420-21:03:04-11732,scalar,LoRa.server[0],rcvCounter: 7,,,0
LoRaSim-MinimalTopology-0-20240420-21:03:04-11732,scalar,LoRa.server[0],noOfCollidedPackets: 7,,,0
LoRaSim-MinimalTopology-0-20240420-21:03:04-11732,scalar,LoRa.server[0],noOfSuccessPackets: 7,,,0
LoRaSim-MinimalTopology-0-20240420-21:03:04-11732,scalar,LoRa.server[0],noOfHostsInSFTier: 7,,,446
LoRaSim-MinimalTopology-0-20240420-21:03:04-11732,scalar,LoRa.server[0],SF: 8,,,0
LoRaSim-MinimalTopology-0-20240420-21:03:04-11732,scalar,LoRa.server[0],rcvCounter: 8,,,0
LoRaSim-MinimalTopology-0-20240420-21:03:04-11732,scalar,LoRa.server[0],noOfCollidedPackets: 8,,,0
LoRaSim-MinimalTopology-0-20240420-21:03:04-11732,scalar,LoRa.server[0],noOfSuccessPackets: 8,,,0
LoRaSim-MinimalTopology-0-20240420-21:03:04-11732,scalar,LoRa.server[0],noOfHostsInSFTier: 8,,,182
LoRaSim-MinimalTopology-0-20240420-21:03:04-11732,scalar,LoRa.server[0],SF: 9,,,0
LoRaSim-MinimalTopology-0-20240420-21:03:04-11732,scalar,LoRa.server[0],rcvCounter: 9,,,0
LoRaSim-MinimalTopology-0-20240420-21:03:04-11732,scalar,LoRa.server[0],noOfCollidedPackets: 9,,,0
LoRaSim-MinimalTopology-0-20240420-21:03:04-11732,scalar,LoRa.server[0],noOfSuccessPackets: 9,,,0
LoRaSim-MinimalTopology-0-20240420-21:03:04-11732,scalar,LoRa.server[0],noOfHostsInSFTier: 9,,,317
LoRaSim-MinimalTopology-0-20240420-21:03:04-11732,scalar,LoRa.server[0],SF: 10,,,0
LoRaSim-MinimalTopology-0-20240420-21:03:04-11732,scalar,LoRa.server[0],rcvCounter: 10,,,0
LoRaSim-MinimalTopology-0-20240420-21:03:04-11732,scalar,LoRa.server[0],noOfCollidedPackets: 10,,,0
LoRaSim-MinimalTopology-0-20240420-21:03:04-11732,scalar,LoRa.server[0],noOfSuccessPackets: 10,,,0
LoRaSim-MinimalTopology-0-20240420-21:03:04-11732,scalar,LoRa.server[0],noOfHostsInSFTier: 10,,,459
LoRaSim-MinimalTopology-0-20240420-21:03:04-11732,scalar,LoRa.server[0],SF: 11,,,0
LoRaSim-MinimalTopology-0-20240420-21:03:04-11732,scalar,LoRa.server[0],rcvCounter: 11,,,0
LoRaSim-MinimalTopology-0-20240420-21:03:04-11732,scalar,LoRa.server[0],noOfCollidedPackets: 11,,,0
LoRaSim-MinimalTopology-0-20240420-21:03:04-11732,scalar,LoRa.server[0],noOfSuccessPackets: 11,,,0
LoRaSim-MinimalTopology-0-20240420-21:03:04-11732,scalar,LoRa.server[0],noOfHostsInSFTier: 11,,,602
LoRaSim-MinimalTopology-0-20240420-21:03:04-11732,scalar,LoRa.server[0],SF: 12,,,0.96163657407407
LoRaSim-MinimalTopology-0-20240420-21:03:04-11732,scalar,LoRa.server[0],rcvCounter: 12,,,777429
LoRaSim-MinimalTopology-0-20240420-21:03:04-11732,scalar,LoRa.server[0],noOfCollidedPackets: 12,,,362002
LoRaSim-MinimalTopology-0-20240420-21:03:04-11732,scalar,LoRa.server[0],noOfSuccessPackets: 12,,,415427
LoRaSim-MinimalTopology-0-20240420-21:03:04-11732,scalar,LoRa.server[0],noOfHostsInSFTier: 12,,,991
LoRaSim-MinimalTopology-0-20240420-21:03:04-11732,scalar,LoRa.server[0],totalSuccessRate,,,0.96163657407407
LoRaSim-MinimalTopology-0-20240420-21:03:04-11732,scalar,LoRa.server[0],totalSuccessProb,,,0.53436005088568
LoRaSim-MinimalTopology-0-20240420-21:03:04-11732,scalar,LoRa.server[0],duration,,,432000
LoRaSim-MinimalTopology-0-20240420-21:03:04-11732,scalar,LoRa.server[1],SF: 7,,,0
LoRaSim-MinimalTopology-0-20240420-21:03:04-11732,scalar,LoRa.server[1],rcvCounter: 7,,,0
LoRaSim-MinimalTopology-0-20240420-21:03:04-11732,scalar,LoRa.server[1],noOfCollidedPackets: 7,,,0
LoRaSim-MinimalTopology-0-20240420-21:03:04-11732,scalar,LoRa.server[1],noOfSuccessPackets: 7,,,0
LoRaSim-MinimalTopology-0-20240420-21:03:04-11732,scalar,LoRa.server[1],noOfHostsInSFTier: 7,,,446
LoRaSim-MinimalTopology-0-20240420-21:03:04-11732,scalar,LoRa.server[1],SF: 8,,,0
LoRaSim-MinimalTopology-0-20240420-21:03:04-11732,scalar,LoRa.server[1],rcvCounter: 8,,,0
LoRaSim-MinimalTopology-0-20240420-21:03:04-11732,scalar,LoRa.server[1],noOfCollidedPackets: 8,,,0
LoRaSim-MinimalTopology-0-20240420-21:03:04-11732,scalar,LoRa.server[1],noOfSuccessPackets: 8,,,0
LoRaSim-MinimalTopology-0-20240420-21:03:04-11732,scalar,LoRa.server[1],noOfHostsInSFTier: 8,,,182
LoRaSim-MinimalTopology-0-20240420-21:03:04-11732,scalar,LoRa.server[1],SF: 9,,,0
LoRaSim-MinimalTopology-0-20240420-21:03:04-11732,scalar,LoRa.server[1],rcvCounter: 9,,,0
LoRaSim-MinimalTopology-0-20240420-21:03:04-11732,scalar,LoRa.server[1],noOfCollidedPackets: 9,,,0
LoRaSim-MinimalTopology-0-20240420-21:03:04-11732,scalar,LoRa.server[1],noOfSuccessPackets: 9,,,0
LoRaSim-MinimalTopology-0-20240420-21:03:04-11732,scalar,LoRa.server[1],noOfHostsInSFTier: 9,,,317
LoRaSim-MinimalTopology-0-20240420-21:03:04-11732,scalar,LoRa.server[1],SF: 10,,,0
LoRaSim-MinimalTopology-0-20240420-21:03:04-11732,scalar,LoRa.server[1],rcvCounter: 10,,,0
LoRaSim-MinimalTopology-0-20240420-21:03:04-11732,scalar,LoRa.server[1],noOfCollidedPackets: 10,,,0
LoRaSim-MinimalTopology-0-20240420-21:03:04-11732,scalar,LoRa.server[1],noOfSuccessPackets: 10,,,0
LoRaSim-MinimalTopology-0-20240420-21:03:04-11732,scalar,LoRa.server[1],noOfHostsInSFTier: 10,,,459
LoRaSim-MinimalTopology-0-20240420-21:03:04-11732,scalar,LoRa.server[1],SF: 11,,,0
LoRaSim-MinimalTopology-0-20240420-21:03:04-11732,scalar,LoRa.server[1],rcvCounter: 11,,,0
LoRaSim-MinimalTopology-0-20240420-21:03:04-11732,scalar,LoRa.server[1],noOfCollidedPackets: 11,,,0
LoRaSim-MinimalTopology-0-20240420-21:03:04-11732,scalar,LoRa.server[1],noOfSuccessPackets: 11,,,0
LoRaSim-MinimalTopology-0-20240420-21:03:04-11732,scalar,LoRa.server[1],noOfHostsInSFTier: 11,,,602
LoRaSim-MinimalTopology-0-20240420-21:03:04-11732,scalar,LoRa.server[1],SF: 12,,,0.95659259259259
LoRaSim-MinimalTopology-0-20240420-21:03:04-11732,scalar,LoRa.server[1],rcvCounter: 12,,,761958
LoRaSim-MinimalTopology-0-20240420-21:03:04-11732,scalar,LoRa.server[1],noOfCollidedPackets: 12,,,348710
LoRaSim-MinimalTopology-0-20240420-21:03:04-11732,scalar,LoRa.server[1],noOfSuccessPackets: 12,,,413248
LoRaSim-MinimalTopology-0-20240420-21:03:04-11732,scalar,LoRa.server[1],noOfHostsInSFTier: 12,,,991
LoRaSim-MinimalTopology-0-20240420-21:03:04-11732,scalar,LoRa.server[1],totalSuccessRate,,,0.95659259259259
LoRaSim-MinimalTopology-0-20240420-21:03:04-11732,scalar,LoRa.server[1],totalSuccessProb,,,0.54235010328653
LoRaSim-MinimalTopology-0-20240420-21:03:04-11732,scalar,LoRa.server[1],duration,,,432000
LoRaSim-MinimalTopology-0-20240420-21:03:04-11732,scalar,LoRa.host[0],numOfHostsPerSF_Server0_SF7,,,204
LoRaSim-MinimalTopology-0-20240420-21:03:04-11732,scalar,LoRa.host[0],numOfHostsPerSF_Server0_SF8,,,93
LoRaSim-MinimalTopology-0-20240420-21:03:04-11732,scalar,LoRa.host[0],numOfHostsPerSF_Server0_SF9,,,135
LoRaSim-MinimalTopology-0-20240420-21:03:04-11732,scalar,LoRa.host[0],numOfHostsPerSF_Server0_SF10,,,171
LoRaSim-MinimalTopology-0-20240420-21:03:04-11732,scalar,LoRa.host[0],numOfHostsPerSF_Server0_SF11,,,242
LoRaSim-MinimalTopology-0-20240420-21:03:04-11732,scalar,LoRa.host[0],numOfHostsPerSF_Server0_SF12,,,335
LoRaSim-MinimalTopology-0-20240420-21:03:04-11732,scalar,LoRa.host[0],numOfHostsPerSF_Server1_SF7,,,202
LoRaSim-MinimalTopology-0-20240420-21:03:04-11732,scalar,LoRa.host[0],numOfHostsPerSF_Server1_SF8,,,105
LoRaSim-MinimalTopology-0-20240420-21:03:04-11732,scalar,LoRa.host[0],numOfHostsPerSF_Server1_SF9,,,119
LoRaSim-MinimalTopology-0-20240420-21:03:04-11732,scalar,LoRa.host[0],numOfHostsPerSF_Server1_SF10,,,181
LoRaSim-MinimalTopology-0-20240420-21:03:04-11732,scalar,LoRa.host[0],numOfHostsPerSF_Server1_SF11,,,261
LoRaSim-MinimalTopology-0-20240420-21:03:04-11732,scalar,LoRa.host[0],numOfHostsPerSF_Server1_SF12,,,287
LoRaSim-MinimalTopology-0-20240420-21:03:04-11732,scalar,_runattrs_,M,,,2
LoRaSim-MinimalTopology-0-20240420-21:03:04-11732,scalar,_runattrs_,N,,,3000
