run,type,module,name,attrname,attrvalue,value
LoRaSim-MinimalTopology-0-20240420-21:57:42-12816,runattr,,,configname,LoRaSim-MinimalTopology,
LoRaSim-MinimalTopology-0-20240420-21:57:42-12816,runattr,,,datetime,20240420-21:57:42,
LoRaSim-MinimalTopology-0-20240420-21:57:42-12816,runattr,,,experiment,LoRaSim-MinimalTopology,
LoRaSim-MinimalTopology-0-20240420-21:57:42-12816,runattr,,,inifile,omnetpp.ini,
LoRaSim-MinimalTopology-0-20240420-21:57:42-12816,runattr,,,iterationvars,"$N=5000, $M=2",
LoRaSim-MinimalTopology-0-20240420-21:57:42-12816,runattr,,,iterationvarsf,"N=5000,M=2-",
LoRaSim-MinimalTopology-0-20240420-21:57:42-12816,runattr,,,measurement,"$N=5000, $M=2",
LoRaSim-MinimalTopology-0-20240420-21:57:42-12816,runattr,,,network,LoRa,
LoRaSim-MinimalTopology-0-20240420-21:57:42-12816,runattr,,,processid,12816,
LoRaSim-MinimalTopology-0-20240420-21:57:42-12816,runattr,,,repetition,0,
LoRaSim-MinimalTopology-0-20240420-21:57:42-12816,runattr,,,replication,#0,
LoRaSim-MinimalTopology-0-20240420-21:57:42-12816,runattr,,,resultdir,results,
LoRaSim-MinimalTopology-0-20240420-21:57:42-12816,runattr,,,runnumber,0,
LoRaSim-MinimalTopology-0-20240420-21:57:42-12816,runattr,,,seedset,0,
LoRaSim-MinimalTopology-0-20240420-21:57:42-12816,itervar,,,M,2,
LoRaSim-MinimalTopology-0-20240420-21:57:42-12816,itervar,,,N,5000,
LoRaSim-MinimalTopology-0-20240420-21:57:42-12816,param,,,LoRa.host[*].isBufferingEvents,false,
LoRaSim-MinimalTopology-0-20240420-21:57:42-12816,param,,,LoRa.host[*].addFrameHeader,false,
LoRaSim-MinimalTopology-0-20240420-21:57:42-12816,param,,,LoRa.host[*].nbOfChannels,3,
LoRaSim-MinimalTopology-0-20240420-21:57:42-12816,param,,,LoRa.numHosts,5000,
LoRaSim-MinimalTopology-0-20240420-21:57:42-12816,param,,,LoRa.host[*].iaTime,exponential(600s),
LoRaSim-MinimalTopology-0-20240420-21:57:42-12816,param,,,LoRa.host[*].pkLenBits,160b,
LoRaSim-MinimalTopology-0-20240420-21:57:42-12816,param,,,LoRa.netR,6333.83 m,
LoRaSim-MinimalTopology-0-20240420-21:57:42-12816,param,,,LoRa.server[*].pathlossExp,3,
LoRaSim-MinimalTopology-0-20240420-21:57:42-12816,param,,,LoRa.server[*].BW,125,
LoRaSim-MinimalTopology-0-20240420-21:57:42-12816,param,,,LoRa.numServers,2,
LoRaSim-MinimalTopology-0-20240420-21:57:42-12816,param,,,LoRa.server[0].x,-6333.83m,
LoRaSim-MinimalTopology-0-20240420-21:57:42-12816,param,,,LoRa.server[1].x,6333.83m,
LoRaSim-MinimalTopology-0-20240420-21:57:42-12816,param,,,LoRa.server[*].y,0,
LoRaSim-MinimalTopology-0-20240420-21:57:42-12816,param,,,**.animationHoldTimeOnCollision,0s,
LoRaSim-MinimalTopology-0-20240420-21:57:42-12816,param,,,**.idleAnimationSpeed,1,
LoRaSim-MinimalTopology-0-20240420-21:57:42-12816,param,,,**.transmissionEdgeAnimationSpeed,1e-6,
LoRaSim-MinimalTopology-0-20240420-21:57:42-12816,param,,,**.midTransmissionAnimationSpeed,1e-1,
LoRaSim-MinimalTopology-0-20240420-21:57:42-12816,param,,,LoRa.slotTime,0,
LoRaSim-MinimalTopology-0-20240420-21:57:42-12816,param,,,LoRa.dutyCycleActive,true,
LoRaSim-MinimalTopology-0-20240420-21:57:42-12816,scalar,LoRa.server[0],SF: 7,,,0
LoRaSim-MinimalTopology-0-20240420-21:57:42-12816,scalar,LoRa.server[0],rcvCounter: 7,,,0
LoRaSim-MinimalTopology-0-20240420-21:57:42-12816,scalar,LoRa.server[0],noOfCollidedPackets: 7,,,0
LoRaSim-MinimalTopology-0-20240420-21:57:42-12816,scalar,LoRa.server[0],noOfSuccessPackets: 7,,,0
LoRaSim-MinimalTopology-0-20240420-21:57:42-12816,scalar,LoRa.server[0],noOfHostsInSFTier: 7,,,739
LoRaSim-MinimalTopology-0-20240420-21:57:42-12816,scalar,LoRa.server[0],SF: 8,,,0
LoRaSim-MinimalTopology-0-20240420-21:57:42-12816,scalar,LoRa.server[0],rcvCounter: 8,,,0
LoRaSim-MinimalTopology-0-20240420-21:57:42-12816,scalar,LoRa.server[0],noOfCollidedPackets: 8,,,0
LoRaSim-MinimalTopology-0-20240420-21:57:42-12816,scalar,LoRa.server[0],noOfSuccessPackets: 8,,,0
LoRaSim-MinimalTopology-0-20240420-21:57:42-12816,scalar,LoRa.server[0],noOfHostsInSFTier: 8,,,331
LoRaSim-MinimalTopology-0-20240420-21:57:42-12816,scalar,LoRa.server[0],SF: 9,,,0
LoRaSim-MinimalTopology-0-20240420-21:57:42-12816,scalar,LoRa.server[0],rcvCounter: 9,,,0
LoRaSim-MinimalTopology-0-20240420-21:57:42-12816,scalar,LoRa.server[0],noOfCollidedPackets: 9,,,0
LoRaSim-MinimalTopology-0-20240420-21:57:42-12816,scalar,LoRa.server[0],noOfSuccessPackets: 9,,,0
LoRaSim-MinimalTopology-0-20240420-21:57:42-12816,scalar,LoRa.server[0],noOfHostsInSFTier: 9,,,539
LoRaSim-MinimalTopology-0-20240420-21:57:42-12816,scalar,LoRa.server[0],SF: 10,,,0
LoRaSim-MinimalTopology-0-20240420-21:57:42-12816,scalar,LoRa.server[0],rcvCounter: 10,,,0
LoRaSim-MinimalTopology-0-20240420-21:57:42-12816,scalar,LoRa.server[0],noOfCollidedPackets: 10,,,0
LoRaSim-MinimalTopology-0-20240420-21:57:42-12816,scalar,LoRa.server[0],noOfSuccessPackets: 10,,,0
LoRaSim-MinimalTopology-0-20240420-21:57:42-12816,scalar,LoRa.server[0],noOfHostsInSFTier: 10,,,767
LoRaSim-MinimalTopology-0-20240420-21:57:42-12816,scalar,LoRa.server[0],SF: 11,,,0
LoRaSim-MinimalTopology-0-20240420-21:57:42-12816,scalar,LoRa.server[0],rcvCounter: 11,,,0
LoRaSim-MinimalTopology-0-20240420-21:57:42-12816,scalar,LoRa.server[0],noOfCollidedPackets: 11,,,0
LoRaSim-MinimalTopology-0-20240420-21:57:42-12816,scalar,LoRa.server[0],noOfSuccessPackets: 11,,,0
LoRaSim-MinimalTopology-0-20240420-21:57:42-12816,scalar,LoRa.server[0],noOfHostsInSFTier: 11,,,1043
LoRaSim-MinimalTopology-0-20240420-21:57:42-12816,scalar,LoRa.server[0],SF: 12,,,1.1200902777778
LoRaSim-MinimalTopology-0-20240420-21:57:42-12816,scalar,LoRa.server[0],rcvCounter: 12,,,1284129
LoRaSim-MinimalTopology-0-20240420-21:57:42-12816,scalar,LoRa.server[0],noOfCollidedPackets: 12,,,800250
LoRaSim-MinimalTopology-0-20240420-21:57:42-12816,scalar,LoRa.server[0],noOfSuccessPackets: 12,,,483879
LoRaSim-MinimalTopology-0-20240420-21:57:42-12816,scalar,LoRa.server[0],noOfHostsInSFTier: 12,,,1577
LoRaSim-MinimalTopology-0-20240420-21:57:42-12816,scalar,LoRa.server[0],totalSuccessRate,,,1.1200902777778
LoRaSim-MinimalTopology-0-20240420-21:57:42-12816,scalar,LoRa.server[0],totalSuccessProb,,,0.37681494616195
LoRaSim-MinimalTopology-0-20240420-21:57:42-12816,scalar,LoRa.server[0],duration,,,432000
LoRaSim-MinimalTopology-0-20240420-21:57:42-12816,scalar,LoRa.server[1],SF: 7,,,0
LoRaSim-MinimalTopology-0-20240420-21:57:42-12816,scalar,LoRa.server[1],rcvCounter: 7,,,0
LoRaSim-MinimalTopology-0-20240420-21:57:42-12816,scalar,LoRa.server[1],noOfCollidedPackets: 7,,,0
LoRaSim-MinimalTopology-0-20240420-21:57:42-12816,scalar,LoRa.server[1],noOfSuccessPackets: 7,,,0
LoRaSim-MinimalTopology-0-20240420-21:57:42-12816,scalar,LoRa.server[1],noOfHostsInSFTier: 7,,,739
LoRaSim-MinimalTopology-0-20240420-21:57:42-12816,scalar,LoRa.server[1],SF: 8,,,0
LoRaSim-MinimalTopology-0-20240420-21:57:42-12816,scalar,LoRa.server[1],rcvCounter: 8,,,0
LoRaSim-MinimalTopology-0-20240420-21:57:42-12816,scalar,LoRa.server[1],noOfCollidedPackets: 8,,,0
LoRaSim-MinimalTopology-0-20240420-21:57:42-12816,scalar,LoRa.server[1],noOfSuccessPackets: 8,,,0
LoRaSim-MinimalTopology-0-20240420-21:57:42-12816,scalar,LoRa.server[1],noOfHostsInSFTier: 8,,,331
LoRaSim-MinimalTopology-0-20240420-21:57:42-12816,scalar,LoRa.server[1],SF: 9,,,0
LoRaSim-MinimalTopology-0-20240420-21:57:42-12816,scalar,LoRa.server[1],rcvCounter: 9,,,0
LoRaSim-MinimalTopology-0-20240420-21:57:42-12816,scalar,LoRa.server[1],noOfCollidedPackets: 9,,,0
LoRaSim-MinimalTopology-0-20240420-21:57:42-12816,scalar,LoRa.server[1],noOfSuccessPackets: 9,,,0
LoRaSim-MinimalTopology-0-20240420-21:57:42-12816,scalar,LoRa.server[1],noOfHostsInSFTier: 9,,,539
LoRaSim-MinimalTopology-0-20240420-21:57:42-12816,scalar,LoRa.server[1],SF: 10,,,0
LoRaSim-MinimalTopology-0-20240420-21:57:42-12816,scalar,LoRa.server[1],rcvCounter: 10,,,0
LoRaSim-MinimalTopology-0-20240420-21:57:42-12816,scalar,LoRa.server[1],noOfCollidedPackets: 10,,,0
LoRaSim-MinimalTopology-0-20240420-21:57:42-12816,scalar,LoRa.server[1],noOfSuccessPackets: 10,,,0
LoRaSim-MinimalTopology-0-20240420-21:57:42-12816,scalar,LoRa.server[1],noOfHostsInSFTier: 10,,,767
LoRaSim-MinimalTopology-0-20240420-21:57:42-12816,scalar,LoRa.server[1],SF: 11,,,0
LoRaSim-MinimalTopology-0-20240420-21:57:42-12816,scalar,LoRa.server[1],rcvCounter: 11,,,0
LoRaSim-MinimalTopology-0-20240420-21:57:42-12816,scalar,LoRa.server[1],noOfCollidedPackets: 11,,,0
LoRaSim-MinimalTopology-0-20240420-21:57:42-12816,scalar,LoRa.server[1],noOfSuccessPackets: 11,,,0
LoRaSim-MinimalTopology-0-20240420-21:57:42-12816,scalar,LoRa.server[1],noOfHostsInSFTier: 11,,,1043
LoRaSim-MinimalTopology-0-20240420-21:57:42-12816,scalar,LoRa.server[1],SF: 12,,,1.1190023148148
LoRaSim-MinimalTopology-0-20240420-21:57:42-12816,scalar,LoRa.server[1],rcvCounter: 12,,,1283455
LoRaSim-MinimalTopology-0-20240420-21:57:42-12816,scalar,LoRa.server[1],noOfCollidedPackets: 12,,,800046
LoRaSim-MinimalTopology-0-20240420-21:57:42-12816,scalar,LoRa.server[1],noOfSuccessPackets: 12,,,483409
LoRaSim-MinimalTopology-0-20240420-21:57:42-12816,scalar,LoRa.server[1],noOfHostsInSFTier: 12,,,1577
LoRaSim-MinimalTopology-0-20240420-21:57:42-12816,scalar,LoRa.server[1],totalSuccessRate,,,1.1190023148148
LoRaSim-MinimalTopology-0-20240420-21:57:42-12816,scalar,LoRa.server[1],totalSuccessProb,,,0.37664662960525
LoRaSim-MinimalTopology-0-20240420-21:57:42-12816,scalar,LoRa.server[1],duration,,,432000
LoRaSim-MinimalTopology-0-20240420-21:57:42-12816,scalar,LoRa.host[0],numOfHostsPerSF_Server0_SF7,,,329
LoRaSim-MinimalTopology-0-20240420-21:57:42-12816,scalar,LoRa.host[0],numOfHostsPerSF_Server0_SF8,,,159
LoRaSim-MinimalTopology-0-20240420-21:57:42-12816,scalar,LoRa.host[0],numOfHostsPerSF_Server0_SF9,,,212
LoRaSim-MinimalTopology-0-20240420-21:57:42-12816,scalar,LoRa.host[0],numOfHostsPerSF_Server0_SF10,,,291
LoRaSim-MinimalTopology-0-20240420-21:57:42-12816,scalar,LoRa.host[0],numOfHostsPerSF_Server0_SF11,,,386
LoRaSim-MinimalTopology-0-20240420-21:57:42-12816,scalar,LoRa.host[0],numOfHostsPerSF_Server0_SF12,,,568
LoRaSim-MinimalTopology-0-20240420-21:57:42-12816,scalar,LoRa.host[0],numOfHostsPerSF_Server1_SF7,,,342
LoRaSim-MinimalTopology-0-20240420-21:57:42-12816,scalar,LoRa.host[0],numOfHostsPerSF_Server1_SF8,,,153
LoRaSim-MinimalTopology-0-20240420-21:57:42-12816,scalar,LoRa.host[0],numOfHostsPerSF_Server1_SF9,,,201
LoRaSim-MinimalTopology-0-20240420-21:57:42-12816,scalar,LoRa.host[0],numOfHostsPerSF_Server1_SF10,,,311
LoRaSim-MinimalTopology-0-20240420-21:57:42-12816,scalar,LoRa.host[0],numOfHostsPerSF_Server1_SF11,,,413
LoRaSim-MinimalTopology-0-20240420-21:57:42-12816,scalar,LoRa.host[0],numOfHostsPerSF_Server1_SF12,,,524
LoRaSim-MinimalTopology-0-20240420-21:57:42-12816,scalar,_runattrs_,M,,,2
LoRaSim-MinimalTopology-0-20240420-21:57:42-12816,scalar,_runattrs_,N,,,5000
