run,type,module,name,attrname,attrvalue,value
LoRaSim-MinimalTopology-0-20240420-20:58:45-10464,runattr,,,configname,LoRaSim-MinimalTopology,
LoRaSim-MinimalTopology-0-20240420-20:58:45-10464,runattr,,,datetime,20240420-20:58:45,
LoRaSim-MinimalTopology-0-20240420-20:58:45-10464,runattr,,,experiment,LoRaSim-MinimalTopology,
LoRaSim-MinimalTopology-0-20240420-20:58:45-10464,runattr,,,inifile,omnetpp.ini,
LoRaSim-MinimalTopology-0-20240420-20:58:45-10464,runattr,,,iterationvars,"$N=1000, $M=2",
LoRaSim-MinimalTopology-0-20240420-20:58:45-10464,runattr,,,iterationvarsf,"N=1000,M=2-",
LoRaSim-MinimalTopology-0-20240420-20:58:45-10464,runattr,,,measurement,"$N=1000, $M=2",
LoRaSim-MinimalTopology-0-20240420-20:58:45-10464,runattr,,,network,LoRa,
LoRaSim-MinimalTopology-0-20240420-20:58:45-10464,runattr,,,processid,10464,
LoRaSim-MinimalTopology-0-20240420-20:58:45-10464,runattr,,,repetition,0,
LoRaSim-MinimalTopology-0-20240420-20:58:45-10464,runattr,,,replication,#0,
LoRaSim-MinimalTopology-0-20240420-20:58:45-10464,runattr,,,resultdir,results,
LoRaSim-MinimalTopology-0-20240420-20:58:45-10464,runattr,,,runnumber,0,
LoRaSim-MinimalTopology-0-20240420-20:58:45-10464,runattr,,,seedset,0,
LoRaSim-MinimalTopology-0-20240420-20:58:45-10464,itervar,,,M,2,
LoRaSim-MinimalTopology-0-20240420-20:58:45-10464,itervar,,,N,1000,
LoRaSim-MinimalTopology-0-20240420-20:58:45-10464,param,,,LoRa.host[*].isBufferingEvents,false,
LoRaSim-MinimalTopology-0-20240420-20:58:45-10464,param,,,LoRa.host[*].addFrameHeader,false,
LoRaSim-MinimalTopology-0-20240420-20:58:45-10464,param,,,LoRa.host[*].nbOfChannels,3,
LoRaSim-MinimalTopology-0-20240420-20:58:45-10464,param,,,LoRa.numHosts,1000,
LoRaSim-MinimalTopology-0-20240420-20:58:45-10464,param,,,LoRa.host[*].iaTime,exponential(600s),
LoRaSim-MinimalTopology-0-20240420-20:58:45-10464,param,,,LoRa.host[*].pkLenBits,160b,
LoRaSim-MinimalTopology-0-20240420-20:58:45-10464,param,,,LoRa.netR,6333.83 m,
LoRaSim-MinimalTopology-0-20240420-20:58:45-10464,param,,,LoRa.server[*].pathlossExp,3,
LoRaSim-MinimalTopology-0-20240420-20:58:45-10464,param,,,LoRa.server[*].BW,125,
LoRaSim-MinimalTopology-0-20240420-20:58:45-10464,param,,,LoRa.numServers,2,
LoRaSim-MinimalTopology-0-20240420-20:58:45-10464,param,,,LoRa.server[0].x,-6333.83m,
LoRaSim-MinimalTopology-0-20240420-20:58:45-10464,param,,,LoRa.server[1].x,6333.83m,
LoRaSim-MinimalTopology-0-20240420-20:58:45-10464,param,,,LoRa.server[*].y,0,
LoRaSim-MinimalTopology-0-20240420-20:58:45-10464,param,,,**.animationHoldTimeOnCollision,0s,
LoRaSim-MinimalTopology-0-20240420-20:58:45-10464,param,,,**.idleAnimationSpeed,1,
LoRaSim-MinimalTopology-0-20240420-20:58:45-10464,param,,,**.transmissionEdgeAnimationSpeed,1e-6,
LoRaSim-MinimalTopology-0-20240420-20:58:45-10464,param,,,**.midTransmissionAnimationSpeed,1e-1,
LoRaSim-MinimalTopology-0-20240420-20:58:45-10464,param,,,LoRa.slotTime,0,
LoRaSim-MinimalTopology-0-20240420-20:58:45-10464,param,,,LoRa.dutyCycleActive,true,
LoRaSim-MinimalTopology-0-20240420-20:58:45-10464,scalar,LoRa.server[0],SF: 7,,,0
LoRaSim-MinimalTopology-0-20240420-20:58:45-10464,scalar,LoRa.server[0],rcvCounter: 7,,,0
LoRaSim-MinimalTopology-0-20240420-20:58:45-10464,scalar,LoRa.server[0],noOfCollidedPackets: 7,,,0
LoRaSim-MinimalTopology-0-20240420-20:58:45-10464,scalar,LoRa.server[0],noOfSuccessPackets: 7,,,0
LoRaSim-MinimalTopology-0-20240420-20:58:45-10464,scalar,LoRa.server[0],noOfHostsInSFTier: 7,,,148
LoRaSim-MinimalTopology-0-20240420-20:58:45-10464,scalar,LoRa.server[0],SF: 8,,,0
LoRaSim-MinimalTopology-0-20240420-20:58:45-10464,scalar,LoRa.server[0],rcvCounter: 8,,,0
LoRaSim-MinimalTopology-0-20240420-20:58:45-10464,scalar,LoRa.server[0],noOfCollidedPackets: 8,,,0
LoRaSim-MinimalTopology-0-20240420-20:58:45-10464,scalar,LoRa.server[0],noOfSuccessPackets: 8,,,0
LoRaSim-MinimalTopology-0-20240420-20:58:45-10464,scalar,LoRa.server[0],noOfHostsInSFTier: 8,,,64
LoRaSim-MinimalTopology-0-20240420-20:58:45-10464,scalar,LoRa.server[0],SF: 9,,,0
LoRaSim-MinimalTopology-0-20240420-20:58:45-10464,scalar,LoRa.server[0],rcvCounter: 9,,,0
LoRaSim-MinimalTopology-0-20240420-20:58:45-10464,scalar,LoRa.server[0],noOfCollidedPackets: 9,,,0
LoRaSim-MinimalTopology-0-20240420-20:58:45-10464,scalar,LoRa.server[0],noOfSuccessPackets: 9,,,0
LoRaSim-MinimalTopology-0-20240420-20:58:45-10464,scalar,LoRa.server[0],noOfHostsInSFTier: 9,,,110
LoRaSim-MinimalTopology-0-20240420-20:58:45-10464,scalar,LoRa.server[0],SF: 10,,,0
LoRaSim-MinimalTopology-0-20240420-20:58:45-10464,scalar,LoRa.server[0],rcvCounter: 10,,,0
LoRaSim-MinimalTopology-0-20240420-20:58:45-10464,scalar,LoRa.server[0],noOfCollidedPackets: 10,,,0
LoRaSim-MinimalTopology-0-20240420-20:58:45-10464,scalar,LoRa.server[0],noOfSuccessPackets: 10,,,0
LoRaSim-MinimalTopology-0-20240420-20:58:45-10464,scalar,LoRa.server[0],noOfHostsInSFTier: 10,,,168
LoRaSim-MinimalTopology-0-20240420-20:58:45-10464,scalar,LoRa.server[0],SF: 11,,,0
LoRaSim-MinimalTopology-0-20240420-20:58:45-10464,scalar,LoRa.server[0],rcvCounter: 11,,,0
LoRaSim-MinimalTopology-0-20240420-20:58:45-10464,scalar,LoRa.server[0],noOfCollidedPackets: 11,,,0
LoRaSim-MinimalTopology-0-20240420-20:58:45-10464,scalar,LoRa.server[0],noOfSuccessPackets: 11,,,0
LoRaSim-MinimalTopology-0-20240420-20:58:45-10464,scalar,LoRa.server[0],noOfHostsInSFTier: 11,,,194
LoRaSim-MinimalTopology-0-20240420-20:58:45-10464,scalar,LoRa.server[0],SF: 12,,,0.51310185185185
LoRaSim-MinimalTopology-0-20240420-20:58:45-10464,scalar,LoRa.server[0],rcvCounter: 12,,,279017
LoRaSim-MinimalTopology-0-20240420-20:58:45-10464,scalar,LoRa.server[0],noOfCollidedPackets: 12,,,57357
LoRaSim-MinimalTopology-0-20240420-20:58:45-10464,scalar,LoRa.server[0],noOfSuccessPackets: 12,,,221660
LoRaSim-MinimalTopology-0-20240420-20:58:45-10464,scalar,LoRa.server[0],noOfHostsInSFTier: 12,,,315
LoRaSim-MinimalTopology-0-20240420-20:58:45-10464,scalar,LoRa.server[0],totalSuccessRate,,,0.51310185185185
LoRaSim-MinimalTopology-0-20240420-20:58:45-10464,scalar,LoRa.server[0],totalSuccessProb,,,0.79443188049474
LoRaSim-MinimalTopology-0-20240420-20:58:45-10464,scalar,LoRa.server[0],duration,,,432000
LoRaSim-MinimalTopology-0-20240420-20:58:45-10464,scalar,LoRa.server[1],SF: 7,,,0
LoRaSim-MinimalTopology-0-20240420-20:58:45-10464,scalar,LoRa.server[1],rcvCounter: 7,,,0
LoRaSim-MinimalTopology-0-20240420-20:58:45-10464,scalar,LoRa.server[1],noOfCollidedPackets: 7,,,0
LoRaSim-MinimalTopology-0-20240420-20:58:45-10464,scalar,LoRa.server[1],noOfSuccessPackets: 7,,,0
LoRaSim-MinimalTopology-0-20240420-20:58:45-10464,scalar,LoRa.server[1],noOfHostsInSFTier: 7,,,148
LoRaSim-MinimalTopology-0-20240420-20:58:45-10464,scalar,LoRa.server[1],SF: 8,,,0
LoRaSim-MinimalTopology-0-20240420-20:58:45-10464,scalar,LoRa.server[1],rcvCounter: 8,,,0
LoRaSim-MinimalTopology-0-20240420-20:58:45-10464,scalar,LoRa.server[1],noOfCollidedPackets: 8,,,0
LoRaSim-MinimalTopology-0-20240420-20:58:45-10464,scalar,LoRa.server[1],noOfSuccessPackets: 8,,,0
LoRaSim-MinimalTopology-0-20240420-20:58:45-10464,scalar,LoRa.server[1],noOfHostsInSFTier: 8,,,64
LoRaSim-MinimalTopology-0-20240420-20:58:45-10464,scalar,LoRa.server[1],SF: 9,,,0
LoRaSim-MinimalTopology-0-20240420-20:58:45-10464,scalar,LoRa.server[1],rcvCounter: 9,,,0
LoRaSim-MinimalTopology-0-20240420-20:58:45-10464,scalar,LoRa.server[1],noOfCollidedPackets: 9,,,0
LoRaSim-MinimalTopology-0-20240420-20:58:45-10464,scalar,LoRa.server[1],noOfSuccessPackets: 9,,,0
LoRaSim-MinimalTopology-0-20240420-20:58:45-10464,scalar,LoRa.server[1],noOfHostsInSFTier: 9,,,110
LoRaSim-MinimalTopology-0-20240420-20:58:45-10464,scalar,LoRa.server[1],SF: 10,,,0
LoRaSim-MinimalTopology-0-20240420-20:58:45-10464,scalar,LoRa.server[1],rcvCounter: 10,,,0
LoRaSim-MinimalTopology-0-20240420-20:58:45-10464,scalar,LoRa.server[1],noOfCollidedPackets: 10,,,0
LoRaSim-MinimalTopology-0-20240420-20:58:45-10464,scalar,LoRa.server[1],noOfSuccessPackets: 10,,,0
LoRaSim-MinimalTopology-0-20240420-20:58:45-10464,scalar,LoRa.server[1],noOfHostsInSFTier: 10,,,168
LoRaSim-MinimalTopology-0-20240420-20:58:45-10464,scalar,LoRa.server[1],SF: 11,,,0
LoRaSim-MinimalTopology-0-20240420-20:58:45-10464,scalar,LoRa.server[1],rcvCounter: 11,,,0
LoRaSim-MinimalTopology-0-20240420-20:58:45-10464,scalar,LoRa.server[1],noOfCollidedPackets: 11,,,0
LoRaSim-MinimalTopology-0-20240420-20:58:45-10464,scalar,LoRa.server[1],noOfSuccessPackets: 11,,,0
LoRaSim-MinimalTopology-0-20240420-20:58:45-10464,scalar,LoRa.server[1],noOfHostsInSFTier: 11,,,194
LoRaSim-MinimalTopology-0-20240420-20:58:45-10464,scalar,LoRa.server[1],SF: 12,,,0.46443287037037
LoRaSim-MinimalTopology-0-20240420-20:58:45-10464,scalar,LoRa.server[1],rcvCounter: 12,,,247290
LoRaSim-MinimalTopology-0-20240420-20:58:45-10464,scalar,LoRa.server[1],noOfCollidedPackets: 12,,,46655
LoRaSim-MinimalTopology-0-20240420-20:58:45-10464,scalar,LoRa.server[1],noOfSuccessPackets: 12,,,200635
LoRaSim-MinimalTopology-0-20240420-20:58:45-10464,scalar,LoRa.server[1],noOfHostsInSFTier: 12,,,315
LoRaSim-MinimalTopology-0-20240420-20:58:45-10464,scalar,LoRa.server[1],totalSuccessRate,,,0.46443287037037
LoRaSim-MinimalTopology-0-20240420-20:58:45-10464,scalar,LoRa.server[1],totalSuccessProb,,,0.8113348699907
LoRaSim-MinimalTopology-0-20240420-20:58:45-10464,scalar,LoRa.server[1],duration,,,432000
LoRaSim-MinimalTopology-0-20240420-20:58:45-10464,scalar,LoRa.host[0],numOfHostsPerSF_Server0_SF7,,,66
LoRaSim-MinimalTopology-0-20240420-20:58:45-10464,scalar,LoRa.host[0],numOfHostsPerSF_Server0_SF8,,,35
LoRaSim-MinimalTopology-0-20240420-20:58:45-10464,scalar,LoRa.host[0],numOfHostsPerSF_Server0_SF9,,,44
LoRaSim-MinimalTopology-0-20240420-20:58:45-10464,scalar,LoRa.host[0],numOfHostsPerSF_Server0_SF10,,,66
LoRaSim-MinimalTopology-0-20240420-20:58:45-10464,scalar,LoRa.host[0],numOfHostsPerSF_Server0_SF11,,,95
LoRaSim-MinimalTopology-0-20240420-20:58:45-10464,scalar,LoRa.host[0],numOfHostsPerSF_Server0_SF12,,,118
LoRaSim-MinimalTopology-0-20240420-20:58:45-10464,scalar,LoRa.host[0],numOfHostsPerSF_Server1_SF7,,,68
LoRaSim-MinimalTopology-0-20240420-20:58:45-10464,scalar,LoRa.host[0],numOfHostsPerSF_Server1_SF8,,,30
LoRaSim-MinimalTopology-0-20240420-20:58:45-10464,scalar,LoRa.host[0],numOfHostsPerSF_Server1_SF9,,,45
LoRaSim-MinimalTopology-0-20240420-20:58:45-10464,scalar,LoRa.host[0],numOfHostsPerSF_Server1_SF10,,,64
LoRaSim-MinimalTopology-0-20240420-20:58:45-10464,scalar,LoRa.host[0],numOfHostsPerSF_Server1_SF11,,,90
LoRaSim-MinimalTopology-0-20240420-20:58:45-10464,scalar,LoRa.host[0],numOfHostsPerSF_Server1_SF12,,,78
LoRaSim-MinimalTopology-0-20240420-20:58:45-10464,scalar,_runattrs_,M,,,2
LoRaSim-MinimalTopology-0-20240420-20:58:45-10464,scalar,_runattrs_,N,,,1000
