run,type,module,name,attrname,attrvalue,value
LoRaSim-MinimalTopology-0-20240420-21:52:44-10624,runattr,,,configname,LoRaSim-MinimalTopology,
LoRaSim-MinimalTopology-0-20240420-21:52:44-10624,runattr,,,datetime,20240420-21:52:44,
LoRaSim-MinimalTopology-0-20240420-21:52:44-10624,runattr,,,experiment,LoRaSim-MinimalTopology,
LoRaSim-MinimalTopology-0-20240420-21:52:44-10624,runattr,,,inifile,omnetpp.ini,
LoRaSim-MinimalTopology-0-20240420-21:52:44-10624,runattr,,,iterationvars,"$N=4000, $M=2",
LoRaSim-MinimalTopology-0-20240420-21:52:44-10624,runattr,,,iterationvarsf,"N=4000,M=2-",
LoRaSim-MinimalTopology-0-20240420-21:52:44-10624,runattr,,,measurement,"$N=4000, $M=2",
LoRaSim-MinimalTopology-0-20240420-21:52:44-10624,runattr,,,network,LoRa,
LoRaSim-MinimalTopology-0-20240420-21:52:44-10624,runattr,,,processid,10624,
LoRaSim-MinimalTopology-0-20240420-21:52:44-10624,runattr,,,repetition,0,
LoRaSim-MinimalTopology-0-20240420-21:52:44-10624,runattr,,,replication,#0,
LoRaSim-MinimalTopology-0-20240420-21:52:44-10624,runattr,,,resultdir,results,
LoRaSim-MinimalTopology-0-20240420-21:52:44-10624,runattr,,,runnumber,0,
LoRaSim-MinimalTopology-0-20240420-21:52:44-10624,runattr,,,seedset,0,
LoRaSim-MinimalTopology-0-20240420-21:52:44-10624,itervar,,,M,2,
LoRaSim-MinimalTopology-0-20240420-21:52:44-10624,itervar,,,N,4000,
LoRaSim-MinimalTopology-0-20240420-21:52:44-10624,param,,,LoRa.host[*].isBufferingEvents,false,
LoRaSim-MinimalTopology-0-20240420-21:52:44-10624,param,,,LoRa.host[*].addFrameHeader,false,
LoRaSim-MinimalTopology-0-20240420-21:52:44-10624,param,,,LoRa.host[*].nbOfChannels,3,
LoRaSim-MinimalTopology-0-20240420-21:52:44-10624,param,,,LoRa.numHosts,4000,
LoRaSim-MinimalTopology-0-20240420-21:52:44-10624,param,,,LoRa.host[*].iaTime,exponential(600s),
LoRaSim-MinimalTopology-0-20240420-21:52:44-10624,param,,,LoRa.host[*].pkLenBits,160b,
LoRaSim-MinimalTopology-0-20240420-21:52:44-10624,param,,,LoRa.netR,6333.83 m,
LoRaSim-MinimalTopology-0-20240420-21:52:44-10624,param,,,LoRa.server[*].pathlossExp,3,
LoRaSim-MinimalTopology-0-20240420-21:52:44-10624,param,,,LoRa.server[*].BW,125,
LoRaSim-MinimalTopology-0-20240420-21:52:44-10624,param,,,LoRa.numServers,2,
LoRaSim-MinimalTopology-0-20240420-21:52:44-10624,param,,,LoRa.server[0].x,-6333.83m,
LoRaSim-MinimalTopology-0-20240420-21:52:44-10624,param,,,LoRa.server[1].x,6333.83m,
LoRaSim-MinimalTopology-0-20240420-21:52:44-10624,param,,,LoRa.server[*].y,0,
LoRaSim-MinimalTopology-0-20240420-21:52:44-10624,param,,,**.animationHoldTimeOnCollision,0s,
LoRaSim-MinimalTopology-0-20240420-21:52:44-10624,param,,,**.idleAnimationSpeed,1,
LoRaSim-MinimalTopology-0-20240420-21:52:44-10624,param,,,**.transmissionEdgeAnimationSpeed,1e-6,
LoRaSim-MinimalTopology-0-20240420-21:52:44-10624,param,,,**.midTransmissionAnimationSpeed,1e-1,
LoRaSim-MinimalTopology-0-20240420-21:52:44-10624,param,,,LoRa.slotTime,0,
LoRaSim-MinimalTopology-0-20240420-21:52:44-10624,param,,,LoRa.dutyCycleActive,true,
LoRaSim-MinimalTopology-0-20240420-21:52:44-10624,scalar,LoRa.server[0],SF: 7,,,0
LoRaSim-MinimalTopology-0-20240420-21:52:44-10624,scalar,LoRa.server[0],rcvCounter: 7,,,0
LoRaSim-MinimalTopology-0-20240420-21:52:44-10624,scalar,LoRa.server[0],noOfCollidedPackets: 7,,,0
LoRaSim-MinimalTopology-0-20240420-21:52:44-10624,scalar,LoRa.server[0],noOfSuccessPackets: 7,,,0
LoRaSim-MinimalTopology-0-20240420-21:52:44-10624,scalar,LoRa.server[0],noOfHostsInSFTier: 7,,,592
LoRaSim-MinimalTopology-0-20240420-21:52:44-10624,scalar,LoRa.server[0],SF: 8,,,0
LoRaSim-MinimalTopology-0-20240420-21:52:44-10624,scalar,LoRa.server[0],rcvCounter: 8,,,0
LoRaSim-MinimalTopology-0-20240420-21:52:44-10624,scalar,LoRa.server[0],noOfCollidedPackets: 8,,,0
LoRaSim-MinimalTopology-0-20240420-21:52:44-10624,scalar,LoRa.server[0],noOfSuccessPackets: 8,,,0
LoRaSim-MinimalTopology-0-20240420-21:52:44-10624,scalar,LoRa.server[0],noOfHostsInSFTier: 8,,,262
LoRaSim-MinimalTopology-0-20240420-21:52:44-10624,scalar,LoRa.server[0],SF: 9,,,0
LoRaSim-MinimalTopology-0-20240420-21:52:44-10624,scalar,LoRa.server[0],rcvCounter: 9,,,0
LoRaSim-MinimalTopology-0-20240420-21:52:44-10624,scalar,LoRa.server[0],noOfCollidedPackets: 9,,,0
LoRaSim-MinimalTopology-0-20240420-21:52:44-10624,scalar,LoRa.server[0],noOfSuccessPackets: 9,,,0
LoRaSim-MinimalTopology-0-20240420-21:52:44-10624,scalar,LoRa.server[0],noOfHostsInSFTier: 9,,,429
LoRaSim-MinimalTopology-0-20240420-21:52:44-10624,scalar,LoRa.server[0],SF: 10,,,0
LoRaSim-MinimalTopology-0-20240420-21:52:44-10624,scalar,LoRa.server[0],rcvCounter: 10,,,0
LoRaSim-MinimalTopology-0-20240420-21:52:44-10624,scalar,LoRa.server[0],noOfCollidedPackets: 10,,,0
LoRaSim-MinimalTopology-0-20240420-21:52:44-10624,scalar,LoRa.server[0],noOfSuccessPackets: 10,,,0
LoRaSim-MinimalTopology-0-20240420-21:52:44-10624,scalar,LoRa.server[0],noOfHostsInSFTier: 10,,,623
LoRaSim-MinimalTopology-0-20240420-21:52:44-10624,scalar,LoRa.server[0],SF: 11,,,0
LoRaSim-MinimalTopology-0-20240420-21:52:44-10624,scalar,LoRa.server[0],rcvCounter: 11,,,0
LoRaSim-MinimalTopology-0-20240420-21:52:44-10624,scalar,LoRa.server[0],noOfCollidedPackets: 11,,,0
LoRaSim-MinimalTopology-0-20240420-21:52:44-10624,scalar,LoRa.server[0],noOfSuccessPackets: 11,,,0
LoRaSim-MinimalTopology-0-20240420-21:52:44-10624,scalar,LoRa.server[0],noOfHostsInSFTier: 11,,,801
LoRaSim-MinimalTopology-0-20240420-21:52:44-10624,scalar,LoRa.server[0],SF: 12,,,1.0692314814815
LoRaSim-MinimalTopology-0-20240420-21:52:44-10624,scalar,LoRa.server[0],rcvCounter: 12,,,1043117
LoRaSim-MinimalTopology-0-20240420-21:52:44-10624,scalar,LoRa.server[0],noOfCollidedPackets: 12,,,581209
LoRaSim-MinimalTopology-0-20240420-21:52:44-10624,scalar,LoRa.server[0],noOfSuccessPackets: 12,,,461908
LoRaSim-MinimalTopology-0-20240420-21:52:44-10624,scalar,LoRa.server[0],noOfHostsInSFTier: 12,,,1289
LoRaSim-MinimalTopology-0-20240420-21:52:44-10624,scalar,LoRa.server[0],totalSuccessRate,,,1.0692314814815
LoRaSim-MinimalTopology-0-20240420-21:52:44-10624,scalar,LoRa.server[0],totalSuccessProb,,,0.4428151396248
LoRaSim-MinimalTopology-0-20240420-21:52:44-10624,scalar,LoRa.server[0],duration,,,432000
LoRaSim-MinimalTopology-0-20240420-21:52:44-10624,scalar,LoRa.server[1],SF: 7,,,0
LoRaSim-MinimalTopology-0-20240420-21:52:44-10624,scalar,LoRa.server[1],rcvCounter: 7,,,0
LoRaSim-MinimalTopology-0-20240420-21:52:44-10624,scalar,LoRa.server[1],noOfCollidedPackets: 7,,,0
LoRaSim-MinimalTopology-0-20240420-21:52:44-10624,scalar,LoRa.server[1],noOfSuccessPackets: 7,,,0
LoRaSim-MinimalTopology-0-20240420-21:52:44-10624,scalar,LoRa.server[1],noOfHostsInSFTier: 7,,,592
LoRaSim-MinimalTopology-0-20240420-21:52:44-10624,scalar,LoRa.server[1],SF: 8,,,0
LoRaSim-MinimalTopology-0-20240420-21:52:44-10624,scalar,LoRa.server[1],rcvCounter: 8,,,0
LoRaSim-MinimalTopology-0-20240420-21:52:44-10624,scalar,LoRa.server[1],noOfCollidedPackets: 8,,,0
LoRaSim-MinimalTopology-0-20240420-21:52:44-10624,scalar,LoRa.server[1],noOfSuccessPackets: 8,,,0
LoRaSim-MinimalTopology-0-20240420-21:52:44-10624,scalar,LoRa.server[1],noOfHostsInSFTier: 8,,,262
LoRaSim-MinimalTopology-0-20240420-21:52:44-10624,scalar,LoRa.server[1],SF: 9,,,0
LoRaSim-MinimalTopology-0-20240420-21:52:44-10624,scalar,LoRa.server[1],rcvCounter: 9,,,0
LoRaSim-MinimalTopology-0-20240420-21:52:44-10624,scalar,LoRa.server[1],noOfCollidedPackets: 9,,,0
LoRaSim-MinimalTopology-0-20240420-21:52:44-10624,scalar,LoRa.server[1],noOfSuccessPackets: 9,,,0
LoRaSim-MinimalTopology-0-20240420-21:52:44-10624,scalar,LoRa.server[1],noOfHostsInSFTier: 9,,,429
LoRaSim-MinimalTopology-0-20240420-21:52:44-10624,scalar,LoRa.server[1],SF: 10,,,0
LoRaSim-MinimalTopology-0-20240420-21:52:44-10624,scalar,LoRa.server[1],rcvCounter: 10,,,0
LoRaSim-MinimalTopology-0-20240420-21:52:44-10624,scalar,LoRa.server[1],noOfCollidedPackets: 10,,,0
LoRaSim-MinimalTopology-0-20240420-21:52:44-10624,scalar,LoRa.server[1],noOfSuccessPackets: 10,,,0
LoRaSim-MinimalTopology-0-20240420-21:52:44-10624,scalar,LoRa.server[1],noOfHostsInSFTier: 10,,,623
LoRaSim-MinimalTopology-0-20240420-21:52:44-10624,scalar,LoRa.server[1],SF: 11,,,0
LoRaSim-MinimalTopology-0-20240420-21:52:44-10624,scalar,LoRa.server[1],rcvCounter: 11,,,0
LoRaSim-MinimalTopology-0-20240420-21:52:44-10624,scalar,LoRa.server[1],noOfCollidedPackets: 11,,,0
LoRaSim-MinimalTopology-0-20240420-21:52:44-10624,scalar,LoRa.server[1],noOfSuccessPackets: 11,,,0
LoRaSim-MinimalTopology-0-20240420-21:52:44-10624,scalar,LoRa.server[1],noOfHostsInSFTier: 11,,,801
LoRaSim-MinimalTopology-0-20240420-21:52:44-10624,scalar,LoRa.server[1],SF: 12,,,1.0655185185185
LoRaSim-MinimalTopology-0-20240420-21:52:44-10624,scalar,LoRa.server[1],rcvCounter: 12,,,1027182
LoRaSim-MinimalTopology-0-20240420-21:52:44-10624,scalar,LoRa.server[1],noOfCollidedPackets: 12,,,566878
LoRaSim-MinimalTopology-0-20240420-21:52:44-10624,scalar,LoRa.server[1],noOfSuccessPackets: 12,,,460304
LoRaSim-MinimalTopology-0-20240420-21:52:44-10624,scalar,LoRa.server[1],noOfHostsInSFTier: 12,,,1289
LoRaSim-MinimalTopology-0-20240420-21:52:44-10624,scalar,LoRa.server[1],totalSuccessRate,,,1.0655185185185
LoRaSim-MinimalTopology-0-20240420-21:52:44-10624,scalar,LoRa.server[1],totalSuccessProb,,,0.44812311742223
LoRaSim-MinimalTopology-0-20240420-21:52:44-10624,scalar,LoRa.server[1],duration,,,432000
LoRaSim-MinimalTopology-0-20240420-21:52:44-10624,scalar,LoRa.host[0],numOfHostsPerSF_Server0_SF7,,,271
LoRaSim-MinimalTopology-0-20240420-21:52:44-10624,scalar,LoRa.host[0],numOfHostsPerSF_Server0_SF8,,,126
LoRaSim-MinimalTopology-0-20240420-21:52:44-10624,scalar,LoRa.host[0],numOfHostsPerSF_Server0_SF9,,,175
LoRaSim-MinimalTopology-0-20240420-21:52:44-10624,scalar,LoRa.host[0],numOfHostsPerSF_Server0_SF10,,,231
LoRaSim-MinimalTopology-0-20240420-21:52:44-10624,scalar,LoRa.host[0],numOfHostsPerSF_Server0_SF11,,,317
LoRaSim-MinimalTopology-0-20240420-21:52:44-10624,scalar,LoRa.host[0],numOfHostsPerSF_Server0_SF12,,,459
LoRaSim-MinimalTopology-0-20240420-21:52:44-10624,scalar,LoRa.host[0],numOfHostsPerSF_Server1_SF7,,,273
LoRaSim-MinimalTopology-0-20240420-21:52:44-10624,scalar,LoRa.host[0],numOfHostsPerSF_Server1_SF8,,,122
LoRaSim-MinimalTopology-0-20240420-21:52:44-10624,scalar,LoRa.host[0],numOfHostsPerSF_Server1_SF9,,,168
LoRaSim-MinimalTopology-0-20240420-21:52:44-10624,scalar,LoRa.host[0],numOfHostsPerSF_Server1_SF10,,,243
LoRaSim-MinimalTopology-0-20240420-21:52:44-10624,scalar,LoRa.host[0],numOfHostsPerSF_Server1_SF11,,,339
LoRaSim-MinimalTopology-0-20240420-21:52:44-10624,scalar,LoRa.host[0],numOfHostsPerSF_Server1_SF12,,,410
LoRaSim-MinimalTopology-0-20240420-21:52:44-10624,scalar,_runattrs_,M,,,2
LoRaSim-MinimalTopology-0-20240420-21:52:44-10624,scalar,_runattrs_,N,,,4000
