run,type,module,name,attrname,attrvalue,value
LoRaSim-MinimalTopology-0-20240420-21:00:29-12532,runattr,,,configname,LoRaSim-MinimalTopology,
LoRaSim-MinimalTopology-0-20240420-21:00:29-12532,runattr,,,datetime,20240420-21:00:29,
LoRaSim-MinimalTopology-0-20240420-21:00:29-12532,runattr,,,experiment,LoRaSim-MinimalTopology,
LoRaSim-MinimalTopology-0-20240420-21:00:29-12532,runattr,,,inifile,omnetpp.ini,
LoRaSim-MinimalTopology-0-20240420-21:00:29-12532,runattr,,,iterationvars,"$N=2000, $M=2",
LoRaSim-MinimalTopology-0-20240420-21:00:29-12532,runattr,,,iterationvarsf,"N=2000,M=2-",
LoRaSim-MinimalTopology-0-20240420-21:00:29-12532,runattr,,,measurement,"$N=2000, $M=2",
LoRaSim-MinimalTopology-0-20240420-21:00:29-12532,runattr,,,network,LoRa,
LoRaSim-MinimalTopology-0-20240420-21:00:29-12532,runattr,,,processid,12532,
LoRaSim-MinimalTopology-0-20240420-21:00:29-12532,runattr,,,repetition,0,
LoRaSim-MinimalTopology-0-20240420-21:00:29-12532,runattr,,,replication,#0,
LoRaSim-MinimalTopology-0-20240420-21:00:29-12532,runattr,,,resultdir,results,
LoRaSim-MinimalTopology-0-20240420-21:00:29-12532,runattr,,,runnumber,0,
LoRaSim-MinimalTopology-0-20240420-21:00:29-12532,runattr,,,seedset,0,
LoRaSim-MinimalTopology-0-20240420-21:00:29-12532,itervar,,,M,2,
LoRaSim-MinimalTopology-0-20240420-21:00:29-12532,itervar,,,N,2000,
LoRaSim-MinimalTopology-0-20240420-21:00:29-12532,param,,,LoRa.host[*].isBufferingEvents,false,
LoRaSim-MinimalTopology-0-20240420-21:00:29-12532,param,,,LoRa.host[*].addFrameHeader,false,
LoRaSim-MinimalTopology-0-20240420-21:00:29-12532,param,,,LoRa.host[*].nbOfChannels,3,
LoRaSim-MinimalTopology-0-20240420-21:00:29-12532,param,,,LoRa.numHosts,2000,
LoRaSim-MinimalTopology-0-20240420-21:00:29-12532,param,,,LoRa.host[*].iaTime,exponential(600s),
LoRaSim-MinimalTopology-0-20240420-21:00:29-12532,param,,,LoRa.host[*].pkLenBits,160b,
LoRaSim-MinimalTopology-0-20240420-21:00:29-12532,param,,,LoRa.netR,6333.83 m,
LoRaSim-MinimalTopology-0-20240420-21:00:29-12532,param,,,LoRa.server[*].pathlossExp,3,
LoRaSim-MinimalTopology-0-20240420-21:00:29-12532,param,,,LoRa.server[*].BW,125,
LoRaSim-MinimalTopology-0-20240420-21:00:29-12532,param,,,LoRa.numServers,2,
LoRaSim-MinimalTopology-0-20240420-21:00:29-12532,param,,,LoRa.server[0].x,-6333.83m,
LoRaSim-MinimalTopology-0-20240420-21:00:29-12532,param,,,LoRa.server[1].x,6333.83m,
LoRaSim-MinimalTopology-0-20240420-21:00:29-12532,param,,,LoRa.server[*].y,0,
LoRaSim-MinimalTopology-0-20240420-21:00:29-12532,param,,,**.animationHoldTimeOnCollision,0s,
LoRaSim-MinimalTopology-0-20240420-21:00:29-12532,param,,,**.idleAnimationSpeed,1,
LoRaSim-MinimalTopology-0-20240420-21:00:29-12532,param,,,**.transmissionEdgeAnimationSpeed,1e-6,
LoRaSim-MinimalTopology-0-20240420-21:00:29-12532,param,,,**.midTransmissionAnimationSpeed,1e-1,
LoRaSim-MinimalTopology-0-20240420-21:00:29-12532,param,,,LoRa.slotTime,0,
LoRaSim-MinimalTopology-0-20240420-21:00:29-12532,param,,,LoRa.dutyCycleActive,true,
LoRaSim-MinimalTopology-0-20240420-21:00:29-12532,scalar,LoRa.server[0],SF: 7,,,0
LoRaSim-MinimalTopology-0-20240420-21:00:29-12532,scalar,LoRa.server[0],rcvCounter: 7,,,0
LoRaSim-MinimalTopology-0-20240420-21:00:29-12532,scalar,LoRa.server[0],noOfCollidedPackets: 7,,,0
LoRaSim-MinimalTopology-0-20240420-21:00:29-12532,scalar,LoRa.server[0],noOfSuccessPackets: 7,,,0
LoRaSim-MinimalTopology-0-20240420-21:00:29-12532,scalar,LoRa.server[0],noOfHostsInSFTier: 7,,,305
LoRaSim-MinimalTopology-0-20240420-21:00:29-12532,scalar,LoRa.server[0],SF: 8,,,0
LoRaSim-MinimalTopology-0-20240420-21:00:29-12532,scalar,LoRa.server[0],rcvCounter: 8,,,0
LoRaSim-MinimalTopology-0-20240420-21:00:29-12532,scalar,LoRa.server[0],noOfCollidedPackets: 8,,,0
LoRaSim-MinimalTopology-0-20240420-21:00:29-12532,scalar,LoRa.server[0],noOfSuccessPackets: 8,,,0
LoRaSim-MinimalTopology-0-20240420-21:00:29-12532,scalar,LoRa.server[0],noOfHostsInSFTier: 8,,,131
LoRaSim-MinimalTopology-0-20240420-21:00:29-12532,scalar,LoRa.server[0],SF: 9,,,0
LoRaSim-MinimalTopology-0-20240420-21:00:29-12532,scalar,LoRa.server[0],rcvCounter: 9,,,0
LoRaSim-MinimalTopology-0-20240420-21:00:29-12532,scalar,LoRa.server[0],noOfCollidedPackets: 9,,,0
LoRaSim-MinimalTopology-0-20240420-21:00:29-12532,scalar,LoRa.server[0],noOfSuccessPackets: 9,,,0
LoRaSim-MinimalTopology-0-20240420-21:00:29-12532,scalar,LoRa.server[0],noOfHostsInSFTier: 9,,,204
LoRaSim-MinimalTopology-0-20240420-21:00:29-12532,scalar,LoRa.server[0],SF: 10,,,0
LoRaSim-MinimalTopology-0-20240420-21:00:29-12532,scalar,LoRa.server[0],rcvCounter: 10,,,0
LoRaSim-MinimalTopology-0-20240420-21:00:29-12532,scalar,LoRa.server[0],noOfCollidedPackets: 10,,,0
LoRaSim-MinimalTopology-0-20240420-21:00:29-12532,scalar,LoRa.server[0],noOfSuccessPackets: 10,,,0
LoRaSim-MinimalTopology-0-20240420-21:00:29-12532,scalar,LoRa.server[0],noOfHostsInSFTier: 10,,,301
LoRaSim-MinimalTopology-0-20240420-21:00:29-12532,scalar,LoRa.server[0],SF: 11,,,0
LoRaSim-MinimalTopology-0-20240420-21:00:29-12532,scalar,LoRa.server[0],rcvCounter: 11,,,0
LoRaSim-MinimalTopology-0-20240420-21:00:29-12532,scalar,LoRa.server[0],noOfCollidedPackets: 11,,,0
LoRaSim-MinimalTopology-0-20240420-21:00:29-12532,scalar,LoRa.server[0],noOfSuccessPackets: 11,,,0
LoRaSim-MinimalTopology-0-20240420-21:00:29-12532,scalar,LoRa.server[0],noOfHostsInSFTier: 11,,,391
LoRaSim-MinimalTopology-0-20240420-21:00:29-12532,scalar,LoRa.server[0],SF: 12,,,0.7889537037037
LoRaSim-MinimalTopology-0-20240420-21:00:29-12532,scalar,LoRa.server[0],rcvCounter: 12,,,523346
LoRaSim-MinimalTopology-0-20240420-21:00:29-12532,scalar,LoRa.server[0],noOfCollidedPackets: 12,,,182518
LoRaSim-MinimalTopology-0-20240420-21:00:29-12532,scalar,LoRa.server[0],noOfSuccessPackets: 12,,,340828
LoRaSim-MinimalTopology-0-20240420-21:00:29-12532,scalar,LoRa.server[0],noOfHostsInSFTier: 12,,,667
LoRaSim-MinimalTopology-0-20240420-21:00:29-12532,scalar,LoRa.server[0],totalSuccessRate,,,0.7889537037037
LoRaSim-MinimalTopology-0-20240420-21:00:29-12532,scalar,LoRa.server[0],totalSuccessProb,,,0.65124793157873
LoRaSim-MinimalTopology-0-20240420-21:00:29-12532,scalar,LoRa.server[0],duration,,,432000
LoRaSim-MinimalTopology-0-20240420-21:00:29-12532,scalar,LoRa.server[1],SF: 7,,,0
LoRaSim-MinimalTopology-0-20240420-21:00:29-12532,scalar,LoRa.server[1],rcvCounter: 7,,,0
LoRaSim-MinimalTopology-0-20240420-21:00:29-12532,scalar,LoRa.server[1],noOfCollidedPackets: 7,,,0
LoRaSim-MinimalTopology-0-20240420-21:00:29-12532,scalar,LoRa.server[1],noOfSuccessPackets: 7,,,0
LoRaSim-MinimalTopology-0-20240420-21:00:29-12532,scalar,LoRa.server[1],noOfHostsInSFTier: 7,,,305
LoRaSim-MinimalTopology-0-20240420-21:00:29-12532,scalar,LoRa.server[1],SF: 8,,,0
LoRaSim-MinimalTopology-0-20240420-21:00:29-12532,scalar,LoRa.server[1],rcvCounter: 8,,,0
LoRaSim-MinimalTopology-0-20240420-21:00:29-12532,scalar,LoRa.server[1],noOfCollidedPackets: 8,,,0
LoRaSim-MinimalTopology-0-20240420-21:00:29-12532,scalar,LoRa.server[1],noOfSuccessPackets: 8,,,0
LoRaSim-MinimalTopology-0-20240420-21:00:29-12532,scalar,LoRa.server[1],noOfHostsInSFTier: 8,,,131
LoRaSim-MinimalTopology-0-20240420-21:00:29-12532,scalar,LoRa.server[1],SF: 9,,,0
LoRaSim-MinimalTopology-0-20240420-21:00:29-12532,scalar,LoRa.server[1],rcvCounter: 9,,,0
LoRaSim-MinimalTopology-0-20240420-21:00:29-12532,scalar,LoRa.server[1],noOfCollidedPackets: 9,,,0
LoRaSim-MinimalTopology-0-20240420-21:00:29-12532,scalar,LoRa.server[1],noOfSuccessPackets: 9,,,0
LoRaSim-MinimalTopology-0-20240420-21:00:29-12532,scalar,LoRa.server[1],noOfHostsInSFTier: 9,,,204
LoRaSim-MinimalTopology-0-20240420-21:00:29-12532,scalar,LoRa.server[1],SF: 10,,,0
LoRaSim-MinimalTopology-0-20240420-21:00:29-12532,scalar,LoRa.server[1],rcvCounter: 10,,,0
LoRaSim-MinimalTopology-0-20240420-21:00:29-12532,scalar,LoRa.server[1],noOfCollidedPackets: 10,,,0
LoRaSim-MinimalTopology-0-20240420-21:00:29-12532,scalar,LoRa.server[1],noOfSuccessPackets: 10,,,0
LoRaSim-MinimalTopology-0-20240420-21:00:29-12532,scalar,LoRa.server[1],noOfHostsInSFTier: 10,,,301
LoRaSim-MinimalTopology-0-20240420-21:00:29-12532,scalar,LoRa.server[1],SF: 11,,,0
LoRaSim-MinimalTopology-0-20240420-21:00:29-12532,scalar,LoRa.server[1],rcvCounter: 11,,,0
LoRaSim-MinimalTopology-0-20240420-21:00:29-12532,scalar,LoRa.server[1],noOfCollidedPackets: 11,,,0
LoRaSim-MinimalTopology-0-20240420-21:00:29-12532,scalar,LoRa.server[1],noOfSuccessPackets: 11,,,0
LoRaSim-MinimalTopology-0-20240420-21:00:29-12532,scalar,LoRa.server[1],noOfHostsInSFTier: 11,,,391
LoRaSim-MinimalTopology-0-20240420-21:00:29-12532,scalar,LoRa.server[1],SF: 12,,,0.76982407407407
LoRaSim-MinimalTopology-0-20240420-21:00:29-12532,scalar,LoRa.server[1],rcvCounter: 12,,,503752
LoRaSim-MinimalTopology-0-20240420-21:00:29-12532,scalar,LoRa.server[1],noOfCollidedPackets: 12,,,171188
LoRaSim-MinimalTopology-0-20240420-21:00:29-12532,scalar,LoRa.server[1],noOfSuccessPackets: 12,,,332564
LoRaSim-MinimalTopology-0-20240420-21:00:29-12532,scalar,LoRa.server[1],noOfHostsInSFTier: 12,,,667
LoRaSim-MinimalTopology-0-20240420-21:00:29-12532,scalar,LoRa.server[1],totalSuccessRate,,,0.76982407407407
LoRaSim-MinimalTopology-0-20240420-21:00:29-12532,scalar,LoRa.server[1],totalSuccessProb,,,0.66017405389954
LoRaSim-MinimalTopology-0-20240420-21:00:29-12532,scalar,LoRa.server[1],duration,,,432000
LoRaSim-MinimalTopology-0-20240420-21:00:29-12532,scalar,LoRa.host[0],numOfHostsPerSF_Server0_SF7,,,141
LoRaSim-MinimalTopology-0-20240420-21:00:29-12532,scalar,LoRa.host[0],numOfHostsPerSF_Server0_SF8,,,63
LoRaSim-MinimalTopology-0-20240420-21:00:29-12532,scalar,LoRa.host[0],numOfHostsPerSF_Server0_SF9,,,82
LoRaSim-MinimalTopology-0-20240420-21:00:29-12532,scalar,LoRa.host[0],numOfHostsPerSF_Server0_SF10,,,118
LoRaSim-MinimalTopology-0-20240420-21:00:29-12532,scalar,LoRa.host[0],numOfHostsPerSF_Server0_SF11,,,164
LoRaSim-MinimalTopology-0-20240420-21:00:29-12532,scalar,LoRa.host[0],numOfHostsPerSF_Server0_SF12,,,226
LoRaSim-MinimalTopology-0-20240420-21:00:29-12532,scalar,LoRa.host[0],numOfHostsPerSF_Server1_SF7,,,133
LoRaSim-MinimalTopology-0-20240420-21:00:29-12532,scalar,LoRa.host[0],numOfHostsPerSF_Server1_SF8,,,74
LoRaSim-MinimalTopology-0-20240420-21:00:29-12532,scalar,LoRa.host[0],numOfHostsPerSF_Server1_SF9,,,84
LoRaSim-MinimalTopology-0-20240420-21:00:29-12532,scalar,LoRa.host[0],numOfHostsPerSF_Server1_SF10,,,119
LoRaSim-MinimalTopology-0-20240420-21:00:29-12532,scalar,LoRa.host[0],numOfHostsPerSF_Server1_SF11,,,172
LoRaSim-MinimalTopology-0-20240420-21:00:29-12532,scalar,LoRa.host[0],numOfHostsPerSF_Server1_SF12,,,182
LoRaSim-MinimalTopology-0-20240420-21:00:29-12532,scalar,_runattrs_,M,,,2
LoRaSim-MinimalTopology-0-20240420-21:00:29-12532,scalar,_runattrs_,N,,,2000
