run,type,module,name,attrname,attrvalue,value
LoRaSim-MinimalTopology-0-20240420-22:59:57-11940,runattr,,,configname,LoRaSim-MinimalTopology,
LoRaSim-MinimalTopology-0-20240420-22:59:57-11940,runattr,,,datetime,20240420-22:59:57,
LoRaSim-MinimalTopology-0-20240420-22:59:57-11940,runattr,,,experiment,LoRaSim-MinimalTopology,
LoRaSim-MinimalTopology-0-20240420-22:59:57-11940,runattr,,,inifile,omnetpp.ini,
LoRaSim-MinimalTopology-0-20240420-22:59:57-11940,runattr,,,iterationvars,"$N=4000, $M=8",
LoRaSim-MinimalTopology-0-20240420-22:59:57-11940,runattr,,,iterationvarsf,"N=4000,M=8-",
LoRaSim-MinimalTopology-0-20240420-22:59:57-11940,runattr,,,measurement,"$N=4000, $M=8",
LoRaSim-MinimalTopology-0-20240420-22:59:57-11940,runattr,,,network,LoRa,
LoRaSim-MinimalTopology-0-20240420-22:59:57-11940,runattr,,,processid,11940,
LoRaSim-MinimalTopology-0-20240420-22:59:57-11940,runattr,,,repetition,0,
LoRaSim-MinimalTopology-0-20240420-22:59:57-11940,runattr,,,replication,#0,
LoRaSim-MinimalTopology-0-20240420-22:59:57-11940,runattr,,,resultdir,results,
LoRaSim-MinimalTopology-0-20240420-22:59:57-11940,runattr,,,runnumber,0,
LoRaSim-MinimalTopology-0-20240420-22:59:57-11940,runattr,,,seedset,0,
LoRaSim-MinimalTopology-0-20240420-22:59:57-11940,itervar,,,M,8,
LoRaSim-MinimalTopology-0-20240420-22:59:57-11940,itervar,,,N,4000,
LoRaSim-MinimalTopology-0-20240420-22:59:57-11940,param,,,LoRa.host[*].isBufferingEvents,false,
LoRaSim-MinimalTopology-0-20240420-22:59:57-11940,param,,,LoRa.host[*].addFrameHeader,false,
LoRaSim-MinimalTopology-0-20240420-22:59:57-11940,param,,,LoRa.host[*].nbOfChannels,3,
LoRaSim-MinimalTopology-0-20240420-22:59:57-11940,param,,,LoRa.numHosts,4000,
LoRaSim-MinimalTopology-0-20240420-22:59:57-11940,param,,,LoRa.host[*].iaTime,exponential(600s),
LoRaSim-MinimalTopology-0-20240420-22:59:57-11940,param,,,LoRa.host[*].pkLenBits,160b,
LoRaSim-MinimalTopology-0-20240420-22:59:57-11940,param,,,LoRa.netR,6333.83 m,
LoRaSim-MinimalTopology-0-20240420-22:59:57-11940,param,,,LoRa.server[*].pathlossExp,3,
LoRaSim-MinimalTopology-0-20240420-22:59:57-11940,param,,,LoRa.server[*].BW,125,
LoRaSim-MinimalTopology-0-20240420-22:59:57-11940,param,,,LoRa.numServers,8,
LoRaSim-MinimalTopology-0-20240420-22:59:57-11940,param,,,LoRa.server[0].x,-6333.83m,
LoRaSim-MinimalTopology-0-20240420-22:59:57-11940,param,,,LoRa.server[0].y,0,
LoRaSim-MinimalTopology-0-20240420-22:59:57-11940,param,,,LoRa.server[1].x,-4491.94m,
LoRaSim-MinimalTopology-0-20240420-22:59:57-11940,param,,,LoRa.server[1].y,4491.94m,
LoRaSim-MinimalTopology-0-20240420-22:59:57-11940,param,,,LoRa.server[2].x,0,
LoRaSim-MinimalTopology-0-20240420-22:59:57-11940,param,,,LoRa.server[2].y,6333.83m,
LoRaSim-MinimalTopology-0-20240420-22:59:57-11940,param,,,LoRa.server[3].x,4491.94m,
LoRaSim-MinimalTopology-0-20240420-22:59:57-11940,param,,,LoRa.server[3].y,4491.94m,
LoRaSim-MinimalTopology-0-20240420-22:59:57-11940,param,,,LoRa.server[4].x,6333.83m,
LoRaSim-MinimalTopology-0-20240420-22:59:57-11940,param,,,LoRa.server[4].y,0,
LoRaSim-MinimalTopology-0-20240420-22:59:57-11940,param,,,LoRa.server[5].x,4491.94m,
LoRaSim-MinimalTopology-0-20240420-22:59:57-11940,param,,,LoRa.server[5].y,-4491.94m,
LoRaSim-MinimalTopology-0-20240420-22:59:57-11940,param,,,LoRa.server[6].x,0,
LoRaSim-MinimalTopology-0-20240420-22:59:57-11940,param,,,LoRa.server[6].y,-6333.83m,
LoRaSim-MinimalTopology-0-20240420-22:59:57-11940,param,,,LoRa.server[7].x,-4491.94m,
LoRaSim-MinimalTopology-0-20240420-22:59:57-11940,param,,,LoRa.server[7].y,-4491.94m,
LoRaSim-MinimalTopology-0-20240420-22:59:57-11940,param,,,**.animationHoldTimeOnCollision,0s,
LoRaSim-MinimalTopology-0-20240420-22:59:57-11940,param,,,**.idleAnimationSpeed,1,
LoRaSim-MinimalTopology-0-20240420-22:59:57-11940,param,,,**.transmissionEdgeAnimationSpeed,1e-6,
LoRaSim-MinimalTopology-0-20240420-22:59:57-11940,param,,,**.midTransmissionAnimationSpeed,1e-1,
LoRaSim-MinimalTopology-0-20240420-22:59:57-11940,param,,,LoRa.slotTime,0,
LoRaSim-MinimalTopology-0-20240420-22:59:57-11940,param,,,LoRa.dutyCycleActive,true,
LoRaSim-MinimalTopology-0-20240420-22:59:57-11940,scalar,LoRa.server[0],SF: 7,,,0
LoRaSim-MinimalTopology-0-20240420-22:59:57-11940,scalar,LoRa.server[0],rcvCounter: 7,,,0
LoRaSim-MinimalTopology-0-20240420-22:59:57-11940,scalar,LoRa.server[0],noOfCollidedPackets: 7,,,0
LoRaSim-MinimalTopology-0-20240420-22:59:57-11940,scalar,LoRa.server[0],noOfSuccessPackets: 7,,,0
LoRaSim-MinimalTopology-0-20240420-22:59:57-11940,scalar,LoRa.server[0],noOfHostsInSFTier: 7,,,592
LoRaSim-MinimalTopology-0-20240420-22:59:57-11940,scalar,LoRa.server[0],SF: 8,,,0
LoRaSim-MinimalTopology-0-20240420-22:59:57-11940,scalar,LoRa.server[0],rcvCounter: 8,,,0
LoRaSim-MinimalTopology-0-20240420-22:59:57-11940,scalar,LoRa.server[0],noOfCollidedPackets: 8,,,0
LoRaSim-MinimalTopology-0-20240420-22:59:57-11940,scalar,LoRa.server[0],noOfSuccessPackets: 8,,,0
LoRaSim-MinimalTopology-0-20240420-22:59:57-11940,scalar,LoRa.server[0],noOfHostsInSFTier: 8,,,262
LoRaSim-MinimalTopology-0-20240420-22:59:57-11940,scalar,LoRa.server[0],SF: 9,,,0
LoRaSim-MinimalTopology-0-20240420-22:59:57-11940,scalar,LoRa.server[0],rcvCounter: 9,,,0
LoRaSim-MinimalTopology-0-20240420-22:59:57-11940,scalar,LoRa.server[0],noOfCollidedPackets: 9,,,0
LoRaSim-MinimalTopology-0-20240420-22:59:57-11940,scalar,LoRa.server[0],noOfSuccessPackets: 9,,,0
LoRaSim-MinimalTopology-0-20240420-22:59:57-11940,scalar,LoRa.server[0],noOfHostsInSFTier: 9,,,429
LoRaSim-MinimalTopology-0-20240420-22:59:57-11940,scalar,LoRa.server[0],SF: 10,,,0
LoRaSim-MinimalTopology-0-20240420-22:59:57-11940,scalar,LoRa.server[0],rcvCounter: 10,,,0
LoRaSim-MinimalTopology-0-20240420-22:59:57-11940,scalar,LoRa.server[0],noOfCollidedPackets: 10,,,0
LoRaSim-MinimalTopology-0-20240420-22:59:57-11940,scalar,LoRa.server[0],noOfSuccessPackets: 10,,,0
LoRaSim-MinimalTopology-0-20240420-22:59:57-11940,scalar,LoRa.server[0],noOfHostsInSFTier: 10,,,623
LoRaSim-MinimalTopology-0-20240420-22:59:57-11940,scalar,LoRa.server[0],SF: 11,,,0
LoRaSim-MinimalTopology-0-20240420-22:59:57-11940,scalar,LoRa.server[0],rcvCounter: 11,,,0
LoRaSim-MinimalTopology-0-20240420-22:59:57-11940,scalar,LoRa.server[0],noOfCollidedPackets: 11,,,0
LoRaSim-MinimalTopology-0-20240420-22:59:57-11940,scalar,LoRa.server[0],noOfSuccessPackets: 11,,,0
LoRaSim-MinimalTopology-0-20240420-22:59:57-11940,scalar,LoRa.server[0],noOfHostsInSFTier: 11,,,801
LoRaSim-MinimalTopology-0-20240420-22:59:57-11940,scalar,LoRa.server[0],SF: 12,,,0.59562962962963
LoRaSim-MinimalTopology-0-20240420-22:59:57-11940,scalar,LoRa.server[0],rcvCounter: 12,,,341923
LoRaSim-MinimalTopology-0-20240420-22:59:57-11940,scalar,LoRa.server[0],noOfCollidedPackets: 12,,,84611
LoRaSim-MinimalTopology-0-20240420-22:59:57-11940,scalar,LoRa.server[0],noOfSuccessPackets: 12,,,257312
LoRaSim-MinimalTopology-0-20240420-22:59:57-11940,scalar,LoRa.server[0],noOfHostsInSFTier: 12,,,1289
LoRaSim-MinimalTopology-0-20240420-22:59:57-11940,scalar,LoRa.server[0],totalSuccessRate,,,0.59562962962963
LoRaSim-MinimalTopology-0-20240420-22:59:57-11940,scalar,LoRa.server[0],totalSuccessProb,,,0.75254370135966
LoRaSim-MinimalTopology-0-20240420-22:59:57-11940,scalar,LoRa.server[0],duration,,,432000
LoRaSim-MinimalTopology-0-20240420-22:59:57-11940,scalar,LoRa.server[1],SF: 7,,,0
LoRaSim-MinimalTopology-0-20240420-22:59:57-11940,scalar,LoRa.server[1],rcvCounter: 7,,,0
LoRaSim-MinimalTopology-0-20240420-22:59:57-11940,scalar,LoRa.server[1],noOfCollidedPackets: 7,,,0
LoRaSim-MinimalTopology-0-20240420-22:59:57-11940,scalar,LoRa.server[1],noOfSuccessPackets: 7,,,0
LoRaSim-MinimalTopology-0-20240420-22:59:57-11940,scalar,LoRa.server[1],noOfHostsInSFTier: 7,,,592
LoRaSim-MinimalTopology-0-20240420-22:59:57-11940,scalar,LoRa.server[1],SF: 8,,,0
LoRaSim-MinimalTopology-0-20240420-22:59:57-11940,scalar,LoRa.server[1],rcvCounter: 8,,,0
LoRaSim-MinimalTopology-0-20240420-22:59:57-11940,scalar,LoRa.server[1],noOfCollidedPackets: 8,,,0
LoRaSim-MinimalTopology-0-20240420-22:59:57-11940,scalar,LoRa.server[1],noOfSuccessPackets: 8,,,0
LoRaSim-MinimalTopology-0-20240420-22:59:57-11940,scalar,LoRa.server[1],noOfHostsInSFTier: 8,,,262
LoRaSim-MinimalTopology-0-20240420-22:59:57-11940,scalar,LoRa.server[1],SF: 9,,,0
LoRaSim-MinimalTopology-0-20240420-22:59:57-11940,scalar,LoRa.server[1],rcvCounter: 9,,,0
LoRaSim-MinimalTopology-0-20240420-22:59:57-11940,scalar,LoRa.server[1],noOfCollidedPackets: 9,,,0
LoRaSim-MinimalTopology-0-20240420-22:59:57-11940,scalar,LoRa.server[1],noOfSuccessPackets: 9,,,0
LoRaSim-MinimalTopology-0-20240420-22:59:57-11940,scalar,LoRa.server[1],noOfHostsInSFTier: 9,,,429
LoRaSim-MinimalTopology-0-20240420-22:59:57-11940,scalar,LoRa.server[1],SF: 10,,,0
LoRaSim-MinimalTopology-0-20240420-22:59:57-11940,scalar,LoRa.server[1],rcvCounter: 10,,,0
LoRaSim-MinimalTopology-0-20240420-22:59:57-11940,scalar,LoRa.server[1],noOfCollidedPackets: 10,,,0
LoRaSim-MinimalTopology-0-20240420-22:59:57-11940,scalar,LoRa.server[1],noOfSuccessPackets: 10,,,0
LoRaSim-MinimalTopology-0-20240420-22:59:57-11940,scalar,LoRa.server[1],noOfHostsInSFTier: 10,,,623
LoRaSim-MinimalTopology-0-20240420-22:59:57-11940,scalar,LoRa.server[1],SF: 11,,,0
LoRaSim-MinimalTopology-0-20240420-22:59:57-11940,scalar,LoRa.server[1],rcvCounter: 11,,,0
LoRaSim-MinimalTopology-0-20240420-22:59:57-11940,scalar,LoRa.server[1],noOfCollidedPackets: 11,,,0
LoRaSim-MinimalTopology-0-20240420-22:59:57-11940,scalar,LoRa.server[1],noOfSuccessPackets: 11,,,0
LoRaSim-MinimalTopology-0-20240420-22:59:57-11940,scalar,LoRa.server[1],noOfHostsInSFTier: 11,,,801
LoRaSim-MinimalTopology-0-20240420-22:59:57-11940,scalar,LoRa.server[1],SF: 12,,,0.5651875
LoRaSim-MinimalTopology-0-20240420-22:59:57-11940,scalar,LoRa.server[1],rcvCounter: 12,,,318199
LoRaSim-MinimalTopology-0-20240420-22:59:57-11940,scalar,LoRa.server[1],noOfCollidedPackets: 12,,,74038
LoRaSim-MinimalTopology-0-20240420-22:59:57-11940,scalar,LoRa.server[1],noOfSuccessPackets: 12,,,244161
LoRaSim-MinimalTopology-0-20240420-22:59:57-11940,scalar,LoRa.server[1],noOfHostsInSFTier: 12,,,1289
LoRaSim-MinimalTopology-0-20240420-22:59:57-11940,scalar,LoRa.server[1],totalSuccessRate,,,0.5651875
LoRaSim-MinimalTopology-0-20240420-22:59:57-11940,scalar,LoRa.server[1],totalSuccessProb,,,0.76732170748494
LoRaSim-MinimalTopology-0-20240420-22:59:57-11940,scalar,LoRa.server[1],duration,,,432000
LoRaSim-MinimalTopology-0-20240420-22:59:57-11940,scalar,LoRa.server[2],SF: 7,,,0
LoRaSim-MinimalTopology-0-20240420-22:59:57-11940,scalar,LoRa.server[2],rcvCounter: 7,,,0
LoRaSim-MinimalTopology-0-20240420-22:59:57-11940,scalar,LoRa.server[2],noOfCollidedPackets: 7,,,0
LoRaSim-MinimalTopology-0-20240420-22:59:57-11940,scalar,LoRa.server[2],noOfSuccessPackets: 7,,,0
LoRaSim-MinimalTopology-0-20240420-22:59:57-11940,scalar,LoRa.server[2],noOfHostsInSFTier: 7,,,592
LoRaSim-MinimalTopology-0-20240420-22:59:57-11940,scalar,LoRa.server[2],SF: 8,,,0
LoRaSim-MinimalTopology-0-20240420-22:59:57-11940,scalar,LoRa.server[2],rcvCounter: 8,,,0
LoRaSim-MinimalTopology-0-20240420-22:59:57-11940,scalar,LoRa.server[2],noOfCollidedPackets: 8,,,0
LoRaSim-MinimalTopology-0-20240420-22:59:57-11940,scalar,LoRa.server[2],noOfSuccessPackets: 8,,,0
LoRaSim-MinimalTopology-0-20240420-22:59:57-11940,scalar,LoRa.server[2],noOfHostsInSFTier: 8,,,262
LoRaSim-MinimalTopology-0-20240420-22:59:57-11940,scalar,LoRa.server[2],SF: 9,,,0
LoRaSim-MinimalTopology-0-20240420-22:59:57-11940,scalar,LoRa.server[2],rcvCounter: 9,,,0
LoRaSim-MinimalTopology-0-20240420-22:59:57-11940,scalar,LoRa.server[2],noOfCollidedPackets: 9,,,0
LoRaSim-MinimalTopology-0-20240420-22:59:57-11940,scalar,LoRa.server[2],noOfSuccessPackets: 9,,,0
LoRaSim-MinimalTopology-0-20240420-22:59:57-11940,scalar,LoRa.server[2],noOfHostsInSFTier: 9,,,429
LoRaSim-MinimalTopology-0-20240420-22:59:57-11940,scalar,LoRa.server[2],SF: 10,,,0
LoRaSim-MinimalTopology-0-20240420-22:59:57-11940,scalar,LoRa.server[2],rcvCounter: 10,,,0
LoRaSim-MinimalTopology-0-20240420-22:59:57-11940,scalar,LoRa.server[2],noOfCollidedPackets: 10,,,0
LoRaSim-MinimalTopology-0-20240420-22:59:57-11940,scalar,LoRa.server[2],noOfSuccessPackets: 10,,,0
LoRaSim-MinimalTopology-0-20240420-22:59:57-11940,scalar,LoRa.server[2],noOfHostsInSFTier: 10,,,623
LoRaSim-MinimalTopology-0-20240420-22:59:57-11940,scalar,LoRa.server[2],SF: 11,,,0
LoRaSim-MinimalTopology-0-20240420-22:59:57-11940,scalar,LoRa.server[2],rcvCounter: 11,,,0
LoRaSim-MinimalTopology-0-20240420-22:59:57-11940,scalar,LoRa.server[2],noOfCollidedPackets: 11,,,0
LoRaSim-MinimalTopology-0-20240420-22:59:57-11940,scalar,LoRa.server[2],noOfSuccessPackets: 11,,,0
LoRaSim-MinimalTopology-0-20240420-22:59:57-11940,scalar,LoRa.server[2],noOfHostsInSFTier: 11,,,801
LoRaSim-MinimalTopology-0-20240420-22:59:57-11940,scalar,LoRa.server[2],SF: 12,,,0.56365277777778
LoRaSim-MinimalTopology-0-20240420-22:59:57-11940,scalar,LoRa.server[2],rcvCounter: 12,,,317576
LoRaSim-MinimalTopology-0-20240420-22:59:57-11940,scalar,LoRa.server[2],noOfCollidedPackets: 12,,,74078
LoRaSim-MinimalTopology-0-20240420-22:59:57-11940,scalar,LoRa.server[2],noOfSuccessPackets: 12,,,243498
LoRaSim-MinimalTopology-0-20240420-22:59:57-11940,scalar,LoRa.server[2],noOfHostsInSFTier: 12,,,1289
LoRaSim-MinimalTopology-0-20240420-22:59:57-11940,scalar,LoRa.server[2],totalSuccessRate,,,0.56365277777778
LoRaSim-MinimalTopology-0-20240420-22:59:57-11940,scalar,LoRa.server[2],totalSuccessProb,,,0.76673930019901
LoRaSim-MinimalTopology-0-20240420-22:59:57-11940,scalar,LoRa.server[2],duration,,,432000
LoRaSim-MinimalTopology-0-20240420-22:59:57-11940,scalar,LoRa.server[3],SF: 7,,,0
LoRaSim-MinimalTopology-0-20240420-22:59:57-11940,scalar,LoRa.server[3],rcvCounter: 7,,,0
LoRaSim-MinimalTopology-0-20240420-22:59:57-11940,scalar,LoRa.server[3],noOfCollidedPackets: 7,,,0
LoRaSim-MinimalTopology-0-20240420-22:59:57-11940,scalar,LoRa.server[3],noOfSuccessPackets: 7,,,0
LoRaSim-MinimalTopology-0-20240420-22:59:57-11940,scalar,LoRa.server[3],noOfHostsInSFTier: 7,,,592
LoRaSim-MinimalTopology-0-20240420-22:59:57-11940,scalar,LoRa.server[3],SF: 8,,,0
LoRaSim-MinimalTopology-0-20240420-22:59:57-11940,scalar,LoRa.server[3],rcvCounter: 8,,,0
LoRaSim-MinimalTopology-0-20240420-22:59:57-11940,scalar,LoRa.server[3],noOfCollidedPackets: 8,,,0
LoRaSim-MinimalTopology-0-20240420-22:59:57-11940,scalar,LoRa.server[3],noOfSuccessPackets: 8,,,0
LoRaSim-MinimalTopology-0-20240420-22:59:57-11940,scalar,LoRa.server[3],noOfHostsInSFTier: 8,,,262
LoRaSim-MinimalTopology-0-20240420-22:59:57-11940,scalar,LoRa.server[3],SF: 9,,,0
LoRaSim-MinimalTopology-0-20240420-22:59:57-11940,scalar,LoRa.server[3],rcvCounter: 9,,,0
LoRaSim-MinimalTopology-0-20240420-22:59:57-11940,scalar,LoRa.server[3],noOfCollidedPackets: 9,,,0
LoRaSim-MinimalTopology-0-20240420-22:59:57-11940,scalar,LoRa.server[3],noOfSuccessPackets: 9,,,0
LoRaSim-MinimalTopology-0-20240420-22:59:57-11940,scalar,LoRa.server[3],noOfHostsInSFTier: 9,,,429
LoRaSim-MinimalTopology-0-20240420-22:59:57-11940,scalar,LoRa.server[3],SF: 10,,,0
LoRaSim-MinimalTopology-0-20240420-22:59:57-11940,scalar,LoRa.server[3],rcvCounter: 10,,,0
LoRaSim-MinimalTopology-0-20240420-22:59:57-11940,scalar,LoRa.server[3],noOfCollidedPackets: 10,,,0
LoRaSim-MinimalTopology-0-20240420-22:59:57-11940,scalar,LoRa.server[3],noOfSuccessPackets: 10,,,0
LoRaSim-MinimalTopology-0-20240420-22:59:57-11940,scalar,LoRa.server[3],noOfHostsInSFTier: 10,,,623
LoRaSim-MinimalTopology-0-20240420-22:59:57-11940,scalar,LoRa.server[3],SF: 11,,,0
LoRaSim-MinimalTopology-0-20240420-22:59:57-11940,scalar,LoRa.server[3],rcvCounter: 11,,,0
LoRaSim-MinimalTopology-0-20240420-22:59:57-11940,scalar,LoRa.server[3],noOfCollidedPackets: 11,,,0
LoRaSim-MinimalTopology-0-20240420-22:59:57-11940,scalar,LoRa.server[3],noOfSuccessPackets: 11,,,0
LoRaSim-MinimalTopology-0-20240420-22:59:57-11940,scalar,LoRa.server[3],noOfHostsInSFTier: 11,,,801
LoRaSim-MinimalTopology-0-20240420-22:59:57-11940,scalar,LoRa.server[3],SF: 12,,,0.572
LoRaSim-MinimalTopology-0-20240420-22:59:57-11940,scalar,LoRa.server[3],rcvCounter: 12,,,323203
LoRaSim-MinimalTopology-0-20240420-22:59:57-11940,scalar,LoRa.server[3],noOfCollidedPackets: 12,,,76099
LoRaSim-MinimalTopology-0-20240420-22:59:57-11940,scalar,LoRa.server[3],noOfSuccessPackets: 12,,,247104
LoRaSim-MinimalTopology-0-20240420-22:59:57-11940,scalar,LoRa.server[3],noOfHostsInSFTier: 12,,,1289
LoRaSim-MinimalTopology-0-20240420-22:59:57-11940,scalar,LoRa.server[3],totalSuccessRate,,,0.572
LoRaSim-MinimalTopology-0-20240420-22:59:57-11940,scalar,LoRa.server[3],totalSuccessProb,,,0.7645473587807
LoRaSim-MinimalTopology-0-20240420-22:59:57-11940,scalar,LoRa.server[3],duration,,,432000
LoRaSim-MinimalTopology-0-20240420-22:59:57-11940,scalar,LoRa.server[4],SF: 7,,,0
LoRaSim-MinimalTopology-0-20240420-22:59:57-11940,scalar,LoRa.server[4],rcvCounter: 7,,,0
LoRaSim-MinimalTopology-0-20240420-22:59:57-11940,scalar,LoRa.server[4],noOfCollidedPackets: 7,,,0
LoRaSim-MinimalTopology-0-20240420-22:59:57-11940,scalar,LoRa.server[4],noOfSuccessPackets: 7,,,0
LoRaSim-MinimalTopology-0-20240420-22:59:57-11940,scalar,LoRa.server[4],noOfHostsInSFTier: 7,,,592
LoRaSim-MinimalTopology-0-20240420-22:59:57-11940,scalar,LoRa.server[4],SF: 8,,,0
LoRaSim-MinimalTopology-0-20240420-22:59:57-11940,scalar,LoRa.server[4],rcvCounter: 8,,,0
LoRaSim-MinimalTopology-0-20240420-22:59:57-11940,scalar,LoRa.server[4],noOfCollidedPackets: 8,,,0
LoRaSim-MinimalTopology-0-20240420-22:59:57-11940,scalar,LoRa.server[4],noOfSuccessPackets: 8,,,0
LoRaSim-MinimalTopology-0-20240420-22:59:57-11940,scalar,LoRa.server[4],noOfHostsInSFTier: 8,,,262
LoRaSim-MinimalTopology-0-20240420-22:59:57-11940,scalar,LoRa.server[4],SF: 9,,,0
LoRaSim-MinimalTopology-0-20240420-22:59:57-11940,scalar,LoRa.server[4],rcvCounter: 9,,,0
LoRaSim-MinimalTopology-0-20240420-22:59:57-11940,scalar,LoRa.server[4],noOfCollidedPackets: 9,,,0
LoRaSim-MinimalTopology-0-20240420-22:59:57-11940,scalar,LoRa.server[4],noOfSuccessPackets: 9,,,0
LoRaSim-MinimalTopology-0-20240420-22:59:57-11940,scalar,LoRa.server[4],noOfHostsInSFTier: 9,,,429
LoRaSim-MinimalTopology-0-20240420-22:59:57-11940,scalar,LoRa.server[4],SF: 10,,,0
LoRaSim-MinimalTopology-0-20240420-22:59:57-11940,scalar,LoRa.server[4],rcvCounter: 10,,,0
LoRaSim-MinimalTopology-0-20240420-22:59:57-11940,scalar,LoRa.server[4],noOfCollidedPackets: 10,,,0
LoRaSim-MinimalTopology-0-20240420-22:59:57-11940,scalar,LoRa.server[4],noOfSuccessPackets: 10,,,0
LoRaSim-MinimalTopology-0-20240420-22:59:57-11940,scalar,LoRa.server[4],noOfHostsInSFTier: 10,,,623
LoRaSim-MinimalTopology-0-20240420-22:59:57-11940,scalar,LoRa.server[4],SF: 11,,,0
LoRaSim-MinimalTopology-0-20240420-22:59:57-11940,scalar,LoRa.server[4],rcvCounter: 11,,,0
LoRaSim-MinimalTopology-0-20240420-22:59:57-11940,scalar,LoRa.server[4],noOfCollidedPackets: 11,,,0
LoRaSim-MinimalTopology-0-20240420-22:59:57-11940,scalar,LoRa.server[4],noOfSuccessPackets: 11,,,0
LoRaSim-MinimalTopology-0-20240420-22:59:57-11940,scalar,LoRa.server[4],noOfHostsInSFTier: 11,,,801
LoRaSim-MinimalTopology-0-20240420-22:59:57-11940,scalar,LoRa.server[4],SF: 12,,,0.59208333333333
LoRaSim-MinimalTopology-0-20240420-22:59:57-11940,scalar,LoRa.server[4],rcvCounter: 12,,,339853
LoRaSim-MinimalTopology-0-20240420-22:59:57-11940,scalar,LoRa.server[4],noOfCollidedPackets: 12,,,84073
LoRaSim-MinimalTopology-0-20240420-22:59:57-11940,scalar,LoRa.server[4],noOfSuccessPackets: 12,,,255780
LoRaSim-MinimalTopology-0-20240420-22:59:57-11940,scalar,LoRa.server[4],noOfHostsInSFTier: 12,,,1289
LoRaSim-MinimalTopology-0-20240420-22:59:57-11940,scalar,LoRa.server[4],totalSuccessRate,,,0.59208333333333
LoRaSim-MinimalTopology-0-20240420-22:59:57-11940,scalar,LoRa.server[4],totalSuccessProb,,,0.75261951490792
LoRaSim-MinimalTopology-0-20240420-22:59:57-11940,scalar,LoRa.server[4],duration,,,432000
LoRaSim-MinimalTopology-0-20240420-22:59:57-11940,scalar,LoRa.server[5],SF: 7,,,0
LoRaSim-MinimalTopology-0-20240420-22:59:57-11940,scalar,LoRa.server[5],rcvCounter: 7,,,0
LoRaSim-MinimalTopology-0-20240420-22:59:57-11940,scalar,LoRa.server[5],noOfCollidedPackets: 7,,,0
LoRaSim-MinimalTopology-0-20240420-22:59:57-11940,scalar,LoRa.server[5],noOfSuccessPackets: 7,,,0
LoRaSim-MinimalTopology-0-20240420-22:59:57-11940,scalar,LoRa.server[5],noOfHostsInSFTier: 7,,,592
LoRaSim-MinimalTopology-0-20240420-22:59:57-11940,scalar,LoRa.server[5],SF: 8,,,0
LoRaSim-MinimalTopology-0-20240420-22:59:57-11940,scalar,LoRa.server[5],rcvCounter: 8,,,0
LoRaSim-MinimalTopology-0-20240420-22:59:57-11940,scalar,LoRa.server[5],noOfCollidedPackets: 8,,,0
LoRaSim-MinimalTopology-0-20240420-22:59:57-11940,scalar,LoRa.server[5],noOfSuccessPackets: 8,,,0
LoRaSim-MinimalTopology-0-20240420-22:59:57-11940,scalar,LoRa.server[5],noOfHostsInSFTier: 8,,,262
LoRaSim-MinimalTopology-0-20240420-22:59:57-11940,scalar,LoRa.server[5],SF: 9,,,0
LoRaSim-MinimalTopology-0-20240420-22:59:57-11940,scalar,LoRa.server[5],rcvCounter: 9,,,0
LoRaSim-MinimalTopology-0-20240420-22:59:57-11940,scalar,LoRa.server[5],noOfCollidedPackets: 9,,,0
LoRaSim-MinimalTopology-0-20240420-22:59:57-11940,scalar,LoRa.server[5],noOfSuccessPackets: 9,,,0
LoRaSim-MinimalTopology-0-20240420-22:59:57-11940,scalar,LoRa.server[5],noOfHostsInSFTier: 9,,,429
LoRaSim-MinimalTopology-0-20240420-22:59:57-11940,scalar,LoRa.server[5],SF: 10,,,0
LoRaSim-MinimalTopology-0-20240420-22:59:57-11940,scalar,LoRa.server[5],rcvCounter: 10,,,0
LoRaSim-MinimalTopology-0-20240420-22:59:57-11940,scalar,LoRa.server[5],noOfCollidedPackets: 10,,,0
LoRaSim-MinimalTopology-0-20240420-22:59:57-11940,scalar,LoRa.server[5],noOfSuccessPackets: 10,,,0
LoRaSim-MinimalTopology-0-20240420-22:59:57-11940,scalar,LoRa.server[5],noOfHostsInSFTier: 10,,,623
LoRaSim-MinimalTopology-0-20240420-22:59:57-11940,scalar,LoRa.server[5],SF: 11,,,0
LoRaSim-MinimalTopology-0-20240420-22:59:57-11940,scalar,LoRa.server[5],rcvCounter: 11,,,0
LoRaSim-MinimalTopology-0-20240420-22:59:57-11940,scalar,LoRa.server[5],noOfCollidedPackets: 11,,,0
LoRaSim-MinimalTopology-0-20240420-22:59:57-11940,scalar,LoRa.server[5],noOfSuccessPackets: 11,,,0
LoRaSim-MinimalTopology-0-20240420-22:59:57-11940,scalar,LoRa.server[5],noOfHostsInSFTier: 11,,,801
LoRaSim-MinimalTopology-0-20240420-22:59:57-11940,scalar,LoRa.server[5],SF: 12,,,0.5747662037037
LoRaSim-MinimalTopology-0-20240420-22:59:57-11940,scalar,LoRa.server[5],rcvCounter: 12,,,325458
LoRaSim-MinimalTopology-0-20240420-22:59:57-11940,scalar,LoRa.server[5],noOfCollidedPackets: 12,,,77159
LoRaSim-MinimalTopology-0-20240420-22:59:57-11940,scalar,LoRa.server[5],noOfSuccessPackets: 12,,,248299
LoRaSim-MinimalTopology-0-20240420-22:59:57-11940,scalar,LoRa.server[5],noOfHostsInSFTier: 12,,,1289
LoRaSim-MinimalTopology-0-20240420-22:59:57-11940,scalar,LoRa.server[5],totalSuccessRate,,,0.5747662037037
LoRaSim-MinimalTopology-0-20240420-22:59:57-11940,scalar,LoRa.server[5],totalSuccessProb,,,0.76292179021563
LoRaSim-MinimalTopology-0-20240420-22:59:57-11940,scalar,LoRa.server[5],duration,,,432000
LoRaSim-MinimalTopology-0-20240420-22:59:57-11940,scalar,LoRa.server[6],SF: 7,,,0
LoRaSim-MinimalTopology-0-20240420-22:59:57-11940,scalar,LoRa.server[6],rcvCounter: 7,,,0
LoRaSim-MinimalTopology-0-20240420-22:59:57-11940,scalar,LoRa.server[6],noOfCollidedPackets: 7,,,0
LoRaSim-MinimalTopology-0-20240420-22:59:57-11940,scalar,LoRa.server[6],noOfSuccessPackets: 7,,,0
LoRaSim-MinimalTopology-0-20240420-22:59:57-11940,scalar,LoRa.server[6],noOfHostsInSFTier: 7,,,592
LoRaSim-MinimalTopology-0-20240420-22:59:57-11940,scalar,LoRa.server[6],SF: 8,,,0
LoRaSim-MinimalTopology-0-20240420-22:59:57-11940,scalar,LoRa.server[6],rcvCounter: 8,,,0
LoRaSim-MinimalTopology-0-20240420-22:59:57-11940,scalar,LoRa.server[6],noOfCollidedPackets: 8,,,0
LoRaSim-MinimalTopology-0-20240420-22:59:57-11940,scalar,LoRa.server[6],noOfSuccessPackets: 8,,,0
LoRaSim-MinimalTopology-0-20240420-22:59:57-11940,scalar,LoRa.server[6],noOfHostsInSFTier: 8,,,262
LoRaSim-MinimalTopology-0-20240420-22:59:57-11940,scalar,LoRa.server[6],SF: 9,,,0
LoRaSim-MinimalTopology-0-20240420-22:59:57-11940,scalar,LoRa.server[6],rcvCounter: 9,,,0
LoRaSim-MinimalTopology-0-20240420-22:59:57-11940,scalar,LoRa.server[6],noOfCollidedPackets: 9,,,0
LoRaSim-MinimalTopology-0-20240420-22:59:57-11940,scalar,LoRa.server[6],noOfSuccessPackets: 9,,,0
LoRaSim-MinimalTopology-0-20240420-22:59:57-11940,scalar,LoRa.server[6],noOfHostsInSFTier: 9,,,429
LoRaSim-MinimalTopology-0-20240420-22:59:57-11940,scalar,LoRa.server[6],SF: 10,,,0
LoRaSim-MinimalTopology-0-20240420-22:59:57-11940,scalar,LoRa.server[6],rcvCounter: 10,,,0
LoRaSim-MinimalTopology-0-20240420-22:59:57-11940,scalar,LoRa.server[6],noOfCollidedPackets: 10,,,0
LoRaSim-MinimalTopology-0-20240420-22:59:57-11940,scalar,LoRa.server[6],noOfSuccessPackets: 10,,,0
LoRaSim-MinimalTopology-0-20240420-22:59:57-11940,scalar,LoRa.server[6],noOfHostsInSFTier: 10,,,623
LoRaSim-MinimalTopology-0-20240420-22:59:57-11940,scalar,LoRa.server[6],SF: 11,,,0
LoRaSim-MinimalTopology-0-20240420-22:59:57-11940,scalar,LoRa.server[6],rcvCounter: 11,,,0
LoRaSim-MinimalTopology-0-20240420-22:59:57-11940,scalar,LoRa.server[6],noOfCollidedPackets: 11,,,0
LoRaSim-MinimalTopology-0-20240420-22:59:57-11940,scalar,LoRa.server[6],noOfSuccessPackets: 11,,,0
LoRaSim-MinimalTopology-0-20240420-22:59:57-11940,scalar,LoRa.server[6],noOfHostsInSFTier: 11,,,801
LoRaSim-MinimalTopology-0-20240420-22:59:57-11940,scalar,LoRa.server[6],SF: 12,,,0.58068055555556
LoRaSim-MinimalTopology-0-20240420-22:59:57-11940,scalar,LoRa.server[6],rcvCounter: 12,,,329686
LoRaSim-MinimalTopology-0-20240420-22:59:57-11940,scalar,LoRa.server[6],noOfCollidedPackets: 12,,,78832
LoRaSim-MinimalTopology-0-20240420-22:59:57-11940,scalar,LoRa.server[6],noOfSuccessPackets: 12,,,250854
LoRaSim-MinimalTopology-0-20240420-22:59:57-11940,scalar,LoRa.server[6],noOfHostsInSFTier: 12,,,1289
LoRaSim-MinimalTopology-0-20240420-22:59:57-11940,scalar,LoRa.server[6],totalSuccessRate,,,0.58068055555556
LoRaSim-MinimalTopology-0-20240420-22:59:57-11940,scalar,LoRa.server[6],totalSuccessProb,,,0.76088763247454
LoRaSim-MinimalTopology-0-20240420-22:59:57-11940,scalar,LoRa.server[6],duration,,,432000
LoRaSim-MinimalTopology-0-20240420-22:59:57-11940,scalar,LoRa.server[7],SF: 7,,,0
LoRaSim-MinimalTopology-0-20240420-22:59:57-11940,scalar,LoRa.server[7],rcvCounter: 7,,,0
LoRaSim-MinimalTopology-0-20240420-22:59:57-11940,scalar,LoRa.server[7],noOfCollidedPackets: 7,,,0
LoRaSim-MinimalTopology-0-20240420-22:59:57-11940,scalar,LoRa.server[7],noOfSuccessPackets: 7,,,0
LoRaSim-MinimalTopology-0-20240420-22:59:57-11940,scalar,LoRa.server[7],noOfHostsInSFTier: 7,,,592
LoRaSim-MinimalTopology-0-20240420-22:59:57-11940,scalar,LoRa.server[7],SF: 8,,,0
LoRaSim-MinimalTopology-0-20240420-22:59:57-11940,scalar,LoRa.server[7],rcvCounter: 8,,,0
LoRaSim-MinimalTopology-0-20240420-22:59:57-11940,scalar,LoRa.server[7],noOfCollidedPackets: 8,,,0
LoRaSim-MinimalTopology-0-20240420-22:59:57-11940,scalar,LoRa.server[7],noOfSuccessPackets: 8,,,0
LoRaSim-MinimalTopology-0-20240420-22:59:57-11940,scalar,LoRa.server[7],noOfHostsInSFTier: 8,,,262
LoRaSim-MinimalTopology-0-20240420-22:59:57-11940,scalar,LoRa.server[7],SF: 9,,,0
LoRaSim-MinimalTopology-0-20240420-22:59:57-11940,scalar,LoRa.server[7],rcvCounter: 9,,,0
LoRaSim-MinimalTopology-0-20240420-22:59:57-11940,scalar,LoRa.server[7],noOfCollidedPackets: 9,,,0
LoRaSim-MinimalTopology-0-20240420-22:59:57-11940,scalar,LoRa.server[7],noOfSuccessPackets: 9,,,0
LoRaSim-MinimalTopology-0-20240420-22:59:57-11940,scalar,LoRa.server[7],noOfHostsInSFTier: 9,,,429
LoRaSim-MinimalTopology-0-20240420-22:59:57-11940,scalar,LoRa.server[7],SF: 10,,,0
LoRaSim-MinimalTopology-0-20240420-22:59:57-11940,scalar,LoRa.server[7],rcvCounter: 10,,,0
LoRaSim-MinimalTopology-0-20240420-22:59:57-11940,scalar,LoRa.server[7],noOfCollidedPackets: 10,,,0
LoRaSim-MinimalTopology-0-20240420-22:59:57-11940,scalar,LoRa.server[7],noOfSuccessPackets: 10,,,0
LoRaSim-MinimalTopology-0-20240420-22:59:57-11940,scalar,LoRa.server[7],noOfHostsInSFTier: 10,,,623
LoRaSim-MinimalTopology-0-20240420-22:59:57-11940,scalar,LoRa.server[7],SF: 11,,,0
LoRaSim-MinimalTopology-0-20240420-22:59:57-11940,scalar,LoRa.server[7],rcvCounter: 11,,,0
LoRaSim-MinimalTopology-0-20240420-22:59:57-11940,scalar,LoRa.server[7],noOfCollidedPackets: 11,,,0
LoRaSim-MinimalTopology-0-20240420-22:59:57-11940,scalar,LoRa.server[7],noOfSuccessPackets: 11,,,0
LoRaSim-MinimalTopology-0-20240420-22:59:57-11940,scalar,LoRa.server[7],noOfHostsInSFTier: 11,,,801
LoRaSim-MinimalTopology-0-20240420-22:59:57-11940,scalar,LoRa.server[7],SF: 12,,,0.60133333333333
LoRaSim-MinimalTopology-0-20240420-22:59:57-11940,scalar,LoRa.server[7],rcvCounter: 12,,,345912
LoRaSim-MinimalTopology-0-20240420-22:59:57-11940,scalar,LoRa.server[7],noOfCollidedPackets: 12,,,86136
LoRaSim-MinimalTopology-0-20240420-22:59:57-11940,scalar,LoRa.server[7],noOfSuccessPackets: 12,,,259776
LoRaSim-MinimalTopology-0-20240420-22:59:57-11940,scalar,LoRa.server[7],noOfHostsInSFTier: 12,,,1289
LoRaSim-MinimalTopology-0-20240420-22:59:57-11940,scalar,LoRa.server[7],totalSuccessRate,,,0.60133333333333
LoRaSim-MinimalTopology-0-20240420-22:59:57-11940,scalar,LoRa.server[7],totalSuccessProb,,,0.75098869076528
LoRaSim-MinimalTopology-0-20240420-22:59:57-11940,scalar,LoRa.server[7],duration,,,432000
LoRaSim-MinimalTopology-0-20240420-22:59:57-11940,scalar,LoRa.host[0],numOfHostsPerSF_Server0_SF7,,,271
LoRaSim-MinimalTopology-0-20240420-22:59:57-11940,scalar,LoRa.host[0],numOfHostsPerSF_Server0_SF8,,,74
LoRaSim-MinimalTopology-0-20240420-22:59:57-11940,scalar,LoRa.host[0],numOfHostsPerSF_Server0_SF9,,,65
LoRaSim-MinimalTopology-0-20240420-22:59:57-11940,scalar,LoRa.host[0],numOfHostsPerSF_Server0_SF10,,,46
LoRaSim-MinimalTopology-0-20240420-22:59:57-11940,scalar,LoRa.host[0],numOfHostsPerSF_Server0_SF11,,,42
LoRaSim-MinimalTopology-0-20240420-22:59:57-11940,scalar,LoRa.host[0],numOfHostsPerSF_Server0_SF12,,,20
LoRaSim-MinimalTopology-0-20240420-22:59:57-11940,scalar,LoRa.host[0],numOfHostsPerSF_Server1_SF7,,,251
LoRaSim-MinimalTopology-0-20240420-22:59:57-11940,scalar,LoRa.host[0],numOfHostsPerSF_Server1_SF8,,,72
LoRaSim-MinimalTopology-0-20240420-22:59:57-11940,scalar,LoRa.host[0],numOfHostsPerSF_Server1_SF9,,,53
LoRaSim-MinimalTopology-0-20240420-22:59:57-11940,scalar,LoRa.host[0],numOfHostsPerSF_Server1_SF10,,,58
LoRaSim-MinimalTopology-0-20240420-22:59:57-11940,scalar,LoRa.host[0],numOfHostsPerSF_Server1_SF11,,,33
LoRaSim-MinimalTopology-0-20240420-22:59:57-11940,scalar,LoRa.host[0],numOfHostsPerSF_Server1_SF12,,,15
LoRaSim-MinimalTopology-0-20240420-22:59:57-11940,scalar,LoRa.host[0],numOfHostsPerSF_Server2_SF7,,,264
LoRaSim-MinimalTopology-0-20240420-22:59:57-11940,scalar,LoRa.host[0],numOfHostsPerSF_Server2_SF8,,,67
LoRaSim-MinimalTopology-0-20240420-22:59:57-11940,scalar,LoRa.host[0],numOfHostsPerSF_Server2_SF9,,,73
LoRaSim-MinimalTopology-0-20240420-22:59:57-11940,scalar,LoRa.host[0],numOfHostsPerSF_Server2_SF10,,,36
LoRaSim-MinimalTopology-0-20240420-22:59:57-11940,scalar,LoRa.host[0],numOfHostsPerSF_Server2_SF11,,,27
LoRaSim-MinimalTopology-0-20240420-22:59:57-11940,scalar,LoRa.host[0],numOfHostsPerSF_Server2_SF12,,,14
LoRaSim-MinimalTopology-0-20240420-22:59:57-11940,scalar,LoRa.host[0],numOfHostsPerSF_Server3_SF7,,,272
LoRaSim-MinimalTopology-0-20240420-22:59:57-11940,scalar,LoRa.host[0],numOfHostsPerSF_Server3_SF8,,,49
LoRaSim-MinimalTopology-0-20240420-22:59:57-11940,scalar,LoRa.host[0],numOfHostsPerSF_Server3_SF9,,,67
LoRaSim-MinimalTopology-0-20240420-22:59:57-11940,scalar,LoRa.host[0],numOfHostsPerSF_Server3_SF10,,,53
LoRaSim-MinimalTopology-0-20240420-22:59:57-11940,scalar,LoRa.host[0],numOfHostsPerSF_Server3_SF11,,,32
LoRaSim-MinimalTopology-0-20240420-22:59:57-11940,scalar,LoRa.host[0],numOfHostsPerSF_Server3_SF12,,,16
LoRaSim-MinimalTopology-0-20240420-22:59:57-11940,scalar,LoRa.host[0],numOfHostsPerSF_Server4_SF7,,,273
LoRaSim-MinimalTopology-0-20240420-22:59:57-11940,scalar,LoRa.host[0],numOfHostsPerSF_Server4_SF8,,,69
LoRaSim-MinimalTopology-0-20240420-22:59:57-11940,scalar,LoRa.host[0],numOfHostsPerSF_Server4_SF9,,,60
LoRaSim-MinimalTopology-0-20240420-22:59:57-11940,scalar,LoRa.host[0],numOfHostsPerSF_Server4_SF10,,,52
LoRaSim-MinimalTopology-0-20240420-22:59:57-11940,scalar,LoRa.host[0],numOfHostsPerSF_Server4_SF11,,,46
LoRaSim-MinimalTopology-0-20240420-22:59:57-11940,scalar,LoRa.host[0],numOfHostsPerSF_Server4_SF12,,,15
LoRaSim-MinimalTopology-0-20240420-22:59:57-11940,scalar,LoRa.host[0],numOfHostsPerSF_Server5_SF7,,,263
LoRaSim-MinimalTopology-0-20240420-22:59:57-11940,scalar,LoRa.host[0],numOfHostsPerSF_Server5_SF8,,,68
LoRaSim-MinimalTopology-0-20240420-22:59:57-11940,scalar,LoRa.host[0],numOfHostsPerSF_Server5_SF9,,,51
LoRaSim-MinimalTopology-0-20240420-22:59:57-11940,scalar,LoRa.host[0],numOfHostsPerSF_Server5_SF10,,,59
LoRaSim-MinimalTopology-0-20240420-22:59:57-11940,scalar,LoRa.host[0],numOfHostsPerSF_Server5_SF11,,,34
LoRaSim-MinimalTopology-0-20240420-22:59:57-11940,scalar,LoRa.host[0],numOfHostsPerSF_Server5_SF12,,,18
LoRaSim-MinimalTopology-0-20240420-22:59:57-11940,scalar,LoRa.host[0],numOfHostsPerSF_Server6_SF7,,,252
LoRaSim-MinimalTopology-0-20240420-22:59:57-11940,scalar,LoRa.host[0],numOfHostsPerSF_Server6_SF8,,,63
LoRaSim-MinimalTopology-0-20240420-22:59:57-11940,scalar,LoRa.host[0],numOfHostsPerSF_Server6_SF9,,,68
LoRaSim-MinimalTopology-0-20240420-22:59:57-11940,scalar,LoRa.host[0],numOfHostsPerSF_Server6_SF10,,,58
LoRaSim-MinimalTopology-0-20240420-22:59:57-11940,scalar,LoRa.host[0],numOfHostsPerSF_Server6_SF11,,,36
LoRaSim-MinimalTopology-0-20240420-22:59:57-11940,scalar,LoRa.host[0],numOfHostsPerSF_Server6_SF12,,,22
LoRaSim-MinimalTopology-0-20240420-22:59:57-11940,scalar,LoRa.host[0],numOfHostsPerSF_Server7_SF7,,,284
LoRaSim-MinimalTopology-0-20240420-22:59:57-11940,scalar,LoRa.host[0],numOfHostsPerSF_Server7_SF8,,,68
LoRaSim-MinimalTopology-0-20240420-22:59:57-11940,scalar,LoRa.host[0],numOfHostsPerSF_Server7_SF9,,,53
LoRaSim-MinimalTopology-0-20240420-22:59:57-11940,scalar,LoRa.host[0],numOfHostsPerSF_Server7_SF10,,,48
LoRaSim-MinimalTopology-0-20240420-22:59:57-11940,scalar,LoRa.host[0],numOfHostsPerSF_Server7_SF11,,,54
LoRaSim-MinimalTopology-0-20240420-22:59:57-11940,scalar,LoRa.host[0],numOfHostsPerSF_Server7_SF12,,,16
LoRaSim-MinimalTopology-0-20240420-22:59:57-11940,scalar,_runattrs_,M,,,8
LoRaSim-MinimalTopology-0-20240420-22:59:57-11940,scalar,_runattrs_,N,,,4000
