run,type,module,name,attrname,attrvalue,value
LoRaSim-MinimalTopology-0-20240420-22:57:21-9068,runattr,,,configname,LoRaSim-MinimalTopology,
LoRaSim-MinimalTopology-0-20240420-22:57:21-9068,runattr,,,datetime,20240420-22:57:21,
LoRaSim-MinimalTopology-0-20240420-22:57:21-9068,runattr,,,experiment,LoRaSim-MinimalTopology,
LoRaSim-MinimalTopology-0-20240420-22:57:21-9068,runattr,,,inifile,omnetpp.ini,
LoRaSim-MinimalTopology-0-20240420-22:57:21-9068,runattr,,,iterationvars,"$N=2000, $M=8",
LoRaSim-MinimalTopology-0-20240420-22:57:21-9068,runattr,,,iterationvarsf,"N=2000,M=8-",
LoRaSim-MinimalTopology-0-20240420-22:57:21-9068,runattr,,,measurement,"$N=2000, $M=8",
LoRaSim-MinimalTopology-0-20240420-22:57:21-9068,runattr,,,network,LoRa,
LoRaSim-MinimalTopology-0-20240420-22:57:21-9068,runattr,,,processid,9068,
LoRaSim-MinimalTopology-0-20240420-22:57:21-9068,runattr,,,repetition,0,
LoRaSim-MinimalTopology-0-20240420-22:57:21-9068,runattr,,,replication,#0,
LoRaSim-MinimalTopology-0-20240420-22:57:21-9068,runattr,,,resultdir,results,
LoRaSim-MinimalTopology-0-20240420-22:57:21-9068,runattr,,,runnumber,0,
LoRaSim-MinimalTopology-0-20240420-22:57:21-9068,runattr,,,seedset,0,
LoRaSim-MinimalTopology-0-20240420-22:57:21-9068,itervar,,,M,8,
LoRaSim-MinimalTopology-0-20240420-22:57:21-9068,itervar,,,N,2000,
LoRaSim-MinimalTopology-0-20240420-22:57:21-9068,param,,,LoRa.host[*].isBufferingEvents,false,
LoRaSim-MinimalTopology-0-20240420-22:57:21-9068,param,,,LoRa.host[*].addFrameHeader,false,
LoRaSim-MinimalTopology-0-20240420-22:57:21-9068,param,,,LoRa.host[*].nbOfChannels,3,
LoRaSim-MinimalTopology-0-20240420-22:57:21-9068,param,,,LoRa.numHosts,2000,
LoRaSim-MinimalTopology-0-20240420-22:57:21-9068,param,,,LoRa.host[*].iaTime,exponential(600s),
LoRaSim-MinimalTopology-0-20240420-22:57:21-9068,param,,,LoRa.host[*].pkLenBits,160b,
LoRaSim-MinimalTopology-0-20240420-22:57:21-9068,param,,,LoRa.netR,6333.83 m,
LoRaSim-MinimalTopology-0-20240420-22:57:21-9068,param,,,LoRa.server[*].pathlossExp,3,
LoRaSim-MinimalTopology-0-20240420-22:57:21-9068,param,,,LoRa.server[*].BW,125,
LoRaSim-MinimalTopology-0-20240420-22:57:21-9068,param,,,LoRa.numServers,8,
LoRaSim-MinimalTopology-0-20240420-22:57:21-9068,param,,,LoRa.server[0].x,-6333.83m,
LoRaSim-MinimalTopology-0-20240420-22:57:21-9068,param,,,LoRa.server[0].y,0,
LoRaSim-MinimalTopology-0-20240420-22:57:21-9068,param,,,LoRa.server[1].x,-4491.94m,
LoRaSim-MinimalTopology-0-20240420-22:57:21-9068,param,,,LoRa.server[1].y,4491.94m,
LoRaSim-MinimalTopology-0-20240420-22:57:21-9068,param,,,LoRa.server[2].x,0,
LoRaSim-MinimalTopology-0-20240420-22:57:21-9068,param,,,LoRa.server[2].y,6333.83m,
LoRaSim-MinimalTopology-0-20240420-22:57:21-9068,param,,,LoRa.server[3].x,4491.94m,
LoRaSim-MinimalTopology-0-20240420-22:57:21-9068,param,,,LoRa.server[3].y,4491.94m,
LoRaSim-MinimalTopology-0-20240420-22:57:21-9068,param,,,LoRa.server[4].x,6333.83m,
LoRaSim-MinimalTopology-0-20240420-22:57:21-9068,param,,,LoRa.server[4].y,0,
LoRaSim-MinimalTopology-0-20240420-22:57:21-9068,param,,,LoRa.server[5].x,4491.94m,
LoRaSim-MinimalTopology-0-20240420-22:57:21-9068,param,,,LoRa.server[5].y,-4491.94m,
LoRaSim-MinimalTopology-0-20240420-22:57:21-9068,param,,,LoRa.server[6].x,0,
LoRaSim-MinimalTopology-0-20240420-22:57:21-9068,param,,,LoRa.server[6].y,-6333.83m,
LoRaSim-MinimalTopology-0-20240420-22:57:21-9068,param,,,LoRa.server[7].x,-4491.94m,
LoRaSim-MinimalTopology-0-20240420-22:57:21-9068,param,,,LoRa.server[7].y,-4491.94m,
LoRaSim-MinimalTopology-0-20240420-22:57:21-9068,param,,,**.animationHoldTimeOnCollision,0s,
LoRaSim-MinimalTopology-0-20240420-22:57:21-9068,param,,,**.idleAnimationSpeed,1,
LoRaSim-MinimalTopology-0-20240420-22:57:21-9068,param,,,**.transmissionEdgeAnimationSpeed,1e-6,
LoRaSim-MinimalTopology-0-20240420-22:57:21-9068,param,,,**.midTransmissionAnimationSpeed,1e-1,
LoRaSim-MinimalTopology-0-20240420-22:57:21-9068,param,,,LoRa.slotTime,0,
LoRaSim-MinimalTopology-0-20240420-22:57:21-9068,param,,,LoRa.dutyCycleActive,true,
LoRaSim-MinimalTopology-0-20240420-22:57:21-9068,scalar,LoRa.server[0],SF: 7,,,0
LoRaSim-MinimalTopology-0-20240420-22:57:21-9068,scalar,LoRa.server[0],rcvCounter: 7,,,0
LoRaSim-MinimalTopology-0-20240420-22:57:21-9068,scalar,LoRa.server[0],noOfCollidedPackets: 7,,,0
LoRaSim-MinimalTopology-0-20240420-22:57:21-9068,scalar,LoRa.server[0],noOfSuccessPackets: 7,,,0
LoRaSim-MinimalTopology-0-20240420-22:57:21-9068,scalar,LoRa.server[0],noOfHostsInSFTier: 7,,,305
LoRaSim-MinimalTopology-0-20240420-22:57:21-9068,scalar,LoRa.server[0],SF: 8,,,0
LoRaSim-MinimalTopology-0-20240420-22:57:21-9068,scalar,LoRa.server[0],rcvCounter: 8,,,0
LoRaSim-MinimalTopology-0-20240420-22:57:21-9068,scalar,LoRa.server[0],noOfCollidedPackets: 8,,,0
LoRaSim-MinimalTopology-0-20240420-22:57:21-9068,scalar,LoRa.server[0],noOfSuccessPackets: 8,,,0
LoRaSim-MinimalTopology-0-20240420-22:57:21-9068,scalar,LoRa.server[0],noOfHostsInSFTier: 8,,,131
LoRaSim-MinimalTopology-0-20240420-22:57:21-9068,scalar,LoRa.server[0],SF: 9,,,0
LoRaSim-MinimalTopology-0-20240420-22:57:21-9068,scalar,LoRa.server[0],rcvCounter: 9,,,0
LoRaSim-MinimalTopology-0-20240420-22:57:21-9068,scalar,LoRa.server[0],noOfCollidedPackets: 9,,,0
LoRaSim-MinimalTopology-0-20240420-22:57:21-9068,scalar,LoRa.server[0],noOfSuccessPackets: 9,,,0
LoRaSim-MinimalTopology-0-20240420-22:57:21-9068,scalar,LoRa.server[0],noOfHostsInSFTier: 9,,,204
LoRaSim-MinimalTopology-0-20240420-22:57:21-9068,scalar,LoRa.server[0],SF: 10,,,0
LoRaSim-MinimalTopology-0-20240420-22:57:21-9068,scalar,LoRa.server[0],rcvCounter: 10,,,0
LoRaSim-MinimalTopology-0-20240420-22:57:21-9068,scalar,LoRa.server[0],noOfCollidedPackets: 10,,,0
LoRaSim-MinimalTopology-0-20240420-22:57:21-9068,scalar,LoRa.server[0],noOfSuccessPackets: 10,,,0
LoRaSim-MinimalTopology-0-20240420-22:57:21-9068,scalar,LoRa.server[0],noOfHostsInSFTier: 10,,,301
LoRaSim-MinimalTopology-0-20240420-22:57:21-9068,scalar,LoRa.server[0],SF: 11,,,0
LoRaSim-MinimalTopology-0-20240420-22:57:21-9068,scalar,LoRa.server[0],rcvCounter: 11,,,0
LoRaSim-MinimalTopology-0-20240420-22:57:21-9068,scalar,LoRa.server[0],noOfCollidedPackets: 11,,,0
LoRaSim-MinimalTopology-0-20240420-22:57:21-9068,scalar,LoRa.server[0],noOfSuccessPackets: 11,,,0
LoRaSim-MinimalTopology-0-20240420-22:57:21-9068,scalar,LoRa.server[0],noOfHostsInSFTier: 11,,,391
LoRaSim-MinimalTopology-0-20240420-22:57:21-9068,scalar,LoRa.server[0],SF: 12,,,0.34872685185185
LoRaSim-MinimalTopology-0-20240420-22:57:21-9068,scalar,LoRa.server[0],rcvCounter: 12,,,174261
LoRaSim-MinimalTopology-0-20240420-22:57:21-9068,scalar,LoRa.server[0],noOfCollidedPackets: 12,,,23611
LoRaSim-MinimalTopology-0-20240420-22:57:21-9068,scalar,LoRa.server[0],noOfSuccessPackets: 12,,,150650
LoRaSim-MinimalTopology-0-20240420-22:57:21-9068,scalar,LoRa.server[0],noOfHostsInSFTier: 12,,,667
LoRaSim-MinimalTopology-0-20240420-22:57:21-9068,scalar,LoRa.server[0],totalSuccessRate,,,0.34872685185185
LoRaSim-MinimalTopology-0-20240420-22:57:21-9068,scalar,LoRa.server[0],totalSuccessProb,,,0.86450783594723
LoRaSim-MinimalTopology-0-20240420-22:57:21-9068,scalar,LoRa.server[0],duration,,,432000
LoRaSim-MinimalTopology-0-20240420-22:57:21-9068,scalar,LoRa.server[1],SF: 7,,,0
LoRaSim-MinimalTopology-0-20240420-22:57:21-9068,scalar,LoRa.server[1],rcvCounter: 7,,,0
LoRaSim-MinimalTopology-0-20240420-22:57:21-9068,scalar,LoRa.server[1],noOfCollidedPackets: 7,,,0
LoRaSim-MinimalTopology-0-20240420-22:57:21-9068,scalar,LoRa.server[1],noOfSuccessPackets: 7,,,0
LoRaSim-MinimalTopology-0-20240420-22:57:21-9068,scalar,LoRa.server[1],noOfHostsInSFTier: 7,,,305
LoRaSim-MinimalTopology-0-20240420-22:57:21-9068,scalar,LoRa.server[1],SF: 8,,,0
LoRaSim-MinimalTopology-0-20240420-22:57:21-9068,scalar,LoRa.server[1],rcvCounter: 8,,,0
LoRaSim-MinimalTopology-0-20240420-22:57:21-9068,scalar,LoRa.server[1],noOfCollidedPackets: 8,,,0
LoRaSim-MinimalTopology-0-20240420-22:57:21-9068,scalar,LoRa.server[1],noOfSuccessPackets: 8,,,0
LoRaSim-MinimalTopology-0-20240420-22:57:21-9068,scalar,LoRa.server[1],noOfHostsInSFTier: 8,,,131
LoRaSim-MinimalTopology-0-20240420-22:57:21-9068,scalar,LoRa.server[1],SF: 9,,,0
LoRaSim-MinimalTopology-0-20240420-22:57:21-9068,scalar,LoRa.server[1],rcvCounter: 9,,,0
LoRaSim-MinimalTopology-0-20240420-22:57:21-9068,scalar,LoRa.server[1],noOfCollidedPackets: 9,,,0
LoRaSim-MinimalTopology-0-20240420-22:57:21-9068,scalar,LoRa.server[1],noOfSuccessPackets: 9,,,0
LoRaSim-MinimalTopology-0-20240420-22:57:21-9068,scalar,LoRa.server[1],noOfHostsInSFTier: 9,,,204
LoRaSim-MinimalTopology-0-20240420-22:57:21-9068,scalar,LoRa.server[1],SF: 10,,,0
LoRaSim-MinimalTopology-0-20240420-22:57:21-9068,scalar,LoRa.server[1],rcvCounter: 10,,,0
LoRaSim-MinimalTopology-0-20240420-22:57:21-9068,scalar,LoRa.server[1],noOfCollidedPackets: 10,,,0
LoRaSim-MinimalTopology-0-20240420-22:57:21-9068,scalar,LoRa.server[1],noOfSuccessPackets: 10,,,0
LoRaSim-MinimalTopology-0-20240420-22:57:21-9068,scalar,LoRa.server[1],noOfHostsInSFTier: 10,,,301
LoRaSim-MinimalTopology-0-20240420-22:57:21-9068,scalar,LoRa.server[1],SF: 11,,,0
LoRaSim-MinimalTopology-0-20240420-22:57:21-9068,scalar,LoRa.server[1],rcvCounter: 11,,,0
LoRaSim-MinimalTopology-0-20240420-22:57:21-9068,scalar,LoRa.server[1],noOfCollidedPackets: 11,,,0
LoRaSim-MinimalTopology-0-20240420-22:57:21-9068,scalar,LoRa.server[1],noOfSuccessPackets: 11,,,0
LoRaSim-MinimalTopology-0-20240420-22:57:21-9068,scalar,LoRa.server[1],noOfHostsInSFTier: 11,,,391
LoRaSim-MinimalTopology-0-20240420-22:57:21-9068,scalar,LoRa.server[1],SF: 12,,,0.32790972222222
LoRaSim-MinimalTopology-0-20240420-22:57:21-9068,scalar,LoRa.server[1],rcvCounter: 12,,,162005
LoRaSim-MinimalTopology-0-20240420-22:57:21-9068,scalar,LoRa.server[1],noOfCollidedPackets: 12,,,20348
LoRaSim-MinimalTopology-0-20240420-22:57:21-9068,scalar,LoRa.server[1],noOfSuccessPackets: 12,,,141657
LoRaSim-MinimalTopology-0-20240420-22:57:21-9068,scalar,LoRa.server[1],noOfHostsInSFTier: 12,,,667
LoRaSim-MinimalTopology-0-20240420-22:57:21-9068,scalar,LoRa.server[1],totalSuccessRate,,,0.32790972222222
LoRaSim-MinimalTopology-0-20240420-22:57:21-9068,scalar,LoRa.server[1],totalSuccessProb,,,0.87439893830437
LoRaSim-MinimalTopology-0-20240420-22:57:21-9068,scalar,LoRa.server[1],duration,,,432000
LoRaSim-MinimalTopology-0-20240420-22:57:21-9068,scalar,LoRa.server[2],SF: 7,,,0
LoRaSim-MinimalTopology-0-20240420-22:57:21-9068,scalar,LoRa.server[2],rcvCounter: 7,,,0
LoRaSim-MinimalTopology-0-20240420-22:57:21-9068,scalar,LoRa.server[2],noOfCollidedPackets: 7,,,0
LoRaSim-MinimalTopology-0-20240420-22:57:21-9068,scalar,LoRa.server[2],noOfSuccessPackets: 7,,,0
LoRaSim-MinimalTopology-0-20240420-22:57:21-9068,scalar,LoRa.server[2],noOfHostsInSFTier: 7,,,305
LoRaSim-MinimalTopology-0-20240420-22:57:21-9068,scalar,LoRa.server[2],SF: 8,,,0
LoRaSim-MinimalTopology-0-20240420-22:57:21-9068,scalar,LoRa.server[2],rcvCounter: 8,,,0
LoRaSim-MinimalTopology-0-20240420-22:57:21-9068,scalar,LoRa.server[2],noOfCollidedPackets: 8,,,0
LoRaSim-MinimalTopology-0-20240420-22:57:21-9068,scalar,LoRa.server[2],noOfSuccessPackets: 8,,,0
LoRaSim-MinimalTopology-0-20240420-22:57:21-9068,scalar,LoRa.server[2],noOfHostsInSFTier: 8,,,131
LoRaSim-MinimalTopology-0-20240420-22:57:21-9068,scalar,LoRa.server[2],SF: 9,,,0
LoRaSim-MinimalTopology-0-20240420-22:57:21-9068,scalar,LoRa.server[2],rcvCounter: 9,,,0
LoRaSim-MinimalTopology-0-20240420-22:57:21-9068,scalar,LoRa.server[2],noOfCollidedPackets: 9,,,0
LoRaSim-MinimalTopology-0-20240420-22:57:21-9068,scalar,LoRa.server[2],noOfSuccessPackets: 9,,,0
LoRaSim-MinimalTopology-0-20240420-22:57:21-9068,scalar,LoRa.server[2],noOfHostsInSFTier: 9,,,204
LoRaSim-MinimalTopology-0-20240420-22:57:21-9068,scalar,LoRa.server[2],SF: 10,,,0
LoRaSim-MinimalTopology-0-20240420-22:57:21-9068,scalar,LoRa.server[2],rcvCounter: 10,,,0
LoRaSim-MinimalTopology-0-20240420-22:57:21-9068,scalar,LoRa.server[2],noOfCollidedPackets: 10,,,0
LoRaSim-MinimalTopology-0-20240420-22:57:21-9068,scalar,LoRa.server[2],noOfSuccessPackets: 10,,,0
LoRaSim-MinimalTopology-0-20240420-22:57:21-9068,scalar,LoRa.server[2],noOfHostsInSFTier: 10,,,301
LoRaSim-MinimalTopology-0-20240420-22:57:21-9068,scalar,LoRa.server[2],SF: 11,,,0
LoRaSim-MinimalTopology-0-20240420-22:57:21-9068,scalar,LoRa.server[2],rcvCounter: 11,,,0
LoRaSim-MinimalTopology-0-20240420-22:57:21-9068,scalar,LoRa.server[2],noOfCollidedPackets: 11,,,0
LoRaSim-MinimalTopology-0-20240420-22:57:21-9068,scalar,LoRa.server[2],noOfSuccessPackets: 11,,,0
LoRaSim-MinimalTopology-0-20240420-22:57:21-9068,scalar,LoRa.server[2],noOfHostsInSFTier: 11,,,391
LoRaSim-MinimalTopology-0-20240420-22:57:21-9068,scalar,LoRa.server[2],SF: 12,,,0.319125
LoRaSim-MinimalTopology-0-20240420-22:57:21-9068,scalar,LoRa.server[2],rcvCounter: 12,,,157782
LoRaSim-MinimalTopology-0-20240420-22:57:21-9068,scalar,LoRa.server[2],noOfCollidedPackets: 12,,,19920
LoRaSim-MinimalTopology-0-20240420-22:57:21-9068,scalar,LoRa.server[2],noOfSuccessPackets: 12,,,137862
LoRaSim-MinimalTopology-0-20240420-22:57:21-9068,scalar,LoRa.server[2],noOfHostsInSFTier: 12,,,667
LoRaSim-MinimalTopology-0-20240420-22:57:21-9068,scalar,LoRa.server[2],totalSuccessRate,,,0.319125
LoRaSim-MinimalTopology-0-20240420-22:57:21-9068,scalar,LoRa.server[2],totalSuccessProb,,,0.87374985739818
LoRaSim-MinimalTopology-0-20240420-22:57:21-9068,scalar,LoRa.server[2],duration,,,432000
LoRaSim-MinimalTopology-0-20240420-22:57:21-9068,scalar,LoRa.server[3],SF: 7,,,0
LoRaSim-MinimalTopology-0-20240420-22:57:21-9068,scalar,LoRa.server[3],rcvCounter: 7,,,0
LoRaSim-MinimalTopology-0-20240420-22:57:21-9068,scalar,LoRa.server[3],noOfCollidedPackets: 7,,,0
LoRaSim-MinimalTopology-0-20240420-22:57:21-9068,scalar,LoRa.server[3],noOfSuccessPackets: 7,,,0
LoRaSim-MinimalTopology-0-20240420-22:57:21-9068,scalar,LoRa.server[3],noOfHostsInSFTier: 7,,,305
LoRaSim-MinimalTopology-0-20240420-22:57:21-9068,scalar,LoRa.server[3],SF: 8,,,0
LoRaSim-MinimalTopology-0-20240420-22:57:21-9068,scalar,LoRa.server[3],rcvCounter: 8,,,0
LoRaSim-MinimalTopology-0-20240420-22:57:21-9068,scalar,LoRa.server[3],noOfCollidedPackets: 8,,,0
LoRaSim-MinimalTopology-0-20240420-22:57:21-9068,scalar,LoRa.server[3],noOfSuccessPackets: 8,,,0
LoRaSim-MinimalTopology-0-20240420-22:57:21-9068,scalar,LoRa.server[3],noOfHostsInSFTier: 8,,,131
LoRaSim-MinimalTopology-0-20240420-22:57:21-9068,scalar,LoRa.server[3],SF: 9,,,0
LoRaSim-MinimalTopology-0-20240420-22:57:21-9068,scalar,LoRa.server[3],rcvCounter: 9,,,0
LoRaSim-MinimalTopology-0-20240420-22:57:21-9068,scalar,LoRa.server[3],noOfCollidedPackets: 9,,,0
LoRaSim-MinimalTopology-0-20240420-22:57:21-9068,scalar,LoRa.server[3],noOfSuccessPackets: 9,,,0
LoRaSim-MinimalTopology-0-20240420-22:57:21-9068,scalar,LoRa.server[3],noOfHostsInSFTier: 9,,,204
LoRaSim-MinimalTopology-0-20240420-22:57:21-9068,scalar,LoRa.server[3],SF: 10,,,0
LoRaSim-MinimalTopology-0-20240420-22:57:21-9068,scalar,LoRa.server[3],rcvCounter: 10,,,0
LoRaSim-MinimalTopology-0-20240420-22:57:21-9068,scalar,LoRa.server[3],noOfCollidedPackets: 10,,,0
LoRaSim-MinimalTopology-0-20240420-22:57:21-9068,scalar,LoRa.server[3],noOfSuccessPackets: 10,,,0
LoRaSim-MinimalTopology-0-20240420-22:57:21-9068,scalar,LoRa.server[3],noOfHostsInSFTier: 10,,,301
LoRaSim-MinimalTopology-0-20240420-22:57:21-9068,scalar,LoRa.server[3],SF: 11,,,0
LoRaSim-MinimalTopology-0-20240420-22:57:21-9068,scalar,LoRa.server[3],rcvCounter: 11,,,0
LoRaSim-MinimalTopology-0-20240420-22:57:21-9068,scalar,LoRa.server[3],noOfCollidedPackets: 11,,,0
LoRaSim-MinimalTopology-0-20240420-22:57:21-9068,scalar,LoRa.server[3],noOfSuccessPackets: 11,,,0
LoRaSim-MinimalTopology-0-20240420-22:57:21-9068,scalar,LoRa.server[3],noOfHostsInSFTier: 11,,,391
LoRaSim-MinimalTopology-0-20240420-22:57:21-9068,scalar,LoRa.server[3],SF: 12,,,0.31134953703704
LoRaSim-MinimalTopology-0-20240420-22:57:21-9068,scalar,LoRa.server[3],rcvCounter: 12,,,152906
LoRaSim-MinimalTopology-0-20240420-22:57:21-9068,scalar,LoRa.server[3],noOfCollidedPackets: 12,,,18403
LoRaSim-MinimalTopology-0-20240420-22:57:21-9068,scalar,LoRa.server[3],noOfSuccessPackets: 12,,,134503
LoRaSim-MinimalTopology-0-20240420-22:57:21-9068,scalar,LoRa.server[3],noOfHostsInSFTier: 12,,,667
LoRaSim-MinimalTopology-0-20240420-22:57:21-9068,scalar,LoRa.server[3],totalSuccessRate,,,0.31134953703704
LoRaSim-MinimalTopology-0-20240420-22:57:21-9068,scalar,LoRa.server[3],totalSuccessProb,,,0.87964501066014
LoRaSim-MinimalTopology-0-20240420-22:57:21-9068,scalar,LoRa.server[3],duration,,,432000
LoRaSim-MinimalTopology-0-20240420-22:57:21-9068,scalar,LoRa.server[4],SF: 7,,,0
LoRaSim-MinimalTopology-0-20240420-22:57:21-9068,scalar,LoRa.server[4],rcvCounter: 7,,,0
LoRaSim-MinimalTopology-0-20240420-22:57:21-9068,scalar,LoRa.server[4],noOfCollidedPackets: 7,,,0
LoRaSim-MinimalTopology-0-20240420-22:57:21-9068,scalar,LoRa.server[4],noOfSuccessPackets: 7,,,0
LoRaSim-MinimalTopology-0-20240420-22:57:21-9068,scalar,LoRa.server[4],noOfHostsInSFTier: 7,,,305
LoRaSim-MinimalTopology-0-20240420-22:57:21-9068,scalar,LoRa.server[4],SF: 8,,,0
LoRaSim-MinimalTopology-0-20240420-22:57:21-9068,scalar,LoRa.server[4],rcvCounter: 8,,,0
LoRaSim-MinimalTopology-0-20240420-22:57:21-9068,scalar,LoRa.server[4],noOfCollidedPackets: 8,,,0
LoRaSim-MinimalTopology-0-20240420-22:57:21-9068,scalar,LoRa.server[4],noOfSuccessPackets: 8,,,0
LoRaSim-MinimalTopology-0-20240420-22:57:21-9068,scalar,LoRa.server[4],noOfHostsInSFTier: 8,,,131
LoRaSim-MinimalTopology-0-20240420-22:57:21-9068,scalar,LoRa.server[4],SF: 9,,,0
LoRaSim-MinimalTopology-0-20240420-22:57:21-9068,scalar,LoRa.server[4],rcvCounter: 9,,,0
LoRaSim-MinimalTopology-0-20240420-22:57:21-9068,scalar,LoRa.server[4],noOfCollidedPackets: 9,,,0
LoRaSim-MinimalTopology-0-20240420-22:57:21-9068,scalar,LoRa.server[4],noOfSuccessPackets: 9,,,0
LoRaSim-MinimalTopology-0-20240420-22:57:21-9068,scalar,LoRa.server[4],noOfHostsInSFTier: 9,,,204
LoRaSim-MinimalTopology-0-20240420-22:57:21-9068,scalar,LoRa.server[4],SF: 10,,,0
LoRaSim-MinimalTopology-0-20240420-22:57:21-9068,scalar,LoRa.server[4],rcvCounter: 10,,,0
LoRaSim-MinimalTopology-0-20240420-22:57:21-9068,scalar,LoRa.server[4],noOfCollidedPackets: 10,,,0
LoRaSim-MinimalTopology-0-20240420-22:57:21-9068,scalar,LoRa.server[4],noOfSuccessPackets: 10,,,0
LoRaSim-MinimalTopology-0-20240420-22:57:21-9068,scalar,LoRa.server[4],noOfHostsInSFTier: 10,,,301
LoRaSim-MinimalTopology-0-20240420-22:57:21-9068,scalar,LoRa.server[4],SF: 11,,,0
LoRaSim-MinimalTopology-0-20240420-22:57:21-9068,scalar,LoRa.server[4],rcvCounter: 11,,,0
LoRaSim-MinimalTopology-0-20240420-22:57:21-9068,scalar,LoRa.server[4],noOfCollidedPackets: 11,,,0
LoRaSim-MinimalTopology-0-20240420-22:57:21-9068,scalar,LoRa.server[4],noOfSuccessPackets: 11,,,0
LoRaSim-MinimalTopology-0-20240420-22:57:21-9068,scalar,LoRa.server[4],noOfHostsInSFTier: 11,,,391
LoRaSim-MinimalTopology-0-20240420-22:57:21-9068,scalar,LoRa.server[4],SF: 12,,,0.34615046296296
LoRaSim-MinimalTopology-0-20240420-22:57:21-9068,scalar,LoRa.server[4],rcvCounter: 12,,,173084
LoRaSim-MinimalTopology-0-20240420-22:57:21-9068,scalar,LoRa.server[4],noOfCollidedPackets: 12,,,23547
LoRaSim-MinimalTopology-0-20240420-22:57:21-9068,scalar,LoRa.server[4],noOfSuccessPackets: 12,,,149537
LoRaSim-MinimalTopology-0-20240420-22:57:21-9068,scalar,LoRa.server[4],noOfHostsInSFTier: 12,,,667
LoRaSim-MinimalTopology-0-20240420-22:57:21-9068,scalar,LoRa.server[4],totalSuccessRate,,,0.34615046296296
LoRaSim-MinimalTopology-0-20240420-22:57:21-9068,scalar,LoRa.server[4],totalSuccessProb,,,0.86395622934529
LoRaSim-MinimalTopology-0-20240420-22:57:21-9068,scalar,LoRa.server[4],duration,,,432000
LoRaSim-MinimalTopology-0-20240420-22:57:21-9068,scalar,LoRa.server[5],SF: 7,,,0
LoRaSim-MinimalTopology-0-20240420-22:57:21-9068,scalar,LoRa.server[5],rcvCounter: 7,,,0
LoRaSim-MinimalTopology-0-20240420-22:57:21-9068,scalar,LoRa.server[5],noOfCollidedPackets: 7,,,0
LoRaSim-MinimalTopology-0-20240420-22:57:21-9068,scalar,LoRa.server[5],noOfSuccessPackets: 7,,,0
LoRaSim-MinimalTopology-0-20240420-22:57:21-9068,scalar,LoRa.server[5],noOfHostsInSFTier: 7,,,305
LoRaSim-MinimalTopology-0-20240420-22:57:21-9068,scalar,LoRa.server[5],SF: 8,,,0
LoRaSim-MinimalTopology-0-20240420-22:57:21-9068,scalar,LoRa.server[5],rcvCounter: 8,,,0
LoRaSim-MinimalTopology-0-20240420-22:57:21-9068,scalar,LoRa.server[5],noOfCollidedPackets: 8,,,0
LoRaSim-MinimalTopology-0-20240420-22:57:21-9068,scalar,LoRa.server[5],noOfSuccessPackets: 8,,,0
LoRaSim-MinimalTopology-0-20240420-22:57:21-9068,scalar,LoRa.server[5],noOfHostsInSFTier: 8,,,131
LoRaSim-MinimalTopology-0-20240420-22:57:21-9068,scalar,LoRa.server[5],SF: 9,,,0
LoRaSim-MinimalTopology-0-20240420-22:57:21-9068,scalar,LoRa.server[5],rcvCounter: 9,,,0
LoRaSim-MinimalTopology-0-20240420-22:57:21-9068,scalar,LoRa.server[5],noOfCollidedPackets: 9,,,0
LoRaSim-MinimalTopology-0-20240420-22:57:21-9068,scalar,LoRa.server[5],noOfSuccessPackets: 9,,,0
LoRaSim-MinimalTopology-0-20240420-22:57:21-9068,scalar,LoRa.server[5],noOfHostsInSFTier: 9,,,204
LoRaSim-MinimalTopology-0-20240420-22:57:21-9068,scalar,LoRa.server[5],SF: 10,,,0
LoRaSim-MinimalTopology-0-20240420-22:57:21-9068,scalar,LoRa.server[5],rcvCounter: 10,,,0
LoRaSim-MinimalTopology-0-20240420-22:57:21-9068,scalar,LoRa.server[5],noOfCollidedPackets: 10,,,0
LoRaSim-MinimalTopology-0-20240420-22:57:21-9068,scalar,LoRa.server[5],noOfSuccessPackets: 10,,,0
LoRaSim-MinimalTopology-0-20240420-22:57:21-9068,scalar,LoRa.server[5],noOfHostsInSFTier: 10,,,301
LoRaSim-MinimalTopology-0-20240420-22:57:21-9068,scalar,LoRa.server[5],SF: 11,,,0
LoRaSim-MinimalTopology-0-20240420-22:57:21-9068,scalar,LoRa.server[5],rcvCounter: 11,,,0
LoRaSim-MinimalTopology-0-20240420-22:57:21-9068,scalar,LoRa.server[5],noOfCollidedPackets: 11,,,0
LoRaSim-MinimalTopology-0-20240420-22:57:21-9068,scalar,LoRa.server[5],noOfSuccessPackets: 11,,,0
LoRaSim-MinimalTopology-0-20240420-22:57:21-9068,scalar,LoRa.server[5],noOfHostsInSFTier: 11,,,391
LoRaSim-MinimalTopology-0-20240420-22:57:21-9068,scalar,LoRa.server[5],SF: 12,,,0.32491203703704
LoRaSim-MinimalTopology-0-20240420-22:57:21-9068,scalar,LoRa.server[5],rcvCounter: 12,,,160733
LoRaSim-MinimalTopology-0-20240420-22:57:21-9068,scalar,LoRa.server[5],noOfCollidedPackets: 12,,,20371
LoRaSim-MinimalTopology-0-20240420-22:57:21-9068,scalar,LoRa.server[5],noOfSuccessPackets: 12,,,140362
LoRaSim-MinimalTopology-0-20240420-22:57:21-9068,scalar,LoRa.server[5],noOfHostsInSFTier: 12,,,667
LoRaSim-MinimalTopology-0-20240420-22:57:21-9068,scalar,LoRa.server[5],totalSuccessRate,,,0.32491203703704
LoRaSim-MinimalTopology-0-20240420-22:57:21-9068,scalar,LoRa.server[5],totalSuccessProb,,,0.87326186906236
LoRaSim-MinimalTopology-0-20240420-22:57:21-9068,scalar,LoRa.server[5],duration,,,432000
LoRaSim-MinimalTopology-0-20240420-22:57:21-9068,scalar,LoRa.server[6],SF: 7,,,0
LoRaSim-MinimalTopology-0-20240420-22:57:21-9068,scalar,LoRa.server[6],rcvCounter: 7,,,0
LoRaSim-MinimalTopology-0-20240420-22:57:21-9068,scalar,LoRa.server[6],noOfCollidedPackets: 7,,,0
LoRaSim-MinimalTopology-0-20240420-22:57:21-9068,scalar,LoRa.server[6],noOfSuccessPackets: 7,,,0
LoRaSim-MinimalTopology-0-20240420-22:57:21-9068,scalar,LoRa.server[6],noOfHostsInSFTier: 7,,,305
LoRaSim-MinimalTopology-0-20240420-22:57:21-9068,scalar,LoRa.server[6],SF: 8,,,0
LoRaSim-MinimalTopology-0-20240420-22:57:21-9068,scalar,LoRa.server[6],rcvCounter: 8,,,0
LoRaSim-MinimalTopology-0-20240420-22:57:21-9068,scalar,LoRa.server[6],noOfCollidedPackets: 8,,,0
LoRaSim-MinimalTopology-0-20240420-22:57:21-9068,scalar,LoRa.server[6],noOfSuccessPackets: 8,,,0
LoRaSim-MinimalTopology-0-20240420-22:57:21-9068,scalar,LoRa.server[6],noOfHostsInSFTier: 8,,,131
LoRaSim-MinimalTopology-0-20240420-22:57:21-9068,scalar,LoRa.server[6],SF: 9,,,0
LoRaSim-MinimalTopology-0-20240420-22:57:21-9068,scalar,LoRa.server[6],rcvCounter: 9,,,0
LoRaSim-MinimalTopology-0-20240420-22:57:21-9068,scalar,LoRa.server[6],noOfCollidedPackets: 9,,,0
LoRaSim-MinimalTopology-0-20240420-22:57:21-9068,scalar,LoRa.server[6],noOfSuccessPackets: 9,,,0
LoRaSim-MinimalTopology-0-20240420-22:57:21-9068,scalar,LoRa.server[6],noOfHostsInSFTier: 9,,,204
LoRaSim-MinimalTopology-0-20240420-22:57:21-9068,scalar,LoRa.server[6],SF: 10,,,0
LoRaSim-MinimalTopology-0-20240420-22:57:21-9068,scalar,LoRa.server[6],rcvCounter: 10,,,0
LoRaSim-MinimalTopology-0-20240420-22:57:21-9068,scalar,LoRa.server[6],noOfCollidedPackets: 10,,,0
LoRaSim-MinimalTopology-0-20240420-22:57:21-9068,scalar,LoRa.server[6],noOfSuccessPackets: 10,,,0
LoRaSim-MinimalTopology-0-20240420-22:57:21-9068,scalar,LoRa.server[6],noOfHostsInSFTier: 10,,,301
LoRaSim-MinimalTopology-0-20240420-22:57:21-9068,scalar,LoRa.server[6],SF: 11,,,0
LoRaSim-MinimalTopology-0-20240420-22:57:21-9068,scalar,LoRa.server[6],rcvCounter: 11,,,0
LoRaSim-MinimalTopology-0-20240420-22:57:21-9068,scalar,LoRa.server[6],noOfCollidedPackets: 11,,,0
LoRaSim-MinimalTopology-0-20240420-22:57:21-9068,scalar,LoRa.server[6],noOfSuccessPackets: 11,,,0
LoRaSim-MinimalTopology-0-20240420-22:57:21-9068,scalar,LoRa.server[6],noOfHostsInSFTier: 11,,,391
LoRaSim-MinimalTopology-0-20240420-22:57:21-9068,scalar,LoRa.server[6],SF: 12,,,0.33273842592593
LoRaSim-MinimalTopology-0-20240420-22:57:21-9068,scalar,LoRa.server[6],rcvCounter: 12,,,165139
LoRaSim-MinimalTopology-0-20240420-22:57:21-9068,scalar,LoRa.server[6],noOfCollidedPackets: 12,,,21396
LoRaSim-MinimalTopology-0-20240420-22:57:21-9068,scalar,LoRa.server[6],noOfSuccessPackets: 12,,,143743
LoRaSim-MinimalTopology-0-20240420-22:57:21-9068,scalar,LoRa.server[6],noOfHostsInSFTier: 12,,,667
LoRaSim-MinimalTopology-0-20240420-22:57:21-9068,scalar,LoRa.server[6],totalSuccessRate,,,0.33273842592593
LoRaSim-MinimalTopology-0-20240420-22:57:21-9068,scalar,LoRa.server[6],totalSuccessProb,,,0.87043642022781
LoRaSim-MinimalTopology-0-20240420-22:57:21-9068,scalar,LoRa.server[6],duration,,,432000
LoRaSim-MinimalTopology-0-20240420-22:57:21-9068,scalar,LoRa.server[7],SF: 7,,,0
LoRaSim-MinimalTopology-0-20240420-22:57:21-9068,scalar,LoRa.server[7],rcvCounter: 7,,,0
LoRaSim-MinimalTopology-0-20240420-22:57:21-9068,scalar,LoRa.server[7],noOfCollidedPackets: 7,,,0
LoRaSim-MinimalTopology-0-20240420-22:57:21-9068,scalar,LoRa.server[7],noOfSuccessPackets: 7,,,0
LoRaSim-MinimalTopology-0-20240420-22:57:21-9068,scalar,LoRa.server[7],noOfHostsInSFTier: 7,,,305
LoRaSim-MinimalTopology-0-20240420-22:57:21-9068,scalar,LoRa.server[7],SF: 8,,,0
LoRaSim-MinimalTopology-0-20240420-22:57:21-9068,scalar,LoRa.server[7],rcvCounter: 8,,,0
LoRaSim-MinimalTopology-0-20240420-22:57:21-9068,scalar,LoRa.server[7],noOfCollidedPackets: 8,,,0
LoRaSim-MinimalTopology-0-20240420-22:57:21-9068,scalar,LoRa.server[7],noOfSuccessPackets: 8,,,0
LoRaSim-MinimalTopology-0-20240420-22:57:21-9068,scalar,LoRa.server[7],noOfHostsInSFTier: 8,,,131
LoRaSim-MinimalTopology-0-20240420-22:57:21-9068,scalar,LoRa.server[7],SF: 9,,,0
LoRaSim-MinimalTopology-0-20240420-22:57:21-9068,scalar,LoRa.server[7],rcvCounter: 9,,,0
LoRaSim-MinimalTopology-0-20240420-22:57:21-9068,scalar,LoRa.server[7],noOfCollidedPackets: 9,,,0
LoRaSim-MinimalTopology-0-20240420-22:57:21-9068,scalar,LoRa.server[7],noOfSuccessPackets: 9,,,0
LoRaSim-MinimalTopology-0-20240420-22:57:21-9068,scalar,LoRa.server[7],noOfHostsInSFTier: 9,,,204
LoRaSim-MinimalTopology-0-20240420-22:57:21-9068,scalar,LoRa.server[7],SF: 10,,,0
LoRaSim-MinimalTopology-0-20240420-22:57:21-9068,scalar,LoRa.server[7],rcvCounter: 10,,,0
LoRaSim-MinimalTopology-0-20240420-22:57:21-9068,scalar,LoRa.server[7],noOfCollidedPackets: 10,,,0
LoRaSim-MinimalTopology-0-20240420-22:57:21-9068,scalar,LoRa.server[7],noOfSuccessPackets: 10,,,0
LoRaSim-MinimalTopology-0-20240420-22:57:21-9068,scalar,LoRa.server[7],noOfHostsInSFTier: 10,,,301
LoRaSim-MinimalTopology-0-20240420-22:57:21-9068,scalar,LoRa.server[7],SF: 11,,,0
LoRaSim-MinimalTopology-0-20240420-22:57:21-9068,scalar,LoRa.server[7],rcvCounter: 11,,,0
LoRaSim-MinimalTopology-0-20240420-22:57:21-9068,scalar,LoRa.server[7],noOfCollidedPackets: 11,,,0
LoRaSim-MinimalTopology-0-20240420-22:57:21-9068,scalar,LoRa.server[7],noOfSuccessPackets: 11,,,0
LoRaSim-MinimalTopology-0-20240420-22:57:21-9068,scalar,LoRa.server[7],noOfHostsInSFTier: 11,,,391
LoRaSim-MinimalTopology-0-20240420-22:57:21-9068,scalar,LoRa.server[7],SF: 12,,,0.3489537037037
LoRaSim-MinimalTopology-0-20240420-22:57:21-9068,scalar,LoRa.server[7],rcvCounter: 12,,,174008
LoRaSim-MinimalTopology-0-20240420-22:57:21-9068,scalar,LoRa.server[7],noOfCollidedPackets: 12,,,23260
LoRaSim-MinimalTopology-0-20240420-22:57:21-9068,scalar,LoRa.server[7],noOfSuccessPackets: 12,,,150748
LoRaSim-MinimalTopology-0-20240420-22:57:21-9068,scalar,LoRa.server[7],noOfHostsInSFTier: 12,,,667
LoRaSim-MinimalTopology-0-20240420-22:57:21-9068,scalar,LoRa.server[7],totalSuccessRate,,,0.3489537037037
LoRaSim-MinimalTopology-0-20240420-22:57:21-9068,scalar,LoRa.server[7],totalSuccessProb,,,0.86632798492023
LoRaSim-MinimalTopology-0-20240420-22:57:21-9068,scalar,LoRa.server[7],duration,,,432000
LoRaSim-MinimalTopology-0-20240420-22:57:21-9068,scalar,LoRa.host[0],numOfHostsPerSF_Server0_SF7,,,141
LoRaSim-MinimalTopology-0-20240420-22:57:21-9068,scalar,LoRa.host[0],numOfHostsPerSF_Server0_SF8,,,38
LoRaSim-MinimalTopology-0-20240420-22:57:21-9068,scalar,LoRa.host[0],numOfHostsPerSF_Server0_SF9,,,28
LoRaSim-MinimalTopology-0-20240420-22:57:21-9068,scalar,LoRa.host[0],numOfHostsPerSF_Server0_SF10,,,25
LoRaSim-MinimalTopology-0-20240420-22:57:21-9068,scalar,LoRa.host[0],numOfHostsPerSF_Server0_SF11,,,19
LoRaSim-MinimalTopology-0-20240420-22:57:21-9068,scalar,LoRa.host[0],numOfHostsPerSF_Server0_SF12,,,13
LoRaSim-MinimalTopology-0-20240420-22:57:21-9068,scalar,LoRa.host[0],numOfHostsPerSF_Server1_SF7,,,121
LoRaSim-MinimalTopology-0-20240420-22:57:21-9068,scalar,LoRa.host[0],numOfHostsPerSF_Server1_SF8,,,34
LoRaSim-MinimalTopology-0-20240420-22:57:21-9068,scalar,LoRa.host[0],numOfHostsPerSF_Server1_SF9,,,24
LoRaSim-MinimalTopology-0-20240420-22:57:21-9068,scalar,LoRa.host[0],numOfHostsPerSF_Server1_SF10,,,39
LoRaSim-MinimalTopology-0-20240420-22:57:21-9068,scalar,LoRa.host[0],numOfHostsPerSF_Server1_SF11,,,17
LoRaSim-MinimalTopology-0-20240420-22:57:21-9068,scalar,LoRa.host[0],numOfHostsPerSF_Server1_SF12,,,11
LoRaSim-MinimalTopology-0-20240420-22:57:21-9068,scalar,LoRa.host[0],numOfHostsPerSF_Server2_SF7,,,130
LoRaSim-MinimalTopology-0-20240420-22:57:21-9068,scalar,LoRa.host[0],numOfHostsPerSF_Server2_SF8,,,34
LoRaSim-MinimalTopology-0-20240420-22:57:21-9068,scalar,LoRa.host[0],numOfHostsPerSF_Server2_SF9,,,32
LoRaSim-MinimalTopology-0-20240420-22:57:21-9068,scalar,LoRa.host[0],numOfHostsPerSF_Server2_SF10,,,17
LoRaSim-MinimalTopology-0-20240420-22:57:21-9068,scalar,LoRa.host[0],numOfHostsPerSF_Server2_SF11,,,19
LoRaSim-MinimalTopology-0-20240420-22:57:21-9068,scalar,LoRa.host[0],numOfHostsPerSF_Server2_SF12,,,7
LoRaSim-MinimalTopology-0-20240420-22:57:21-9068,scalar,LoRa.host[0],numOfHostsPerSF_Server3_SF7,,,139
LoRaSim-MinimalTopology-0-20240420-22:57:21-9068,scalar,LoRa.host[0],numOfHostsPerSF_Server3_SF8,,,18
LoRaSim-MinimalTopology-0-20240420-22:57:21-9068,scalar,LoRa.host[0],numOfHostsPerSF_Server3_SF9,,,32
LoRaSim-MinimalTopology-0-20240420-22:57:21-9068,scalar,LoRa.host[0],numOfHostsPerSF_Server3_SF10,,,25
LoRaSim-MinimalTopology-0-20240420-22:57:21-9068,scalar,LoRa.host[0],numOfHostsPerSF_Server3_SF11,,,11
LoRaSim-MinimalTopology-0-20240420-22:57:21-9068,scalar,LoRa.host[0],numOfHostsPerSF_Server3_SF12,,,7
LoRaSim-MinimalTopology-0-20240420-22:57:21-9068,scalar,LoRa.host[0],numOfHostsPerSF_Server4_SF7,,,133
LoRaSim-MinimalTopology-0-20240420-22:57:21-9068,scalar,LoRa.host[0],numOfHostsPerSF_Server4_SF8,,,38
LoRaSim-MinimalTopology-0-20240420-22:57:21-9068,scalar,LoRa.host[0],numOfHostsPerSF_Server4_SF9,,,29
LoRaSim-MinimalTopology-0-20240420-22:57:21-9068,scalar,LoRa.host[0],numOfHostsPerSF_Server4_SF10,,,27
LoRaSim-MinimalTopology-0-20240420-22:57:21-9068,scalar,LoRa.host[0],numOfHostsPerSF_Server4_SF11,,,29
LoRaSim-MinimalTopology-0-20240420-22:57:21-9068,scalar,LoRa.host[0],numOfHostsPerSF_Server4_SF12,,,6
LoRaSim-MinimalTopology-0-20240420-22:57:21-9068,scalar,LoRa.host[0],numOfHostsPerSF_Server5_SF7,,,135
LoRaSim-MinimalTopology-0-20240420-22:57:21-9068,scalar,LoRa.host[0],numOfHostsPerSF_Server5_SF8,,,34
LoRaSim-MinimalTopology-0-20240420-22:57:21-9068,scalar,LoRa.host[0],numOfHostsPerSF_Server5_SF9,,,26
LoRaSim-MinimalTopology-0-20240420-22:57:21-9068,scalar,LoRa.host[0],numOfHostsPerSF_Server5_SF10,,,28
LoRaSim-MinimalTopology-0-20240420-22:57:21-9068,scalar,LoRa.host[0],numOfHostsPerSF_Server5_SF11,,,13
LoRaSim-MinimalTopology-0-20240420-22:57:21-9068,scalar,LoRa.host[0],numOfHostsPerSF_Server5_SF12,,,8
LoRaSim-MinimalTopology-0-20240420-22:57:21-9068,scalar,LoRa.host[0],numOfHostsPerSF_Server6_SF7,,,129
LoRaSim-MinimalTopology-0-20240420-22:57:21-9068,scalar,LoRa.host[0],numOfHostsPerSF_Server6_SF8,,,32
LoRaSim-MinimalTopology-0-20240420-22:57:21-9068,scalar,LoRa.host[0],numOfHostsPerSF_Server6_SF9,,,32
LoRaSim-MinimalTopology-0-20240420-22:57:21-9068,scalar,LoRa.host[0],numOfHostsPerSF_Server6_SF10,,,31
LoRaSim-MinimalTopology-0-20240420-22:57:21-9068,scalar,LoRa.host[0],numOfHostsPerSF_Server6_SF11,,,15
LoRaSim-MinimalTopology-0-20240420-22:57:21-9068,scalar,LoRa.host[0],numOfHostsPerSF_Server6_SF12,,,10
LoRaSim-MinimalTopology-0-20240420-22:57:21-9068,scalar,LoRa.host[0],numOfHostsPerSF_Server7_SF7,,,141
LoRaSim-MinimalTopology-0-20240420-22:57:21-9068,scalar,LoRa.host[0],numOfHostsPerSF_Server7_SF8,,,37
LoRaSim-MinimalTopology-0-20240420-22:57:21-9068,scalar,LoRa.host[0],numOfHostsPerSF_Server7_SF9,,,25
LoRaSim-MinimalTopology-0-20240420-22:57:21-9068,scalar,LoRa.host[0],numOfHostsPerSF_Server7_SF10,,,22
LoRaSim-MinimalTopology-0-20240420-22:57:21-9068,scalar,LoRa.host[0],numOfHostsPerSF_Server7_SF11,,,33
LoRaSim-MinimalTopology-0-20240420-22:57:21-9068,scalar,LoRa.host[0],numOfHostsPerSF_Server7_SF12,,,6
LoRaSim-MinimalTopology-0-20240420-22:57:21-9068,scalar,_runattrs_,M,,,8
LoRaSim-MinimalTopology-0-20240420-22:57:21-9068,scalar,_runattrs_,N,,,2000
