run,type,module,name,attrname,attrvalue,value
LoRaSim-MinimalTopology-0-20240420-23:01:52-14012,runattr,,,configname,LoRaSim-MinimalTopology,
LoRaSim-MinimalTopology-0-20240420-23:01:52-14012,runattr,,,datetime,20240420-23:01:52,
LoRaSim-MinimalTopology-0-20240420-23:01:52-14012,runattr,,,experiment,LoRaSim-MinimalTopology,
LoRaSim-MinimalTopology-0-20240420-23:01:52-14012,runattr,,,inifile,omnetpp.ini,
LoRaSim-MinimalTopology-0-20240420-23:01:52-14012,runattr,,,iterationvars,"$N=5000, $M=8",
LoRaSim-MinimalTopology-0-20240420-23:01:52-14012,runattr,,,iterationvarsf,"N=5000,M=8-",
LoRaSim-MinimalTopology-0-20240420-23:01:52-14012,runattr,,,measurement,"$N=5000, $M=8",
LoRaSim-MinimalTopology-0-20240420-23:01:52-14012,runattr,,,network,LoRa,
LoRaSim-MinimalTopology-0-20240420-23:01:52-14012,runattr,,,processid,14012,
LoRaSim-MinimalTopology-0-20240420-23:01:52-14012,runattr,,,repetition,0,
LoRaSim-MinimalTopology-0-20240420-23:01:52-14012,runattr,,,replication,#0,
LoRaSim-MinimalTopology-0-20240420-23:01:52-14012,runattr,,,resultdir,results,
LoRaSim-MinimalTopology-0-20240420-23:01:52-14012,runattr,,,runnumber,0,
LoRaSim-MinimalTopology-0-20240420-23:01:52-14012,runattr,,,seedset,0,
LoRaSim-MinimalTopology-0-20240420-23:01:52-14012,itervar,,,M,8,
LoRaSim-MinimalTopology-0-20240420-23:01:52-14012,itervar,,,N,5000,
LoRaSim-MinimalTopology-0-20240420-23:01:52-14012,param,,,LoRa.host[*].isBufferingEvents,false,
LoRaSim-MinimalTopology-0-20240420-23:01:52-14012,param,,,LoRa.host[*].addFrameHeader,false,
LoRaSim-MinimalTopology-0-20240420-23:01:52-14012,param,,,LoRa.host[*].nbOfChannels,3,
LoRaSim-MinimalTopology-0-20240420-23:01:52-14012,param,,,LoRa.numHosts,5000,
LoRaSim-MinimalTopology-0-20240420-23:01:52-14012,param,,,LoRa.host[*].iaTime,exponential(600s),
LoRaSim-MinimalTopology-0-20240420-23:01:52-14012,param,,,LoRa.host[*].pkLenBits,160b,
LoRaSim-MinimalTopology-0-20240420-23:01:52-14012,param,,,LoRa.netR,6333.83 m,
LoRaSim-MinimalTopology-0-20240420-23:01:52-14012,param,,,LoRa.server[*].pathlossExp,3,
LoRaSim-MinimalTopology-0-20240420-23:01:52-14012,param,,,LoRa.server[*].BW,125,
LoRaSim-MinimalTopology-0-20240420-23:01:52-14012,param,,,LoRa.numServers,8,
LoRaSim-MinimalTopology-0-20240420-23:01:52-14012,param,,,LoRa.server[0].x,-6333.83m,
LoRaSim-MinimalTopology-0-20240420-23:01:52-14012,param,,,LoRa.server[0].y,0,
LoRaSim-MinimalTopology-0-20240420-23:01:52-14012,param,,,LoRa.server[1].x,-4491.94m,
LoRaSim-MinimalTopology-0-20240420-23:01:52-14012,param,,,LoRa.server[1].y,4491.94m,
LoRaSim-MinimalTopology-0-20240420-23:01:52-14012,param,,,LoRa.server[2].x,0,
LoRaSim-MinimalTopology-0-20240420-23:01:52-14012,param,,,LoRa.server[2].y,6333.83m,
LoRaSim-MinimalTopology-0-20240420-23:01:52-14012,param,,,LoRa.server[3].x,4491.94m,
LoRaSim-MinimalTopology-0-20240420-23:01:52-14012,param,,,LoRa.server[3].y,4491.94m,
LoRaSim-MinimalTopology-0-20240420-23:01:52-14012,param,,,LoRa.server[4].x,6333.83m,
LoRaSim-MinimalTopology-0-20240420-23:01:52-14012,param,,,LoRa.server[4].y,0,
LoRaSim-MinimalTopology-0-20240420-23:01:52-14012,param,,,LoRa.server[5].x,4491.94m,
LoRaSim-MinimalTopology-0-20240420-23:01:52-14012,param,,,LoRa.server[5].y,-4491.94m,
LoRaSim-MinimalTopology-0-20240420-23:01:52-14012,param,,,LoRa.server[6].x,0,
LoRaSim-MinimalTopology-0-20240420-23:01:52-14012,param,,,LoRa.server[6].y,-6333.83m,
LoRaSim-MinimalTopology-0-20240420-23:01:52-14012,param,,,LoRa.server[7].x,-4491.94m,
LoRaSim-MinimalTopology-0-20240420-23:01:52-14012,param,,,LoRa.server[7].y,-4491.94m,
LoRaSim-MinimalTopology-0-20240420-23:01:52-14012,param,,,**.animationHoldTimeOnCollision,0s,
LoRaSim-MinimalTopology-0-20240420-23:01:52-14012,param,,,**.idleAnimationSpeed,1,
LoRaSim-MinimalTopology-0-20240420-23:01:52-14012,param,,,**.transmissionEdgeAnimationSpeed,1e-6,
LoRaSim-MinimalTopology-0-20240420-23:01:52-14012,param,,,**.midTransmissionAnimationSpeed,1e-1,
LoRaSim-MinimalTopology-0-20240420-23:01:52-14012,param,,,LoRa.slotTime,0,
LoRaSim-MinimalTopology-0-20240420-23:01:52-14012,param,,,LoRa.dutyCycleActive,true,
LoRaSim-MinimalTopology-0-20240420-23:01:52-14012,scalar,LoRa.server[0],SF: 7,,,0
LoRaSim-MinimalTopology-0-20240420-23:01:52-14012,scalar,LoRa.server[0],rcvCounter: 7,,,0
LoRaSim-MinimalTopology-0-20240420-23:01:52-14012,scalar,LoRa.server[0],noOfCollidedPackets: 7,,,0
LoRaSim-MinimalTopology-0-20240420-23:01:52-14012,scalar,LoRa.server[0],noOfSuccessPackets: 7,,,0
LoRaSim-MinimalTopology-0-20240420-23:01:52-14012,scalar,LoRa.server[0],noOfHostsInSFTier: 7,,,739
LoRaSim-MinimalTopology-0-20240420-23:01:52-14012,scalar,LoRa.server[0],SF: 8,,,0
LoRaSim-MinimalTopology-0-20240420-23:01:52-14012,scalar,LoRa.server[0],rcvCounter: 8,,,0
LoRaSim-MinimalTopology-0-20240420-23:01:52-14012,scalar,LoRa.server[0],noOfCollidedPackets: 8,,,0
LoRaSim-MinimalTopology-0-20240420-23:01:52-14012,scalar,LoRa.server[0],noOfSuccessPackets: 8,,,0
LoRaSim-MinimalTopology-0-20240420-23:01:52-14012,scalar,LoRa.server[0],noOfHostsInSFTier: 8,,,331
LoRaSim-MinimalTopology-0-20240420-23:01:52-14012,scalar,LoRa.server[0],SF: 9,,,0
LoRaSim-MinimalTopology-0-20240420-23:01:52-14012,scalar,LoRa.server[0],rcvCounter: 9,,,0
LoRaSim-MinimalTopology-0-20240420-23:01:52-14012,scalar,LoRa.server[0],noOfCollidedPackets: 9,,,0
LoRaSim-MinimalTopology-0-20240420-23:01:52-14012,scalar,LoRa.server[0],noOfSuccessPackets: 9,,,0
LoRaSim-MinimalTopology-0-20240420-23:01:52-14012,scalar,LoRa.server[0],noOfHostsInSFTier: 9,,,539
LoRaSim-MinimalTopology-0-20240420-23:01:52-14012,scalar,LoRa.server[0],SF: 10,,,0
LoRaSim-MinimalTopology-0-20240420-23:01:52-14012,scalar,LoRa.server[0],rcvCounter: 10,,,0
LoRaSim-MinimalTopology-0-20240420-23:01:52-14012,scalar,LoRa.server[0],noOfCollidedPackets: 10,,,0
LoRaSim-MinimalTopology-0-20240420-23:01:52-14012,scalar,LoRa.server[0],noOfSuccessPackets: 10,,,0
LoRaSim-MinimalTopology-0-20240420-23:01:52-14012,scalar,LoRa.server[0],noOfHostsInSFTier: 10,,,767
LoRaSim-MinimalTopology-0-20240420-23:01:52-14012,scalar,LoRa.server[0],SF: 11,,,0
LoRaSim-MinimalTopology-0-20240420-23:01:52-14012,scalar,LoRa.server[0],rcvCounter: 11,,,0
LoRaSim-MinimalTopology-0-20240420-23:01:52-14012,scalar,LoRa.server[0],noOfCollidedPackets: 11,,,0
LoRaSim-MinimalTopology-0-20240420-23:01:52-14012,scalar,LoRa.server[0],noOfSuccessPackets: 11,,,0
LoRaSim-MinimalTopology-0-20240420-23:01:52-14012,scalar,LoRa.server[0],noOfHostsInSFTier: 11,,,1043
LoRaSim-MinimalTopology-0-20240420-23:01:52-14012,scalar,LoRa.server[0],SF: 12,,,0.67638194444444
LoRaSim-MinimalTopology-0-20240420-23:01:52-14012,scalar,LoRa.server[0],rcvCounter: 12,,,412151
LoRaSim-MinimalTopology-0-20240420-23:01:52-14012,scalar,LoRa.server[0],noOfCollidedPackets: 12,,,119954
LoRaSim-MinimalTopology-0-20240420-23:01:52-14012,scalar,LoRa.server[0],noOfSuccessPackets: 12,,,292197
LoRaSim-MinimalTopology-0-20240420-23:01:52-14012,scalar,LoRa.server[0],noOfHostsInSFTier: 12,,,1577
LoRaSim-MinimalTopology-0-20240420-23:01:52-14012,scalar,LoRa.server[0],totalSuccessRate,,,0.67638194444444
LoRaSim-MinimalTopology-0-20240420-23:01:52-14012,scalar,LoRa.server[0],totalSuccessProb,,,0.70895618353468
LoRaSim-MinimalTopology-0-20240420-23:01:52-14012,scalar,LoRa.server[0],duration,,,432000
LoRaSim-MinimalTopology-0-20240420-23:01:52-14012,scalar,LoRa.server[1],SF: 7,,,0
LoRaSim-MinimalTopology-0-20240420-23:01:52-14012,scalar,LoRa.server[1],rcvCounter: 7,,,0
LoRaSim-MinimalTopology-0-20240420-23:01:52-14012,scalar,LoRa.server[1],noOfCollidedPackets: 7,,,0
LoRaSim-MinimalTopology-0-20240420-23:01:52-14012,scalar,LoRa.server[1],noOfSuccessPackets: 7,,,0
LoRaSim-MinimalTopology-0-20240420-23:01:52-14012,scalar,LoRa.server[1],noOfHostsInSFTier: 7,,,739
LoRaSim-MinimalTopology-0-20240420-23:01:52-14012,scalar,LoRa.server[1],SF: 8,,,0
LoRaSim-MinimalTopology-0-20240420-23:01:52-14012,scalar,LoRa.server[1],rcvCounter: 8,,,0
LoRaSim-MinimalTopology-0-20240420-23:01:52-14012,scalar,LoRa.server[1],noOfCollidedPackets: 8,,,0
LoRaSim-MinimalTopology-0-20240420-23:01:52-14012,scalar,LoRa.server[1],noOfSuccessPackets: 8,,,0
LoRaSim-MinimalTopology-0-20240420-23:01:52-14012,scalar,LoRa.server[1],noOfHostsInSFTier: 8,,,331
LoRaSim-MinimalTopology-0-20240420-23:01:52-14012,scalar,LoRa.server[1],SF: 9,,,0
LoRaSim-MinimalTopology-0-20240420-23:01:52-14012,scalar,LoRa.server[1],rcvCounter: 9,,,0
LoRaSim-MinimalTopology-0-20240420-23:01:52-14012,scalar,LoRa.server[1],noOfCollidedPackets: 9,,,0
LoRaSim-MinimalTopology-0-20240420-23:01:52-14012,scalar,LoRa.server[1],noOfSuccessPackets: 9,,,0
LoRaSim-MinimalTopology-0-20240420-23:01:52-14012,scalar,LoRa.server[1],noOfHostsInSFTier: 9,,,539
LoRaSim-MinimalTopology-0-20240420-23:01:52-14012,scalar,LoRa.server[1],SF: 10,,,0
LoRaSim-MinimalTopology-0-20240420-23:01:52-14012,scalar,LoRa.server[1],rcvCounter: 10,,,0
LoRaSim-MinimalTopology-0-20240420-23:01:52-14012,scalar,LoRa.server[1],noOfCollidedPackets: 10,,,0
LoRaSim-MinimalTopology-0-20240420-23:01:52-14012,scalar,LoRa.server[1],noOfSuccessPackets: 10,,,0
LoRaSim-MinimalTopology-0-20240420-23:01:52-14012,scalar,LoRa.server[1],noOfHostsInSFTier: 10,,,767
LoRaSim-MinimalTopology-0-20240420-23:01:52-14012,scalar,LoRa.server[1],SF: 11,,,0
LoRaSim-MinimalTopology-0-20240420-23:01:52-14012,scalar,LoRa.server[1],rcvCounter: 11,,,0
LoRaSim-MinimalTopology-0-20240420-23:01:52-14012,scalar,LoRa.server[1],noOfCollidedPackets: 11,,,0
LoRaSim-MinimalTopology-0-20240420-23:01:52-14012,scalar,LoRa.server[1],noOfSuccessPackets: 11,,,0
LoRaSim-MinimalTopology-0-20240420-23:01:52-14012,scalar,LoRa.server[1],noOfHostsInSFTier: 11,,,1043
LoRaSim-MinimalTopology-0-20240420-23:01:52-14012,scalar,LoRa.server[1],SF: 12,,,0.66218518518519
LoRaSim-MinimalTopology-0-20240420-23:01:52-14012,scalar,LoRa.server[1],rcvCounter: 12,,,397414
LoRaSim-MinimalTopology-0-20240420-23:01:52-14012,scalar,LoRa.server[1],noOfCollidedPackets: 12,,,111350
LoRaSim-MinimalTopology-0-20240420-23:01:52-14012,scalar,LoRa.server[1],noOfSuccessPackets: 12,,,286064
LoRaSim-MinimalTopology-0-20240420-23:01:52-14012,scalar,LoRa.server[1],noOfHostsInSFTier: 12,,,1577
LoRaSim-MinimalTopology-0-20240420-23:01:52-14012,scalar,LoRa.server[1],totalSuccessRate,,,0.66218518518519
LoRaSim-MinimalTopology-0-20240420-23:01:52-14012,scalar,LoRa.server[1],totalSuccessProb,,,0.71981359489097
LoRaSim-MinimalTopology-0-20240420-23:01:52-14012,scalar,LoRa.server[1],duration,,,432000
LoRaSim-MinimalTopology-0-20240420-23:01:52-14012,scalar,LoRa.server[2],SF: 7,,,0
LoRaSim-MinimalTopology-0-20240420-23:01:52-14012,scalar,LoRa.server[2],rcvCounter: 7,,,0
LoRaSim-MinimalTopology-0-20240420-23:01:52-14012,scalar,LoRa.server[2],noOfCollidedPackets: 7,,,0
LoRaSim-MinimalTopology-0-20240420-23:01:52-14012,scalar,LoRa.server[2],noOfSuccessPackets: 7,,,0
LoRaSim-MinimalTopology-0-20240420-23:01:52-14012,scalar,LoRa.server[2],noOfHostsInSFTier: 7,,,739
LoRaSim-MinimalTopology-0-20240420-23:01:52-14012,scalar,LoRa.server[2],SF: 8,,,0
LoRaSim-MinimalTopology-0-20240420-23:01:52-14012,scalar,LoRa.server[2],rcvCounter: 8,,,0
LoRaSim-MinimalTopology-0-20240420-23:01:52-14012,scalar,LoRa.server[2],noOfCollidedPackets: 8,,,0
LoRaSim-MinimalTopology-0-20240420-23:01:52-14012,scalar,LoRa.server[2],noOfSuccessPackets: 8,,,0
LoRaSim-MinimalTopology-0-20240420-23:01:52-14012,scalar,LoRa.server[2],noOfHostsInSFTier: 8,,,331
LoRaSim-MinimalTopology-0-20240420-23:01:52-14012,scalar,LoRa.server[2],SF: 9,,,0
LoRaSim-MinimalTopology-0-20240420-23:01:52-14012,scalar,LoRa.server[2],rcvCounter: 9,,,0
LoRaSim-MinimalTopology-0-20240420-23:01:52-14012,scalar,LoRa.server[2],noOfCollidedPackets: 9,,,0
LoRaSim-MinimalTopology-0-20240420-23:01:52-14012,scalar,LoRa.server[2],noOfSuccessPackets: 9,,,0
LoRaSim-MinimalTopology-0-20240420-23:01:52-14012,scalar,LoRa.server[2],noOfHostsInSFTier: 9,,,539
LoRaSim-MinimalTopology-0-20240420-23:01:52-14012,scalar,LoRa.server[2],SF: 10,,,0
LoRaSim-MinimalTopology-0-20240420-23:01:52-14012,scalar,LoRa.server[2],rcvCounter: 10,,,0
LoRaSim-MinimalTopology-0-20240420-23:01:52-14012,scalar,LoRa.server[2],noOfCollidedPackets: 10,,,0
LoRaSim-MinimalTopology-0-20240420-23:01:52-14012,scalar,LoRa.server[2],noOfSuccessPackets: 10,,,0
LoRaSim-MinimalTopology-0-20240420-23:01:52-14012,scalar,LoRa.server[2],noOfHostsInSFTier: 10,,,767
LoRaSim-MinimalTopology-0-20240420-23:01:52-14012,scalar,LoRa.server[2],SF: 11,,,0
LoRaSim-MinimalTopology-0-20240420-23:01:52-14012,scalar,LoRa.server[2],rcvCounter: 11,,,0
LoRaSim-MinimalTopology-0-20240420-23:01:52-14012,scalar,LoRa.server[2],noOfCollidedPackets: 11,,,0
LoRaSim-MinimalTopology-0-20240420-23:01:52-14012,scalar,LoRa.server[2],noOfSuccessPackets: 11,,,0
LoRaSim-MinimalTopology-0-20240420-23:01:52-14012,scalar,LoRa.server[2],noOfHostsInSFTier: 11,,,1043
LoRaSim-MinimalTopology-0-20240420-23:01:52-14012,scalar,LoRa.server[2],SF: 12,,,0.68572916666667
LoRaSim-MinimalTopology-0-20240420-23:01:52-14012,scalar,LoRa.server[2],rcvCounter: 12,,,418980
LoRaSim-MinimalTopology-0-20240420-23:01:52-14012,scalar,LoRa.server[2],noOfCollidedPackets: 12,,,122745
LoRaSim-MinimalTopology-0-20240420-23:01:52-14012,scalar,LoRa.server[2],noOfSuccessPackets: 12,,,296235
LoRaSim-MinimalTopology-0-20240420-23:01:52-14012,scalar,LoRa.server[2],noOfHostsInSFTier: 12,,,1577
LoRaSim-MinimalTopology-0-20240420-23:01:52-14012,scalar,LoRa.server[2],totalSuccessRate,,,0.68572916666667
LoRaSim-MinimalTopology-0-20240420-23:01:52-14012,scalar,LoRa.server[2],totalSuccessProb,,,0.70703852212516
LoRaSim-MinimalTopology-0-20240420-23:01:52-14012,scalar,LoRa.server[2],duration,,,432000
LoRaSim-MinimalTopology-0-20240420-23:01:52-14012,scalar,LoRa.server[3],SF: 7,,,0
LoRaSim-MinimalTopology-0-20240420-23:01:52-14012,scalar,LoRa.server[3],rcvCounter: 7,,,0
LoRaSim-MinimalTopology-0-20240420-23:01:52-14012,scalar,LoRa.server[3],noOfCollidedPackets: 7,,,0
LoRaSim-MinimalTopology-0-20240420-23:01:52-14012,scalar,LoRa.server[3],noOfSuccessPackets: 7,,,0
LoRaSim-MinimalTopology-0-20240420-23:01:52-14012,scalar,LoRa.server[3],noOfHostsInSFTier: 7,,,739
LoRaSim-MinimalTopology-0-20240420-23:01:52-14012,scalar,LoRa.server[3],SF: 8,,,0
LoRaSim-MinimalTopology-0-20240420-23:01:52-14012,scalar,LoRa.server[3],rcvCounter: 8,,,0
LoRaSim-MinimalTopology-0-20240420-23:01:52-14012,scalar,LoRa.server[3],noOfCollidedPackets: 8,,,0
LoRaSim-MinimalTopology-0-20240420-23:01:52-14012,scalar,LoRa.server[3],noOfSuccessPackets: 8,,,0
LoRaSim-MinimalTopology-0-20240420-23:01:52-14012,scalar,LoRa.server[3],noOfHostsInSFTier: 8,,,331
LoRaSim-MinimalTopology-0-20240420-23:01:52-14012,scalar,LoRa.server[3],SF: 9,,,0
LoRaSim-MinimalTopology-0-20240420-23:01:52-14012,scalar,LoRa.server[3],rcvCounter: 9,,,0
LoRaSim-MinimalTopology-0-20240420-23:01:52-14012,scalar,LoRa.server[3],noOfCollidedPackets: 9,,,0
LoRaSim-MinimalTopology-0-20240420-23:01:52-14012,scalar,LoRa.server[3],noOfSuccessPackets: 9,,,0
LoRaSim-MinimalTopology-0-20240420-23:01:52-14012,scalar,LoRa.server[3],noOfHostsInSFTier: 9,,,539
LoRaSim-MinimalTopology-0-20240420-23:01:52-14012,scalar,LoRa.server[3],SF: 10,,,0
LoRaSim-MinimalTopology-0-20240420-23:01:52-14012,scalar,LoRa.server[3],rcvCounter: 10,,,0
LoRaSim-MinimalTopology-0-20240420-23:01:52-14012,scalar,LoRa.server[3],noOfCollidedPackets: 10,,,0
LoRaSim-MinimalTopology-0-20240420-23:01:52-14012,scalar,LoRa.server[3],noOfSuccessPackets: 10,,,0
LoRaSim-MinimalTopology-0-20240420-23:01:52-14012,scalar,LoRa.server[3],noOfHostsInSFTier: 10,,,767
LoRaSim-MinimalTopology-0-20240420-23:01:52-14012,scalar,LoRa.server[3],SF: 11,,,0
LoRaSim-MinimalTopology-0-20240420-23:01:52-14012,scalar,LoRa.server[3],rcvCounter: 11,,,0
LoRaSim-MinimalTopology-0-20240420-23:01:52-14012,scalar,LoRa.server[3],noOfCollidedPackets: 11,,,0
LoRaSim-MinimalTopology-0-20240420-23:01:52-14012,scalar,LoRa.server[3],noOfSuccessPackets: 11,,,0
LoRaSim-MinimalTopology-0-20240420-23:01:52-14012,scalar,LoRa.server[3],noOfHostsInSFTier: 11,,,1043
LoRaSim-MinimalTopology-0-20240420-23:01:52-14012,scalar,LoRa.server[3],SF: 12,,,0.66540972222222
LoRaSim-MinimalTopology-0-20240420-23:01:52-14012,scalar,LoRa.server[3],rcvCounter: 12,,,400546
LoRaSim-MinimalTopology-0-20240420-23:01:52-14012,scalar,LoRa.server[3],noOfCollidedPackets: 12,,,113089
LoRaSim-MinimalTopology-0-20240420-23:01:52-14012,scalar,LoRa.server[3],noOfSuccessPackets: 12,,,287457
LoRaSim-MinimalTopology-0-20240420-23:01:52-14012,scalar,LoRa.server[3],noOfHostsInSFTier: 12,,,1577
LoRaSim-MinimalTopology-0-20240420-23:01:52-14012,scalar,LoRa.server[3],totalSuccessRate,,,0.66540972222222
LoRaSim-MinimalTopology-0-20240420-23:01:52-14012,scalar,LoRa.server[3],totalSuccessProb,,,0.71766289015494
LoRaSim-MinimalTopology-0-20240420-23:01:52-14012,scalar,LoRa.server[3],duration,,,432000
LoRaSim-MinimalTopology-0-20240420-23:01:52-14012,scalar,LoRa.server[4],SF: 7,,,0
LoRaSim-MinimalTopology-0-20240420-23:01:52-14012,scalar,LoRa.server[4],rcvCounter: 7,,,0
LoRaSim-MinimalTopology-0-20240420-23:01:52-14012,scalar,LoRa.server[4],noOfCollidedPackets: 7,,,0
LoRaSim-MinimalTopology-0-20240420-23:01:52-14012,scalar,LoRa.server[4],noOfSuccessPackets: 7,,,0
LoRaSim-MinimalTopology-0-20240420-23:01:52-14012,scalar,LoRa.server[4],noOfHostsInSFTier: 7,,,739
LoRaSim-MinimalTopology-0-20240420-23:01:52-14012,scalar,LoRa.server[4],SF: 8,,,0
LoRaSim-MinimalTopology-0-20240420-23:01:52-14012,scalar,LoRa.server[4],rcvCounter: 8,,,0
LoRaSim-MinimalTopology-0-20240420-23:01:52-14012,scalar,LoRa.server[4],noOfCollidedPackets: 8,,,0
LoRaSim-MinimalTopology-0-20240420-23:01:52-14012,scalar,LoRa.server[4],noOfSuccessPackets: 8,,,0
LoRaSim-MinimalTopology-0-20240420-23:01:52-14012,scalar,LoRa.server[4],noOfHostsInSFTier: 8,,,331
LoRaSim-MinimalTopology-0-20240420-23:01:52-14012,scalar,LoRa.server[4],SF: 9,,,0
LoRaSim-MinimalTopology-0-20240420-23:01:52-14012,scalar,LoRa.server[4],rcvCounter: 9,,,0
LoRaSim-MinimalTopology-0-20240420-23:01:52-14012,scalar,LoRa.server[4],noOfCollidedPackets: 9,,,0
LoRaSim-MinimalTopology-0-20240420-23:01:52-14012,scalar,LoRa.server[4],noOfSuccessPackets: 9,,,0
LoRaSim-MinimalTopology-0-20240420-23:01:52-14012,scalar,LoRa.server[4],noOfHostsInSFTier: 9,,,539
LoRaSim-MinimalTopology-0-20240420-23:01:52-14012,scalar,LoRa.server[4],SF: 10,,,0
LoRaSim-MinimalTopology-0-20240420-23:01:52-14012,scalar,LoRa.server[4],rcvCounter: 10,,,0
LoRaSim-MinimalTopology-0-20240420-23:01:52-14012,scalar,LoRa.server[4],noOfCollidedPackets: 10,,,0
LoRaSim-MinimalTopology-0-20240420-23:01:52-14012,scalar,LoRa.server[4],noOfSuccessPackets: 10,,,0
LoRaSim-MinimalTopology-0-20240420-23:01:52-14012,scalar,LoRa.server[4],noOfHostsInSFTier: 10,,,767
LoRaSim-MinimalTopology-0-20240420-23:01:52-14012,scalar,LoRa.server[4],SF: 11,,,0
LoRaSim-MinimalTopology-0-20240420-23:01:52-14012,scalar,LoRa.server[4],rcvCounter: 11,,,0
LoRaSim-MinimalTopology-0-20240420-23:01:52-14012,scalar,LoRa.server[4],noOfCollidedPackets: 11,,,0
LoRaSim-MinimalTopology-0-20240420-23:01:52-14012,scalar,LoRa.server[4],noOfSuccessPackets: 11,,,0
LoRaSim-MinimalTopology-0-20240420-23:01:52-14012,scalar,LoRa.server[4],noOfHostsInSFTier: 11,,,1043
LoRaSim-MinimalTopology-0-20240420-23:01:52-14012,scalar,LoRa.server[4],SF: 12,,,0.69652314814815
LoRaSim-MinimalTopology-0-20240420-23:01:52-14012,scalar,LoRa.server[4],rcvCounter: 12,,,428707
LoRaSim-MinimalTopology-0-20240420-23:01:52-14012,scalar,LoRa.server[4],noOfCollidedPackets: 12,,,127809
LoRaSim-MinimalTopology-0-20240420-23:01:52-14012,scalar,LoRa.server[4],noOfSuccessPackets: 12,,,300898
LoRaSim-MinimalTopology-0-20240420-23:01:52-14012,scalar,LoRa.server[4],noOfHostsInSFTier: 12,,,1577
LoRaSim-MinimalTopology-0-20240420-23:01:52-14012,scalar,LoRa.server[4],totalSuccessRate,,,0.69652314814815
LoRaSim-MinimalTopology-0-20240420-23:01:52-14012,scalar,LoRa.server[4],totalSuccessProb,,,0.70187330741042
LoRaSim-MinimalTopology-0-20240420-23:01:52-14012,scalar,LoRa.server[4],duration,,,432000
LoRaSim-MinimalTopology-0-20240420-23:01:52-14012,scalar,LoRa.server[5],SF: 7,,,0
LoRaSim-MinimalTopology-0-20240420-23:01:52-14012,scalar,LoRa.server[5],rcvCounter: 7,,,0
LoRaSim-MinimalTopology-0-20240420-23:01:52-14012,scalar,LoRa.server[5],noOfCollidedPackets: 7,,,0
LoRaSim-MinimalTopology-0-20240420-23:01:52-14012,scalar,LoRa.server[5],noOfSuccessPackets: 7,,,0
LoRaSim-MinimalTopology-0-20240420-23:01:52-14012,scalar,LoRa.server[5],noOfHostsInSFTier: 7,,,739
LoRaSim-MinimalTopology-0-20240420-23:01:52-14012,scalar,LoRa.server[5],SF: 8,,,0
LoRaSim-MinimalTopology-0-20240420-23:01:52-14012,scalar,LoRa.server[5],rcvCounter: 8,,,0
LoRaSim-MinimalTopology-0-20240420-23:01:52-14012,scalar,LoRa.server[5],noOfCollidedPackets: 8,,,0
LoRaSim-MinimalTopology-0-20240420-23:01:52-14012,scalar,LoRa.server[5],noOfSuccessPackets: 8,,,0
LoRaSim-MinimalTopology-0-20240420-23:01:52-14012,scalar,LoRa.server[5],noOfHostsInSFTier: 8,,,331
LoRaSim-MinimalTopology-0-20240420-23:01:52-14012,scalar,LoRa.server[5],SF: 9,,,0
LoRaSim-MinimalTopology-0-20240420-23:01:52-14012,scalar,LoRa.server[5],rcvCounter: 9,,,0
LoRaSim-MinimalTopology-0-20240420-23:01:52-14012,scalar,LoRa.server[5],noOfCollidedPackets: 9,,,0
LoRaSim-MinimalTopology-0-20240420-23:01:52-14012,scalar,LoRa.server[5],noOfSuccessPackets: 9,,,0
LoRaSim-MinimalTopology-0-20240420-23:01:52-14012,scalar,LoRa.server[5],noOfHostsInSFTier: 9,,,539
LoRaSim-MinimalTopology-0-20240420-23:01:52-14012,scalar,LoRa.server[5],SF: 10,,,0
LoRaSim-MinimalTopology-0-20240420-23:01:52-14012,scalar,LoRa.server[5],rcvCounter: 10,,,0
LoRaSim-MinimalTopology-0-20240420-23:01:52-14012,scalar,LoRa.server[5],noOfCollidedPackets: 10,,,0
LoRaSim-MinimalTopology-0-20240420-23:01:52-14012,scalar,LoRa.server[5],noOfSuccessPackets: 10,,,0
LoRaSim-MinimalTopology-0-20240420-23:01:52-14012,scalar,LoRa.server[5],noOfHostsInSFTier: 10,,,767
LoRaSim-MinimalTopology-0-20240420-23:01:52-14012,scalar,LoRa.server[5],SF: 11,,,0
LoRaSim-MinimalTopology-0-20240420-23:01:52-14012,scalar,LoRa.server[5],rcvCounter: 11,,,0
LoRaSim-MinimalTopology-0-20240420-23:01:52-14012,scalar,LoRa.server[5],noOfCollidedPackets: 11,,,0
LoRaSim-MinimalTopology-0-20240420-23:01:52-14012,scalar,LoRa.server[5],noOfSuccessPackets: 11,,,0
LoRaSim-MinimalTopology-0-20240420-23:01:52-14012,scalar,LoRa.server[5],noOfHostsInSFTier: 11,,,1043
LoRaSim-MinimalTopology-0-20240420-23:01:52-14012,scalar,LoRa.server[5],SF: 12,,,0.6694837962963
LoRaSim-MinimalTopology-0-20240420-23:01:52-14012,scalar,LoRa.server[5],rcvCounter: 12,,,404006
LoRaSim-MinimalTopology-0-20240420-23:01:52-14012,scalar,LoRa.server[5],noOfCollidedPackets: 12,,,114789
LoRaSim-MinimalTopology-0-20240420-23:01:52-14012,scalar,LoRa.server[5],noOfSuccessPackets: 12,,,289217
LoRaSim-MinimalTopology-0-20240420-23:01:52-14012,scalar,LoRa.server[5],noOfHostsInSFTier: 12,,,1577
LoRaSim-MinimalTopology-0-20240420-23:01:52-14012,scalar,LoRa.server[5],totalSuccessRate,,,0.6694837962963
LoRaSim-MinimalTopology-0-20240420-23:01:52-14012,scalar,LoRa.server[5],totalSuccessProb,,,0.71587303158864
LoRaSim-MinimalTopology-0-20240420-23:01:52-14012,scalar,LoRa.server[5],duration,,,432000
LoRaSim-MinimalTopology-0-20240420-23:01:52-14012,scalar,LoRa.server[6],SF: 7,,,0
LoRaSim-MinimalTopology-0-20240420-23:01:52-14012,scalar,LoRa.server[6],rcvCounter: 7,,,0
LoRaSim-MinimalTopology-0-20240420-23:01:52-14012,scalar,LoRa.server[6],noOfCollidedPackets: 7,,,0
LoRaSim-MinimalTopology-0-20240420-23:01:52-14012,scalar,LoRa.server[6],noOfSuccessPackets: 7,,,0
LoRaSim-MinimalTopology-0-20240420-23:01:52-14012,scalar,LoRa.server[6],noOfHostsInSFTier: 7,,,739
LoRaSim-MinimalTopology-0-20240420-23:01:52-14012,scalar,LoRa.server[6],SF: 8,,,0
LoRaSim-MinimalTopology-0-20240420-23:01:52-14012,scalar,LoRa.server[6],rcvCounter: 8,,,0
LoRaSim-MinimalTopology-0-20240420-23:01:52-14012,scalar,LoRa.server[6],noOfCollidedPackets: 8,,,0
LoRaSim-MinimalTopology-0-20240420-23:01:52-14012,scalar,LoRa.server[6],noOfSuccessPackets: 8,,,0
LoRaSim-MinimalTopology-0-20240420-23:01:52-14012,scalar,LoRa.server[6],noOfHostsInSFTier: 8,,,331
LoRaSim-MinimalTopology-0-20240420-23:01:52-14012,scalar,LoRa.server[6],SF: 9,,,0
LoRaSim-MinimalTopology-0-20240420-23:01:52-14012,scalar,LoRa.server[6],rcvCounter: 9,,,0
LoRaSim-MinimalTopology-0-20240420-23:01:52-14012,scalar,LoRa.server[6],noOfCollidedPackets: 9,,,0
LoRaSim-MinimalTopology-0-20240420-23:01:52-14012,scalar,LoRa.server[6],noOfSuccessPackets: 9,,,0
LoRaSim-MinimalTopology-0-20240420-23:01:52-14012,scalar,LoRa.server[6],noOfHostsInSFTier: 9,,,539
LoRaSim-MinimalTopology-0-20240420-23:01:52-14012,scalar,LoRa.server[6],SF: 10,,,0
LoRaSim-MinimalTopology-0-20240420-23:01:52-14012,scalar,LoRa.server[6],rcvCounter: 10,,,0
LoRaSim-MinimalTopology-0-20240420-23:01:52-14012,scalar,LoRa.server[6],noOfCollidedPackets: 10,,,0
LoRaSim-MinimalTopology-0-20240420-23:01:52-14012,scalar,LoRa.server[6],noOfSuccessPackets: 10,,,0
LoRaSim-MinimalTopology-0-20240420-23:01:52-14012,scalar,LoRa.server[6],noOfHostsInSFTier: 10,,,767
LoRaSim-MinimalTopology-0-20240420-23:01:52-14012,scalar,LoRa.server[6],SF: 11,,,0
LoRaSim-MinimalTopology-0-20240420-23:01:52-14012,scalar,LoRa.server[6],rcvCounter: 11,,,0
LoRaSim-MinimalTopology-0-20240420-23:01:52-14012,scalar,LoRa.server[6],noOfCollidedPackets: 11,,,0
LoRaSim-MinimalTopology-0-20240420-23:01:52-14012,scalar,LoRa.server[6],noOfSuccessPackets: 11,,,0
LoRaSim-MinimalTopology-0-20240420-23:01:52-14012,scalar,LoRa.server[6],noOfHostsInSFTier: 11,,,1043
LoRaSim-MinimalTopology-0-20240420-23:01:52-14012,scalar,LoRa.server[6],SF: 12,,,0.67975694444444
LoRaSim-MinimalTopology-0-20240420-23:01:52-14012,scalar,LoRa.server[6],rcvCounter: 12,,,412266
LoRaSim-MinimalTopology-0-20240420-23:01:52-14012,scalar,LoRa.server[6],noOfCollidedPackets: 12,,,118611
LoRaSim-MinimalTopology-0-20240420-23:01:52-14012,scalar,LoRa.server[6],noOfSuccessPackets: 12,,,293655
LoRaSim-MinimalTopology-0-20240420-23:01:52-14012,scalar,LoRa.server[6],noOfHostsInSFTier: 12,,,1577
LoRaSim-MinimalTopology-0-20240420-23:01:52-14012,scalar,LoRa.server[6],totalSuccessRate,,,0.67975694444444
LoRaSim-MinimalTopology-0-20240420-23:01:52-14012,scalar,LoRa.server[6],totalSuccessProb,,,0.71229497460378
LoRaSim-MinimalTopology-0-20240420-23:01:52-14012,scalar,LoRa.server[6],duration,,,432000
LoRaSim-MinimalTopology-0-20240420-23:01:52-14012,scalar,LoRa.server[7],SF: 7,,,0
LoRaSim-MinimalTopology-0-20240420-23:01:52-14012,scalar,LoRa.server[7],rcvCounter: 7,,,0
LoRaSim-MinimalTopology-0-20240420-23:01:52-14012,scalar,LoRa.server[7],noOfCollidedPackets: 7,,,0
LoRaSim-MinimalTopology-0-20240420-23:01:52-14012,scalar,LoRa.server[7],noOfSuccessPackets: 7,,,0
LoRaSim-MinimalTopology-0-20240420-23:01:52-14012,scalar,LoRa.server[7],noOfHostsInSFTier: 7,,,739
LoRaSim-MinimalTopology-0-20240420-23:01:52-14012,scalar,LoRa.server[7],SF: 8,,,0
LoRaSim-MinimalTopology-0-20240420-23:01:52-14012,scalar,LoRa.server[7],rcvCounter: 8,,,0
LoRaSim-MinimalTopology-0-20240420-23:01:52-14012,scalar,LoRa.server[7],noOfCollidedPackets: 8,,,0
LoRaSim-MinimalTopology-0-20240420-23:01:52-14012,scalar,LoRa.server[7],noOfSuccessPackets: 8,,,0
LoRaSim-MinimalTopology-0-20240420-23:01:52-14012,scalar,LoRa.server[7],noOfHostsInSFTier: 8,,,331
LoRaSim-MinimalTopology-0-20240420-23:01:52-14012,scalar,LoRa.server[7],SF: 9,,,0
LoRaSim-MinimalTopology-0-20240420-23:01:52-14012,scalar,LoRa.server[7],rcvCounter: 9,,,0
LoRaSim-MinimalTopology-0-20240420-23:01:52-14012,scalar,LoRa.server[7],noOfCollidedPackets: 9,,,0
LoRaSim-MinimalTopology-0-20240420-23:01:52-14012,scalar,LoRa.server[7],noOfSuccessPackets: 9,,,0
LoRaSim-MinimalTopology-0-20240420-23:01:52-14012,scalar,LoRa.server[7],noOfHostsInSFTier: 9,,,539
LoRaSim-MinimalTopology-0-20240420-23:01:52-14012,scalar,LoRa.server[7],SF: 10,,,0
LoRaSim-MinimalTopology-0-20240420-23:01:52-14012,scalar,LoRa.server[7],rcvCounter: 10,,,0
LoRaSim-MinimalTopology-0-20240420-23:01:52-14012,scalar,LoRa.server[7],noOfCollidedPackets: 10,,,0
LoRaSim-MinimalTopology-0-20240420-23:01:52-14012,scalar,LoRa.server[7],noOfSuccessPackets: 10,,,0
LoRaSim-MinimalTopology-0-20240420-23:01:52-14012,scalar,LoRa.server[7],noOfHostsInSFTier: 10,,,767
LoRaSim-MinimalTopology-0-20240420-23:01:52-14012,scalar,LoRa.server[7],SF: 11,,,0
LoRaSim-MinimalTopology-0-20240420-23:01:52-14012,scalar,LoRa.server[7],rcvCounter: 11,,,0
LoRaSim-MinimalTopology-0-20240420-23:01:52-14012,scalar,LoRa.server[7],noOfCollidedPackets: 11,,,0
LoRaSim-MinimalTopology-0-20240420-23:01:52-14012,scalar,LoRa.server[7],noOfSuccessPackets: 11,,,0
LoRaSim-MinimalTopology-0-20240420-23:01:52-14012,scalar,LoRa.server[7],noOfHostsInSFTier: 11,,,1043
LoRaSim-MinimalTopology-0-20240420-23:01:52-14012,scalar,LoRa.server[7],SF: 12,,,0.69555787037037
LoRaSim-MinimalTopology-0-20240420-23:01:52-14012,scalar,LoRa.server[7],rcvCounter: 12,,,427766
LoRaSim-MinimalTopology-0-20240420-23:01:52-14012,scalar,LoRa.server[7],noOfCollidedPackets: 12,,,127285
LoRaSim-MinimalTopology-0-20240420-23:01:52-14012,scalar,LoRa.server[7],noOfSuccessPackets: 12,,,300481
LoRaSim-MinimalTopology-0-20240420-23:01:52-14012,scalar,LoRa.server[7],noOfHostsInSFTier: 12,,,1577
LoRaSim-MinimalTopology-0-20240420-23:01:52-14012,scalar,LoRa.server[7],totalSuccessRate,,,0.69555787037037
LoRaSim-MinimalTopology-0-20240420-23:01:52-14012,scalar,LoRa.server[7],totalSuccessProb,,,0.70244245685725
LoRaSim-MinimalTopology-0-20240420-23:01:52-14012,scalar,LoRa.server[7],duration,,,432000
LoRaSim-MinimalTopology-0-20240420-23:01:52-14012,scalar,LoRa.host[0],numOfHostsPerSF_Server0_SF7,,,329
LoRaSim-MinimalTopology-0-20240420-23:01:52-14012,scalar,LoRa.host[0],numOfHostsPerSF_Server0_SF8,,,83
LoRaSim-MinimalTopology-0-20240420-23:01:52-14012,scalar,LoRa.host[0],numOfHostsPerSF_Server0_SF9,,,83
LoRaSim-MinimalTopology-0-20240420-23:01:52-14012,scalar,LoRa.host[0],numOfHostsPerSF_Server0_SF10,,,54
LoRaSim-MinimalTopology-0-20240420-23:01:52-14012,scalar,LoRa.host[0],numOfHostsPerSF_Server0_SF11,,,49
LoRaSim-MinimalTopology-0-20240420-23:01:52-14012,scalar,LoRa.host[0],numOfHostsPerSF_Server0_SF12,,,25
LoRaSim-MinimalTopology-0-20240420-23:01:52-14012,scalar,LoRa.host[0],numOfHostsPerSF_Server1_SF7,,,310
LoRaSim-MinimalTopology-0-20240420-23:01:52-14012,scalar,LoRa.host[0],numOfHostsPerSF_Server1_SF8,,,93
LoRaSim-MinimalTopology-0-20240420-23:01:52-14012,scalar,LoRa.host[0],numOfHostsPerSF_Server1_SF9,,,67
LoRaSim-MinimalTopology-0-20240420-23:01:52-14012,scalar,LoRa.host[0],numOfHostsPerSF_Server1_SF10,,,73
LoRaSim-MinimalTopology-0-20240420-23:01:52-14012,scalar,LoRa.host[0],numOfHostsPerSF_Server1_SF11,,,40
LoRaSim-MinimalTopology-0-20240420-23:01:52-14012,scalar,LoRa.host[0],numOfHostsPerSF_Server1_SF12,,,20
LoRaSim-MinimalTopology-0-20240420-23:01:52-14012,scalar,LoRa.host[0],numOfHostsPerSF_Server2_SF7,,,346
LoRaSim-MinimalTopology-0-20240420-23:01:52-14012,scalar,LoRa.host[0],numOfHostsPerSF_Server2_SF8,,,88
LoRaSim-MinimalTopology-0-20240420-23:01:52-14012,scalar,LoRa.host[0],numOfHostsPerSF_Server2_SF9,,,94
LoRaSim-MinimalTopology-0-20240420-23:01:52-14012,scalar,LoRa.host[0],numOfHostsPerSF_Server2_SF10,,,49
LoRaSim-MinimalTopology-0-20240420-23:01:52-14012,scalar,LoRa.host[0],numOfHostsPerSF_Server2_SF11,,,39
LoRaSim-MinimalTopology-0-20240420-23:01:52-14012,scalar,LoRa.host[0],numOfHostsPerSF_Server2_SF12,,,17
LoRaSim-MinimalTopology-0-20240420-23:01:52-14012,scalar,LoRa.host[0],numOfHostsPerSF_Server3_SF7,,,328
LoRaSim-MinimalTopology-0-20240420-23:01:52-14012,scalar,LoRa.host[0],numOfHostsPerSF_Server3_SF8,,,71
LoRaSim-MinimalTopology-0-20240420-23:01:52-14012,scalar,LoRa.host[0],numOfHostsPerSF_Server3_SF9,,,79
LoRaSim-MinimalTopology-0-20240420-23:01:52-14012,scalar,LoRa.host[0],numOfHostsPerSF_Server3_SF10,,,67
LoRaSim-MinimalTopology-0-20240420-23:01:52-14012,scalar,LoRa.host[0],numOfHostsPerSF_Server3_SF11,,,44
LoRaSim-MinimalTopology-0-20240420-23:01:52-14012,scalar,LoRa.host[0],numOfHostsPerSF_Server3_SF12,,,19
LoRaSim-MinimalTopology-0-20240420-23:01:52-14012,scalar,LoRa.host[0],numOfHostsPerSF_Server4_SF7,,,342
LoRaSim-MinimalTopology-0-20240420-23:01:52-14012,scalar,LoRa.host[0],numOfHostsPerSF_Server4_SF8,,,86
LoRaSim-MinimalTopology-0-20240420-23:01:52-14012,scalar,LoRa.host[0],numOfHostsPerSF_Server4_SF9,,,73
LoRaSim-MinimalTopology-0-20240420-23:01:52-14012,scalar,LoRa.host[0],numOfHostsPerSF_Server4_SF10,,,66
LoRaSim-MinimalTopology-0-20240420-23:01:52-14012,scalar,LoRa.host[0],numOfHostsPerSF_Server4_SF11,,,60
LoRaSim-MinimalTopology-0-20240420-23:01:52-14012,scalar,LoRa.host[0],numOfHostsPerSF_Server4_SF12,,,21
LoRaSim-MinimalTopology-0-20240420-23:01:52-14012,scalar,LoRa.host[0],numOfHostsPerSF_Server5_SF7,,,332
LoRaSim-MinimalTopology-0-20240420-23:01:52-14012,scalar,LoRa.host[0],numOfHostsPerSF_Server5_SF8,,,80
LoRaSim-MinimalTopology-0-20240420-23:01:52-14012,scalar,LoRa.host[0],numOfHostsPerSF_Server5_SF9,,,66
LoRaSim-MinimalTopology-0-20240420-23:01:52-14012,scalar,LoRa.host[0],numOfHostsPerSF_Server5_SF10,,,68
LoRaSim-MinimalTopology-0-20240420-23:01:52-14012,scalar,LoRa.host[0],numOfHostsPerSF_Server5_SF11,,,43
LoRaSim-MinimalTopology-0-20240420-23:01:52-14012,scalar,LoRa.host[0],numOfHostsPerSF_Server5_SF12,,,23
LoRaSim-MinimalTopology-0-20240420-23:01:52-14012,scalar,LoRa.host[0],numOfHostsPerSF_Server6_SF7,,,312
LoRaSim-MinimalTopology-0-20240420-23:01:52-14012,scalar,LoRa.host[0],numOfHostsPerSF_Server6_SF8,,,81
LoRaSim-MinimalTopology-0-20240420-23:01:52-14012,scalar,LoRa.host[0],numOfHostsPerSF_Server6_SF9,,,85
LoRaSim-MinimalTopology-0-20240420-23:01:52-14012,scalar,LoRa.host[0],numOfHostsPerSF_Server6_SF10,,,79
LoRaSim-MinimalTopology-0-20240420-23:01:52-14012,scalar,LoRa.host[0],numOfHostsPerSF_Server6_SF11,,,41
LoRaSim-MinimalTopology-0-20240420-23:01:52-14012,scalar,LoRa.host[0],numOfHostsPerSF_Server6_SF12,,,26
LoRaSim-MinimalTopology-0-20240420-23:01:52-14012,scalar,LoRa.host[0],numOfHostsPerSF_Server7_SF7,,,351
LoRaSim-MinimalTopology-0-20240420-23:01:52-14012,scalar,LoRa.host[0],numOfHostsPerSF_Server7_SF8,,,91
LoRaSim-MinimalTopology-0-20240420-23:01:52-14012,scalar,LoRa.host[0],numOfHostsPerSF_Server7_SF9,,,65
LoRaSim-MinimalTopology-0-20240420-23:01:52-14012,scalar,LoRa.host[0],numOfHostsPerSF_Server7_SF10,,,58
LoRaSim-MinimalTopology-0-20240420-23:01:52-14012,scalar,LoRa.host[0],numOfHostsPerSF_Server7_SF11,,,64
LoRaSim-MinimalTopology-0-20240420-23:01:52-14012,scalar,LoRa.host[0],numOfHostsPerSF_Server7_SF12,,,20
LoRaSim-MinimalTopology-0-20240420-23:01:52-14012,scalar,_runattrs_,M,,,8
LoRaSim-MinimalTopology-0-20240420-23:01:52-14012,scalar,_runattrs_,N,,,5000
