run,type,module,name,attrname,attrvalue,value
LoRaSim-MinimalTopology-0-20240420-22:58:22-11948,runattr,,,configname,LoRaSim-MinimalTopology,
LoRaSim-MinimalTopology-0-20240420-22:58:22-11948,runattr,,,datetime,20240420-22:58:22,
LoRaSim-MinimalTopology-0-20240420-22:58:22-11948,runattr,,,experiment,LoRaSim-MinimalTopology,
LoRaSim-MinimalTopology-0-20240420-22:58:22-11948,runattr,,,inifile,omnetpp.ini,
LoRaSim-MinimalTopology-0-20240420-22:58:22-11948,runattr,,,iterationvars,"$N=3000, $M=8",
LoRaSim-MinimalTopology-0-20240420-22:58:22-11948,runattr,,,iterationvarsf,"N=3000,M=8-",
LoRaSim-MinimalTopology-0-20240420-22:58:22-11948,runattr,,,measurement,"$N=3000, $M=8",
LoRaSim-MinimalTopology-0-20240420-22:58:22-11948,runattr,,,network,LoRa,
LoRaSim-MinimalTopology-0-20240420-22:58:22-11948,runattr,,,processid,11948,
LoRaSim-MinimalTopology-0-20240420-22:58:22-11948,runattr,,,repetition,0,
LoRaSim-MinimalTopology-0-20240420-22:58:22-11948,runattr,,,replication,#0,
LoRaSim-MinimalTopology-0-20240420-22:58:22-11948,runattr,,,resultdir,results,
LoRaSim-MinimalTopology-0-20240420-22:58:22-11948,runattr,,,runnumber,0,
LoRaSim-MinimalTopology-0-20240420-22:58:22-11948,runattr,,,seedset,0,
LoRaSim-MinimalTopology-0-20240420-22:58:22-11948,itervar,,,M,8,
LoRaSim-MinimalTopology-0-20240420-22:58:22-11948,itervar,,,N,3000,
LoRaSim-MinimalTopology-0-20240420-22:58:22-11948,param,,,LoRa.host[*].isBufferingEvents,false,
LoRaSim-MinimalTopology-0-20240420-22:58:22-11948,param,,,LoRa.host[*].addFrameHeader,false,
LoRaSim-MinimalTopology-0-20240420-22:58:22-11948,param,,,LoRa.host[*].nbOfChannels,3,
LoRaSim-MinimalTopology-0-20240420-22:58:22-11948,param,,,LoRa.numHosts,3000,
LoRaSim-MinimalTopology-0-20240420-22:58:22-11948,param,,,LoRa.host[*].iaTime,exponential(600s),
LoRaSim-MinimalTopology-0-20240420-22:58:22-11948,param,,,LoRa.host[*].pkLenBits,160b,
LoRaSim-MinimalTopology-0-20240420-22:58:22-11948,param,,,LoRa.netR,6333.83 m,
LoRaSim-MinimalTopology-0-20240420-22:58:22-11948,param,,,LoRa.server[*].pathlossExp,3,
LoRaSim-MinimalTopology-0-20240420-22:58:22-11948,param,,,LoRa.server[*].BW,125,
LoRaSim-MinimalTopology-0-20240420-22:58:22-11948,param,,,LoRa.numServers,8,
LoRaSim-MinimalTopology-0-20240420-22:58:22-11948,param,,,LoRa.server[0].x,-6333.83m,
LoRaSim-MinimalTopology-0-20240420-22:58:22-11948,param,,,LoRa.server[0].y,0,
LoRaSim-MinimalTopology-0-20240420-22:58:22-11948,param,,,LoRa.server[1].x,-4491.94m,
LoRaSim-MinimalTopology-0-20240420-22:58:22-11948,param,,,LoRa.server[1].y,4491.94m,
LoRaSim-MinimalTopology-0-20240420-22:58:22-11948,param,,,LoRa.server[2].x,0,
LoRaSim-MinimalTopology-0-20240420-22:58:22-11948,param,,,LoRa.server[2].y,6333.83m,
LoRaSim-MinimalTopology-0-20240420-22:58:22-11948,param,,,LoRa.server[3].x,4491.94m,
LoRaSim-MinimalTopology-0-20240420-22:58:22-11948,param,,,LoRa.server[3].y,4491.94m,
LoRaSim-MinimalTopology-0-20240420-22:58:22-11948,param,,,LoRa.server[4].x,6333.83m,
LoRaSim-MinimalTopology-0-20240420-22:58:22-11948,param,,,LoRa.server[4].y,0,
LoRaSim-MinimalTopology-0-20240420-22:58:22-11948,param,,,LoRa.server[5].x,4491.94m,
LoRaSim-MinimalTopology-0-20240420-22:58:22-11948,param,,,LoRa.server[5].y,-4491.94m,
LoRaSim-MinimalTopology-0-20240420-22:58:22-11948,param,,,LoRa.server[6].x,0,
LoRaSim-MinimalTopology-0-20240420-22:58:22-11948,param,,,LoRa.server[6].y,-6333.83m,
LoRaSim-MinimalTopology-0-20240420-22:58:22-11948,param,,,LoRa.server[7].x,-4491.94m,
LoRaSim-MinimalTopology-0-20240420-22:58:22-11948,param,,,LoRa.server[7].y,-4491.94m,
LoRaSim-MinimalTopology-0-20240420-22:58:22-11948,param,,,**.animationHoldTimeOnCollision,0s,
LoRaSim-MinimalTopology-0-20240420-22:58:22-11948,param,,,**.idleAnimationSpeed,1,
LoRaSim-MinimalTopology-0-20240420-22:58:22-11948,param,,,**.transmissionEdgeAnimationSpeed,1e-6,
LoRaSim-MinimalTopology-0-20240420-22:58:22-11948,param,,,**.midTransmissionAnimationSpeed,1e-1,
LoRaSim-MinimalTopology-0-20240420-22:58:22-11948,param,,,LoRa.slotTime,0,
LoRaSim-MinimalTopology-0-20240420-22:58:22-11948,param,,,LoRa.dutyCycleActive,true,
LoRaSim-MinimalTopology-0-20240420-22:58:22-11948,scalar,LoRa.server[0],SF: 7,,,0
LoRaSim-MinimalTopology-0-20240420-22:58:22-11948,scalar,LoRa.server[0],rcvCounter: 7,,,0
LoRaSim-MinimalTopology-0-20240420-22:58:22-11948,scalar,LoRa.server[0],noOfCollidedPackets: 7,,,0
LoRaSim-MinimalTopology-0-20240420-22:58:22-11948,scalar,LoRa.server[0],noOfSuccessPackets: 7,,,0
LoRaSim-MinimalTopology-0-20240420-22:58:22-11948,scalar,LoRa.server[0],noOfHostsInSFTier: 7,,,446
LoRaSim-MinimalTopology-0-20240420-22:58:22-11948,scalar,LoRa.server[0],SF: 8,,,0
LoRaSim-MinimalTopology-0-20240420-22:58:22-11948,scalar,LoRa.server[0],rcvCounter: 8,,,0
LoRaSim-MinimalTopology-0-20240420-22:58:22-11948,scalar,LoRa.server[0],noOfCollidedPackets: 8,,,0
LoRaSim-MinimalTopology-0-20240420-22:58:22-11948,scalar,LoRa.server[0],noOfSuccessPackets: 8,,,0
LoRaSim-MinimalTopology-0-20240420-22:58:22-11948,scalar,LoRa.server[0],noOfHostsInSFTier: 8,,,182
LoRaSim-MinimalTopology-0-20240420-22:58:22-11948,scalar,LoRa.server[0],SF: 9,,,0
LoRaSim-MinimalTopology-0-20240420-22:58:22-11948,scalar,LoRa.server[0],rcvCounter: 9,,,0
LoRaSim-MinimalTopology-0-20240420-22:58:22-11948,scalar,LoRa.server[0],noOfCollidedPackets: 9,,,0
LoRaSim-MinimalTopology-0-20240420-22:58:22-11948,scalar,LoRa.server[0],noOfSuccessPackets: 9,,,0
LoRaSim-MinimalTopology-0-20240420-22:58:22-11948,scalar,LoRa.server[0],noOfHostsInSFTier: 9,,,317
LoRaSim-MinimalTopology-0-20240420-22:58:22-11948,scalar,LoRa.server[0],SF: 10,,,0
LoRaSim-MinimalTopology-0-20240420-22:58:22-11948,scalar,LoRa.server[0],rcvCounter: 10,,,0
LoRaSim-MinimalTopology-0-20240420-22:58:22-11948,scalar,LoRa.server[0],noOfCollidedPackets: 10,,,0
LoRaSim-MinimalTopology-0-20240420-22:58:22-11948,scalar,LoRa.server[0],noOfSuccessPackets: 10,,,0
LoRaSim-MinimalTopology-0-20240420-22:58:22-11948,scalar,LoRa.server[0],noOfHostsInSFTier: 10,,,459
LoRaSim-MinimalTopology-0-20240420-22:58:22-11948,scalar,LoRa.server[0],SF: 11,,,0
LoRaSim-MinimalTopology-0-20240420-22:58:22-11948,scalar,LoRa.server[0],rcvCounter: 11,,,0
LoRaSim-MinimalTopology-0-20240420-22:58:22-11948,scalar,LoRa.server[0],noOfCollidedPackets: 11,,,0
LoRaSim-MinimalTopology-0-20240420-22:58:22-11948,scalar,LoRa.server[0],noOfSuccessPackets: 11,,,0
LoRaSim-MinimalTopology-0-20240420-22:58:22-11948,scalar,LoRa.server[0],noOfHostsInSFTier: 11,,,602
LoRaSim-MinimalTopology-0-20240420-22:58:22-11948,scalar,LoRa.server[0],SF: 12,,,0.47819675925926
LoRaSim-MinimalTopology-0-20240420-22:58:22-11948,scalar,LoRa.server[0],rcvCounter: 12,,,255891
LoRaSim-MinimalTopology-0-20240420-22:58:22-11948,scalar,LoRa.server[0],noOfCollidedPackets: 12,,,49310
LoRaSim-MinimalTopology-0-20240420-22:58:22-11948,scalar,LoRa.server[0],noOfSuccessPackets: 12,,,206581
LoRaSim-MinimalTopology-0-20240420-22:58:22-11948,scalar,LoRa.server[0],noOfHostsInSFTier: 12,,,991
LoRaSim-MinimalTopology-0-20240420-22:58:22-11948,scalar,LoRa.server[0],totalSuccessRate,,,0.47819675925926
LoRaSim-MinimalTopology-0-20240420-22:58:22-11948,scalar,LoRa.server[0],totalSuccessProb,,,0.80730076477875
LoRaSim-MinimalTopology-0-20240420-22:58:22-11948,scalar,LoRa.server[0],duration,,,432000
LoRaSim-MinimalTopology-0-20240420-22:58:22-11948,scalar,LoRa.server[1],SF: 7,,,0
LoRaSim-MinimalTopology-0-20240420-22:58:22-11948,scalar,LoRa.server[1],rcvCounter: 7,,,0
LoRaSim-MinimalTopology-0-20240420-22:58:22-11948,scalar,LoRa.server[1],noOfCollidedPackets: 7,,,0
LoRaSim-MinimalTopology-0-20240420-22:58:22-11948,scalar,LoRa.server[1],noOfSuccessPackets: 7,,,0
LoRaSim-MinimalTopology-0-20240420-22:58:22-11948,scalar,LoRa.server[1],noOfHostsInSFTier: 7,,,446
LoRaSim-MinimalTopology-0-20240420-22:58:22-11948,scalar,LoRa.server[1],SF: 8,,,0
LoRaSim-MinimalTopology-0-20240420-22:58:22-11948,scalar,LoRa.server[1],rcvCounter: 8,,,0
LoRaSim-MinimalTopology-0-20240420-22:58:22-11948,scalar,LoRa.server[1],noOfCollidedPackets: 8,,,0
LoRaSim-MinimalTopology-0-20240420-22:58:22-11948,scalar,LoRa.server[1],noOfSuccessPackets: 8,,,0
LoRaSim-MinimalTopology-0-20240420-22:58:22-11948,scalar,LoRa.server[1],noOfHostsInSFTier: 8,,,182
LoRaSim-MinimalTopology-0-20240420-22:58:22-11948,scalar,LoRa.server[1],SF: 9,,,0
LoRaSim-MinimalTopology-0-20240420-22:58:22-11948,scalar,LoRa.server[1],rcvCounter: 9,,,0
LoRaSim-MinimalTopology-0-20240420-22:58:22-11948,scalar,LoRa.server[1],noOfCollidedPackets: 9,,,0
LoRaSim-MinimalTopology-0-20240420-22:58:22-11948,scalar,LoRa.server[1],noOfSuccessPackets: 9,,,0
LoRaSim-MinimalTopology-0-20240420-22:58:22-11948,scalar,LoRa.server[1],noOfHostsInSFTier: 9,,,317
LoRaSim-MinimalTopology-0-20240420-22:58:22-11948,scalar,LoRa.server[1],SF: 10,,,0
LoRaSim-MinimalTopology-0-20240420-22:58:22-11948,scalar,LoRa.server[1],rcvCounter: 10,,,0
LoRaSim-MinimalTopology-0-20240420-22:58:22-11948,scalar,LoRa.server[1],noOfCollidedPackets: 10,,,0
LoRaSim-MinimalTopology-0-20240420-22:58:22-11948,scalar,LoRa.server[1],noOfSuccessPackets: 10,,,0
LoRaSim-MinimalTopology-0-20240420-22:58:22-11948,scalar,LoRa.server[1],noOfHostsInSFTier: 10,,,459
LoRaSim-MinimalTopology-0-20240420-22:58:22-11948,scalar,LoRa.server[1],SF: 11,,,0
LoRaSim-MinimalTopology-0-20240420-22:58:22-11948,scalar,LoRa.server[1],rcvCounter: 11,,,0
LoRaSim-MinimalTopology-0-20240420-22:58:22-11948,scalar,LoRa.server[1],noOfCollidedPackets: 11,,,0
LoRaSim-MinimalTopology-0-20240420-22:58:22-11948,scalar,LoRa.server[1],noOfSuccessPackets: 11,,,0
LoRaSim-MinimalTopology-0-20240420-22:58:22-11948,scalar,LoRa.server[1],noOfHostsInSFTier: 11,,,602
LoRaSim-MinimalTopology-0-20240420-22:58:22-11948,scalar,LoRa.server[1],SF: 12,,,0.45290277777778
LoRaSim-MinimalTopology-0-20240420-22:58:22-11948,scalar,LoRa.server[1],rcvCounter: 12,,,239076
LoRaSim-MinimalTopology-0-20240420-22:58:22-11948,scalar,LoRa.server[1],noOfCollidedPackets: 12,,,43422
LoRaSim-MinimalTopology-0-20240420-22:58:22-11948,scalar,LoRa.server[1],noOfSuccessPackets: 12,,,195654
LoRaSim-MinimalTopology-0-20240420-22:58:22-11948,scalar,LoRa.server[1],noOfHostsInSFTier: 12,,,991
LoRaSim-MinimalTopology-0-20240420-22:58:22-11948,scalar,LoRa.server[1],totalSuccessRate,,,0.45290277777778
LoRaSim-MinimalTopology-0-20240420-22:58:22-11948,scalar,LoRa.server[1],totalSuccessProb,,,0.8183757466245
LoRaSim-MinimalTopology-0-20240420-22:58:22-11948,scalar,LoRa.server[1],duration,,,432000
LoRaSim-MinimalTopology-0-20240420-22:58:22-11948,scalar,LoRa.server[2],SF: 7,,,0
LoRaSim-MinimalTopology-0-20240420-22:58:22-11948,scalar,LoRa.server[2],rcvCounter: 7,,,0
LoRaSim-MinimalTopology-0-20240420-22:58:22-11948,scalar,LoRa.server[2],noOfCollidedPackets: 7,,,0
LoRaSim-MinimalTopology-0-20240420-22:58:22-11948,scalar,LoRa.server[2],noOfSuccessPackets: 7,,,0
LoRaSim-MinimalTopology-0-20240420-22:58:22-11948,scalar,LoRa.server[2],noOfHostsInSFTier: 7,,,446
LoRaSim-MinimalTopology-0-20240420-22:58:22-11948,scalar,LoRa.server[2],SF: 8,,,0
LoRaSim-MinimalTopology-0-20240420-22:58:22-11948,scalar,LoRa.server[2],rcvCounter: 8,,,0
LoRaSim-MinimalTopology-0-20240420-22:58:22-11948,scalar,LoRa.server[2],noOfCollidedPackets: 8,,,0
LoRaSim-MinimalTopology-0-20240420-22:58:22-11948,scalar,LoRa.server[2],noOfSuccessPackets: 8,,,0
LoRaSim-MinimalTopology-0-20240420-22:58:22-11948,scalar,LoRa.server[2],noOfHostsInSFTier: 8,,,182
LoRaSim-MinimalTopology-0-20240420-22:58:22-11948,scalar,LoRa.server[2],SF: 9,,,0
LoRaSim-MinimalTopology-0-20240420-22:58:22-11948,scalar,LoRa.server[2],rcvCounter: 9,,,0
LoRaSim-MinimalTopology-0-20240420-22:58:22-11948,scalar,LoRa.server[2],noOfCollidedPackets: 9,,,0
LoRaSim-MinimalTopology-0-20240420-22:58:22-11948,scalar,LoRa.server[2],noOfSuccessPackets: 9,,,0
LoRaSim-MinimalTopology-0-20240420-22:58:22-11948,scalar,LoRa.server[2],noOfHostsInSFTier: 9,,,317
LoRaSim-MinimalTopology-0-20240420-22:58:22-11948,scalar,LoRa.server[2],SF: 10,,,0
LoRaSim-MinimalTopology-0-20240420-22:58:22-11948,scalar,LoRa.server[2],rcvCounter: 10,,,0
LoRaSim-MinimalTopology-0-20240420-22:58:22-11948,scalar,LoRa.server[2],noOfCollidedPackets: 10,,,0
LoRaSim-MinimalTopology-0-20240420-22:58:22-11948,scalar,LoRa.server[2],noOfSuccessPackets: 10,,,0
LoRaSim-MinimalTopology-0-20240420-22:58:22-11948,scalar,LoRa.server[2],noOfHostsInSFTier: 10,,,459
LoRaSim-MinimalTopology-0-20240420-22:58:22-11948,scalar,LoRa.server[2],SF: 11,,,0
LoRaSim-MinimalTopology-0-20240420-22:58:22-11948,scalar,LoRa.server[2],rcvCounter: 11,,,0
LoRaSim-MinimalTopology-0-20240420-22:58:22-11948,scalar,LoRa.server[2],noOfCollidedPackets: 11,,,0
LoRaSim-MinimalTopology-0-20240420-22:58:22-11948,scalar,LoRa.server[2],noOfSuccessPackets: 11,,,0
LoRaSim-MinimalTopology-0-20240420-22:58:22-11948,scalar,LoRa.server[2],noOfHostsInSFTier: 11,,,602
LoRaSim-MinimalTopology-0-20240420-22:58:22-11948,scalar,LoRa.server[2],SF: 12,,,0.45884027777778
LoRaSim-MinimalTopology-0-20240420-22:58:22-11948,scalar,LoRa.server[2],rcvCounter: 12,,,242472
LoRaSim-MinimalTopology-0-20240420-22:58:22-11948,scalar,LoRa.server[2],noOfCollidedPackets: 12,,,44253
LoRaSim-MinimalTopology-0-20240420-22:58:22-11948,scalar,LoRa.server[2],noOfSuccessPackets: 12,,,198219
LoRaSim-MinimalTopology-0-20240420-22:58:22-11948,scalar,LoRa.server[2],noOfHostsInSFTier: 12,,,991
LoRaSim-MinimalTopology-0-20240420-22:58:22-11948,scalar,LoRa.server[2],totalSuccessRate,,,0.45884027777778
LoRaSim-MinimalTopology-0-20240420-22:58:22-11948,scalar,LoRa.server[2],totalSuccessProb,,,0.81749232901118
LoRaSim-MinimalTopology-0-20240420-22:58:22-11948,scalar,LoRa.server[2],duration,,,432000
LoRaSim-MinimalTopology-0-20240420-22:58:22-11948,scalar,LoRa.server[3],SF: 7,,,0
LoRaSim-MinimalTopology-0-20240420-22:58:22-11948,scalar,LoRa.server[3],rcvCounter: 7,,,0
LoRaSim-MinimalTopology-0-20240420-22:58:22-11948,scalar,LoRa.server[3],noOfCollidedPackets: 7,,,0
LoRaSim-MinimalTopology-0-20240420-22:58:22-11948,scalar,LoRa.server[3],noOfSuccessPackets: 7,,,0
LoRaSim-MinimalTopology-0-20240420-22:58:22-11948,scalar,LoRa.server[3],noOfHostsInSFTier: 7,,,446
LoRaSim-MinimalTopology-0-20240420-22:58:22-11948,scalar,LoRa.server[3],SF: 8,,,0
LoRaSim-MinimalTopology-0-20240420-22:58:22-11948,scalar,LoRa.server[3],rcvCounter: 8,,,0
LoRaSim-MinimalTopology-0-20240420-22:58:22-11948,scalar,LoRa.server[3],noOfCollidedPackets: 8,,,0
LoRaSim-MinimalTopology-0-20240420-22:58:22-11948,scalar,LoRa.server[3],noOfSuccessPackets: 8,,,0
LoRaSim-MinimalTopology-0-20240420-22:58:22-11948,scalar,LoRa.server[3],noOfHostsInSFTier: 8,,,182
LoRaSim-MinimalTopology-0-20240420-22:58:22-11948,scalar,LoRa.server[3],SF: 9,,,0
LoRaSim-MinimalTopology-0-20240420-22:58:22-11948,scalar,LoRa.server[3],rcvCounter: 9,,,0
LoRaSim-MinimalTopology-0-20240420-22:58:22-11948,scalar,LoRa.server[3],noOfCollidedPackets: 9,,,0
LoRaSim-MinimalTopology-0-20240420-22:58:22-11948,scalar,LoRa.server[3],noOfSuccessPackets: 9,,,0
LoRaSim-MinimalTopology-0-20240420-22:58:22-11948,scalar,LoRa.server[3],noOfHostsInSFTier: 9,,,317
LoRaSim-MinimalTopology-0-20240420-22:58:22-11948,scalar,LoRa.server[3],SF: 10,,,0
LoRaSim-MinimalTopology-0-20240420-22:58:22-11948,scalar,LoRa.server[3],rcvCounter: 10,,,0
LoRaSim-MinimalTopology-0-20240420-22:58:22-11948,scalar,LoRa.server[3],noOfCollidedPackets: 10,,,0
LoRaSim-MinimalTopology-0-20240420-22:58:22-11948,scalar,LoRa.server[3],noOfSuccessPackets: 10,,,0
LoRaSim-MinimalTopology-0-20240420-22:58:22-11948,scalar,LoRa.server[3],noOfHostsInSFTier: 10,,,459
LoRaSim-MinimalTopology-0-20240420-22:58:22-11948,scalar,LoRa.server[3],SF: 11,,,0
LoRaSim-MinimalTopology-0-20240420-22:58:22-11948,scalar,LoRa.server[3],rcvCounter: 11,,,0
LoRaSim-MinimalTopology-0-20240420-22:58:22-11948,scalar,LoRa.server[3],noOfCollidedPackets: 11,,,0
LoRaSim-MinimalTopology-0-20240420-22:58:22-11948,scalar,LoRa.server[3],noOfSuccessPackets: 11,,,0
LoRaSim-MinimalTopology-0-20240420-22:58:22-11948,scalar,LoRa.server[3],noOfHostsInSFTier: 11,,,602
LoRaSim-MinimalTopology-0-20240420-22:58:22-11948,scalar,LoRa.server[3],SF: 12,,,0.45652546296296
LoRaSim-MinimalTopology-0-20240420-22:58:22-11948,scalar,LoRa.server[3],rcvCounter: 12,,,240788
LoRaSim-MinimalTopology-0-20240420-22:58:22-11948,scalar,LoRa.server[3],noOfCollidedPackets: 12,,,43569
LoRaSim-MinimalTopology-0-20240420-22:58:22-11948,scalar,LoRa.server[3],noOfSuccessPackets: 12,,,197219
LoRaSim-MinimalTopology-0-20240420-22:58:22-11948,scalar,LoRa.server[3],noOfHostsInSFTier: 12,,,991
LoRaSim-MinimalTopology-0-20240420-22:58:22-11948,scalar,LoRa.server[3],totalSuccessRate,,,0.45652546296296
LoRaSim-MinimalTopology-0-20240420-22:58:22-11948,scalar,LoRa.server[3],totalSuccessProb,,,0.81905659750486
LoRaSim-MinimalTopology-0-20240420-22:58:22-11948,scalar,LoRa.server[3],duration,,,432000
LoRaSim-MinimalTopology-0-20240420-22:58:22-11948,scalar,LoRa.server[4],SF: 7,,,0
LoRaSim-MinimalTopology-0-20240420-22:58:22-11948,scalar,LoRa.server[4],rcvCounter: 7,,,0
LoRaSim-MinimalTopology-0-20240420-22:58:22-11948,scalar,LoRa.server[4],noOfCollidedPackets: 7,,,0
LoRaSim-MinimalTopology-0-20240420-22:58:22-11948,scalar,LoRa.server[4],noOfSuccessPackets: 7,,,0
LoRaSim-MinimalTopology-0-20240420-22:58:22-11948,scalar,LoRa.server[4],noOfHostsInSFTier: 7,,,446
LoRaSim-MinimalTopology-0-20240420-22:58:22-11948,scalar,LoRa.server[4],SF: 8,,,0
LoRaSim-MinimalTopology-0-20240420-22:58:22-11948,scalar,LoRa.server[4],rcvCounter: 8,,,0
LoRaSim-MinimalTopology-0-20240420-22:58:22-11948,scalar,LoRa.server[4],noOfCollidedPackets: 8,,,0
LoRaSim-MinimalTopology-0-20240420-22:58:22-11948,scalar,LoRa.server[4],noOfSuccessPackets: 8,,,0
LoRaSim-MinimalTopology-0-20240420-22:58:22-11948,scalar,LoRa.server[4],noOfHostsInSFTier: 8,,,182
LoRaSim-MinimalTopology-0-20240420-22:58:22-11948,scalar,LoRa.server[4],SF: 9,,,0
LoRaSim-MinimalTopology-0-20240420-22:58:22-11948,scalar,LoRa.server[4],rcvCounter: 9,,,0
LoRaSim-MinimalTopology-0-20240420-22:58:22-11948,scalar,LoRa.server[4],noOfCollidedPackets: 9,,,0
LoRaSim-MinimalTopology-0-20240420-22:58:22-11948,scalar,LoRa.server[4],noOfSuccessPackets: 9,,,0
LoRaSim-MinimalTopology-0-20240420-22:58:22-11948,scalar,LoRa.server[4],noOfHostsInSFTier: 9,,,317
LoRaSim-MinimalTopology-0-20240420-22:58:22-11948,scalar,LoRa.server[4],SF: 10,,,0
LoRaSim-MinimalTopology-0-20240420-22:58:22-11948,scalar,LoRa.server[4],rcvCounter: 10,,,0
LoRaSim-MinimalTopology-0-20240420-22:58:22-11948,scalar,LoRa.server[4],noOfCollidedPackets: 10,,,0
LoRaSim-MinimalTopology-0-20240420-22:58:22-11948,scalar,LoRa.server[4],noOfSuccessPackets: 10,,,0
LoRaSim-MinimalTopology-0-20240420-22:58:22-11948,scalar,LoRa.server[4],noOfHostsInSFTier: 10,,,459
LoRaSim-MinimalTopology-0-20240420-22:58:22-11948,scalar,LoRa.server[4],SF: 11,,,0
LoRaSim-MinimalTopology-0-20240420-22:58:22-11948,scalar,LoRa.server[4],rcvCounter: 11,,,0
LoRaSim-MinimalTopology-0-20240420-22:58:22-11948,scalar,LoRa.server[4],noOfCollidedPackets: 11,,,0
LoRaSim-MinimalTopology-0-20240420-22:58:22-11948,scalar,LoRa.server[4],noOfSuccessPackets: 11,,,0
LoRaSim-MinimalTopology-0-20240420-22:58:22-11948,scalar,LoRa.server[4],noOfHostsInSFTier: 11,,,602
LoRaSim-MinimalTopology-0-20240420-22:58:22-11948,scalar,LoRa.server[4],SF: 12,,,0.47987962962963
LoRaSim-MinimalTopology-0-20240420-22:58:22-11948,scalar,LoRa.server[4],rcvCounter: 12,,,257047
LoRaSim-MinimalTopology-0-20240420-22:58:22-11948,scalar,LoRa.server[4],noOfCollidedPackets: 12,,,49739
LoRaSim-MinimalTopology-0-20240420-22:58:22-11948,scalar,LoRa.server[4],noOfSuccessPackets: 12,,,207308
LoRaSim-MinimalTopology-0-20240420-22:58:22-11948,scalar,LoRa.server[4],noOfHostsInSFTier: 12,,,991
LoRaSim-MinimalTopology-0-20240420-22:58:22-11948,scalar,LoRa.server[4],totalSuccessRate,,,0.47987962962963
LoRaSim-MinimalTopology-0-20240420-22:58:22-11948,scalar,LoRa.server[4],totalSuccessProb,,,0.80649842246749
LoRaSim-MinimalTopology-0-20240420-22:58:22-11948,scalar,LoRa.server[4],duration,,,432000
LoRaSim-MinimalTopology-0-20240420-22:58:22-11948,scalar,LoRa.server[5],SF: 7,,,0
LoRaSim-MinimalTopology-0-20240420-22:58:22-11948,scalar,LoRa.server[5],rcvCounter: 7,,,0
LoRaSim-MinimalTopology-0-20240420-22:58:22-11948,scalar,LoRa.server[5],noOfCollidedPackets: 7,,,0
LoRaSim-MinimalTopology-0-20240420-22:58:22-11948,scalar,LoRa.server[5],noOfSuccessPackets: 7,,,0
LoRaSim-MinimalTopology-0-20240420-22:58:22-11948,scalar,LoRa.server[5],noOfHostsInSFTier: 7,,,446
LoRaSim-MinimalTopology-0-20240420-22:58:22-11948,scalar,LoRa.server[5],SF: 8,,,0
LoRaSim-MinimalTopology-0-20240420-22:58:22-11948,scalar,LoRa.server[5],rcvCounter: 8,,,0
LoRaSim-MinimalTopology-0-20240420-22:58:22-11948,scalar,LoRa.server[5],noOfCollidedPackets: 8,,,0
LoRaSim-MinimalTopology-0-20240420-22:58:22-11948,scalar,LoRa.server[5],noOfSuccessPackets: 8,,,0
LoRaSim-MinimalTopology-0-20240420-22:58:22-11948,scalar,LoRa.server[5],noOfHostsInSFTier: 8,,,182
LoRaSim-MinimalTopology-0-20240420-22:58:22-11948,scalar,LoRa.server[5],SF: 9,,,0
LoRaSim-MinimalTopology-0-20240420-22:58:22-11948,scalar,LoRa.server[5],rcvCounter: 9,,,0
LoRaSim-MinimalTopology-0-20240420-22:58:22-11948,scalar,LoRa.server[5],noOfCollidedPackets: 9,,,0
LoRaSim-MinimalTopology-0-20240420-22:58:22-11948,scalar,LoRa.server[5],noOfSuccessPackets: 9,,,0
LoRaSim-MinimalTopology-0-20240420-22:58:22-11948,scalar,LoRa.server[5],noOfHostsInSFTier: 9,,,317
LoRaSim-MinimalTopology-0-20240420-22:58:22-11948,scalar,LoRa.server[5],SF: 10,,,0
LoRaSim-MinimalTopology-0-20240420-22:58:22-11948,scalar,LoRa.server[5],rcvCounter: 10,,,0
LoRaSim-MinimalTopology-0-20240420-22:58:22-11948,scalar,LoRa.server[5],noOfCollidedPackets: 10,,,0
LoRaSim-MinimalTopology-0-20240420-22:58:22-11948,scalar,LoRa.server[5],noOfSuccessPackets: 10,,,0
LoRaSim-MinimalTopology-0-20240420-22:58:22-11948,scalar,LoRa.server[5],noOfHostsInSFTier: 10,,,459
LoRaSim-MinimalTopology-0-20240420-22:58:22-11948,scalar,LoRa.server[5],SF: 11,,,0
LoRaSim-MinimalTopology-0-20240420-22:58:22-11948,scalar,LoRa.server[5],rcvCounter: 11,,,0
LoRaSim-MinimalTopology-0-20240420-22:58:22-11948,scalar,LoRa.server[5],noOfCollidedPackets: 11,,,0
LoRaSim-MinimalTopology-0-20240420-22:58:22-11948,scalar,LoRa.server[5],noOfSuccessPackets: 11,,,0
LoRaSim-MinimalTopology-0-20240420-22:58:22-11948,scalar,LoRa.server[5],noOfHostsInSFTier: 11,,,602
LoRaSim-MinimalTopology-0-20240420-22:58:22-11948,scalar,LoRa.server[5],SF: 12,,,0.45203935185185
LoRaSim-MinimalTopology-0-20240420-22:58:22-11948,scalar,LoRa.server[5],rcvCounter: 12,,,238304
LoRaSim-MinimalTopology-0-20240420-22:58:22-11948,scalar,LoRa.server[5],noOfCollidedPackets: 12,,,43023
LoRaSim-MinimalTopology-0-20240420-22:58:22-11948,scalar,LoRa.server[5],noOfSuccessPackets: 12,,,195281
LoRaSim-MinimalTopology-0-20240420-22:58:22-11948,scalar,LoRa.server[5],noOfHostsInSFTier: 12,,,991
LoRaSim-MinimalTopology-0-20240420-22:58:22-11948,scalar,LoRa.server[5],totalSuccessRate,,,0.45203935185185
LoRaSim-MinimalTopology-0-20240420-22:58:22-11948,scalar,LoRa.server[5],totalSuccessProb,,,0.81946169598496
LoRaSim-MinimalTopology-0-20240420-22:58:22-11948,scalar,LoRa.server[5],duration,,,432000
LoRaSim-MinimalTopology-0-20240420-22:58:22-11948,scalar,LoRa.server[6],SF: 7,,,0
LoRaSim-MinimalTopology-0-20240420-22:58:22-11948,scalar,LoRa.server[6],rcvCounter: 7,,,0
LoRaSim-MinimalTopology-0-20240420-22:58:22-11948,scalar,LoRa.server[6],noOfCollidedPackets: 7,,,0
LoRaSim-MinimalTopology-0-20240420-22:58:22-11948,scalar,LoRa.server[6],noOfSuccessPackets: 7,,,0
LoRaSim-MinimalTopology-0-20240420-22:58:22-11948,scalar,LoRa.server[6],noOfHostsInSFTier: 7,,,446
LoRaSim-MinimalTopology-0-20240420-22:58:22-11948,scalar,LoRa.server[6],SF: 8,,,0
LoRaSim-MinimalTopology-0-20240420-22:58:22-11948,scalar,LoRa.server[6],rcvCounter: 8,,,0
LoRaSim-MinimalTopology-0-20240420-22:58:22-11948,scalar,LoRa.server[6],noOfCollidedPackets: 8,,,0
LoRaSim-MinimalTopology-0-20240420-22:58:22-11948,scalar,LoRa.server[6],noOfSuccessPackets: 8,,,0
LoRaSim-MinimalTopology-0-20240420-22:58:22-11948,scalar,LoRa.server[6],noOfHostsInSFTier: 8,,,182
LoRaSim-MinimalTopology-0-20240420-22:58:22-11948,scalar,LoRa.server[6],SF: 9,,,0
LoRaSim-MinimalTopology-0-20240420-22:58:22-11948,scalar,LoRa.server[6],rcvCounter: 9,,,0
LoRaSim-MinimalTopology-0-20240420-22:58:22-11948,scalar,LoRa.server[6],noOfCollidedPackets: 9,,,0
LoRaSim-MinimalTopology-0-20240420-22:58:22-11948,scalar,LoRa.server[6],noOfSuccessPackets: 9,,,0
LoRaSim-MinimalTopology-0-20240420-22:58:22-11948,scalar,LoRa.server[6],noOfHostsInSFTier: 9,,,317
LoRaSim-MinimalTopology-0-20240420-22:58:22-11948,scalar,LoRa.server[6],SF: 10,,,0
LoRaSim-MinimalTopology-0-20240420-22:58:22-11948,scalar,LoRa.server[6],rcvCounter: 10,,,0
LoRaSim-MinimalTopology-0-20240420-22:58:22-11948,scalar,LoRa.server[6],noOfCollidedPackets: 10,,,0
LoRaSim-MinimalTopology-0-20240420-22:58:22-11948,scalar,LoRa.server[6],noOfSuccessPackets: 10,,,0
LoRaSim-MinimalTopology-0-20240420-22:58:22-11948,scalar,LoRa.server[6],noOfHostsInSFTier: 10,,,459
LoRaSim-MinimalTopology-0-20240420-22:58:22-11948,scalar,LoRa.server[6],SF: 11,,,0
LoRaSim-MinimalTopology-0-20240420-22:58:22-11948,scalar,LoRa.server[6],rcvCounter: 11,,,0
LoRaSim-MinimalTopology-0-20240420-22:58:22-11948,scalar,LoRa.server[6],noOfCollidedPackets: 11,,,0
LoRaSim-MinimalTopology-0-20240420-22:58:22-11948,scalar,LoRa.server[6],noOfSuccessPackets: 11,,,0
LoRaSim-MinimalTopology-0-20240420-22:58:22-11948,scalar,LoRa.server[6],noOfHostsInSFTier: 11,,,602
LoRaSim-MinimalTopology-0-20240420-22:58:22-11948,scalar,LoRa.server[6],SF: 12,,,0.46348148148148
LoRaSim-MinimalTopology-0-20240420-22:58:22-11948,scalar,LoRa.server[6],rcvCounter: 12,,,246264
LoRaSim-MinimalTopology-0-20240420-22:58:22-11948,scalar,LoRa.server[6],noOfCollidedPackets: 12,,,46040
LoRaSim-MinimalTopology-0-20240420-22:58:22-11948,scalar,LoRa.server[6],noOfSuccessPackets: 12,,,200224
LoRaSim-MinimalTopology-0-20240420-22:58:22-11948,scalar,LoRa.server[6],noOfHostsInSFTier: 12,,,991
LoRaSim-MinimalTopology-0-20240420-22:58:22-11948,scalar,LoRa.server[6],totalSuccessRate,,,0.46348148148148
LoRaSim-MinimalTopology-0-20240420-22:58:22-11948,scalar,LoRa.server[6],totalSuccessProb,,,0.81304616184258
LoRaSim-MinimalTopology-0-20240420-22:58:22-11948,scalar,LoRa.server[6],duration,,,432000
LoRaSim-MinimalTopology-0-20240420-22:58:22-11948,scalar,LoRa.server[7],SF: 7,,,0
LoRaSim-MinimalTopology-0-20240420-22:58:22-11948,scalar,LoRa.server[7],rcvCounter: 7,,,0
LoRaSim-MinimalTopology-0-20240420-22:58:22-11948,scalar,LoRa.server[7],noOfCollidedPackets: 7,,,0
LoRaSim-MinimalTopology-0-20240420-22:58:22-11948,scalar,LoRa.server[7],noOfSuccessPackets: 7,,,0
LoRaSim-MinimalTopology-0-20240420-22:58:22-11948,scalar,LoRa.server[7],noOfHostsInSFTier: 7,,,446
LoRaSim-MinimalTopology-0-20240420-22:58:22-11948,scalar,LoRa.server[7],SF: 8,,,0
LoRaSim-MinimalTopology-0-20240420-22:58:22-11948,scalar,LoRa.server[7],rcvCounter: 8,,,0
LoRaSim-MinimalTopology-0-20240420-22:58:22-11948,scalar,LoRa.server[7],noOfCollidedPackets: 8,,,0
LoRaSim-MinimalTopology-0-20240420-22:58:22-11948,scalar,LoRa.server[7],noOfSuccessPackets: 8,,,0
LoRaSim-MinimalTopology-0-20240420-22:58:22-11948,scalar,LoRa.server[7],noOfHostsInSFTier: 8,,,182
LoRaSim-MinimalTopology-0-20240420-22:58:22-11948,scalar,LoRa.server[7],SF: 9,,,0
LoRaSim-MinimalTopology-0-20240420-22:58:22-11948,scalar,LoRa.server[7],rcvCounter: 9,,,0
LoRaSim-MinimalTopology-0-20240420-22:58:22-11948,scalar,LoRa.server[7],noOfCollidedPackets: 9,,,0
LoRaSim-MinimalTopology-0-20240420-22:58:22-11948,scalar,LoRa.server[7],noOfSuccessPackets: 9,,,0
LoRaSim-MinimalTopology-0-20240420-22:58:22-11948,scalar,LoRa.server[7],noOfHostsInSFTier: 9,,,317
LoRaSim-MinimalTopology-0-20240420-22:58:22-11948,scalar,LoRa.server[7],SF: 10,,,0
LoRaSim-MinimalTopology-0-20240420-22:58:22-11948,scalar,LoRa.server[7],rcvCounter: 10,,,0
LoRaSim-MinimalTopology-0-20240420-22:58:22-11948,scalar,LoRa.server[7],noOfCollidedPackets: 10,,,0
LoRaSim-MinimalTopology-0-20240420-22:58:22-11948,scalar,LoRa.server[7],noOfSuccessPackets: 10,,,0
LoRaSim-MinimalTopology-0-20240420-22:58:22-11948,scalar,LoRa.server[7],noOfHostsInSFTier: 10,,,459
LoRaSim-MinimalTopology-0-20240420-22:58:22-11948,scalar,LoRa.server[7],SF: 11,,,0
LoRaSim-MinimalTopology-0-20240420-22:58:22-11948,scalar,LoRa.server[7],rcvCounter: 11,,,0
LoRaSim-MinimalTopology-0-20240420-22:58:22-11948,scalar,LoRa.server[7],noOfCollidedPackets: 11,,,0
LoRaSim-MinimalTopology-0-20240420-22:58:22-11948,scalar,LoRa.server[7],noOfSuccessPackets: 11,,,0
LoRaSim-MinimalTopology-0-20240420-22:58:22-11948,scalar,LoRa.server[7],noOfHostsInSFTier: 11,,,602
LoRaSim-MinimalTopology-0-20240420-22:58:22-11948,scalar,LoRa.server[7],SF: 12,,,0.48296296296296
LoRaSim-MinimalTopology-0-20240420-22:58:22-11948,scalar,LoRa.server[7],rcvCounter: 12,,,259179
LoRaSim-MinimalTopology-0-20240420-22:58:22-11948,scalar,LoRa.server[7],noOfCollidedPackets: 12,,,50539
LoRaSim-MinimalTopology-0-20240420-22:58:22-11948,scalar,LoRa.server[7],noOfSuccessPackets: 12,,,208640
LoRaSim-MinimalTopology-0-20240420-22:58:22-11948,scalar,LoRa.server[7],noOfHostsInSFTier: 12,,,991
LoRaSim-MinimalTopology-0-20240420-22:58:22-11948,scalar,LoRa.server[7],totalSuccessRate,,,0.48296296296296
LoRaSim-MinimalTopology-0-20240420-22:58:22-11948,scalar,LoRa.server[7],totalSuccessProb,,,0.80500349179525
LoRaSim-MinimalTopology-0-20240420-22:58:22-11948,scalar,LoRa.server[7],duration,,,432000
LoRaSim-MinimalTopology-0-20240420-22:58:22-11948,scalar,LoRa.host[0],numOfHostsPerSF_Server0_SF7,,,204
LoRaSim-MinimalTopology-0-20240420-22:58:22-11948,scalar,LoRa.host[0],numOfHostsPerSF_Server0_SF8,,,54
LoRaSim-MinimalTopology-0-20240420-22:58:22-11948,scalar,LoRa.host[0],numOfHostsPerSF_Server0_SF9,,,47
LoRaSim-MinimalTopology-0-20240420-22:58:22-11948,scalar,LoRa.host[0],numOfHostsPerSF_Server0_SF10,,,34
LoRaSim-MinimalTopology-0-20240420-22:58:22-11948,scalar,LoRa.host[0],numOfHostsPerSF_Server0_SF11,,,35
LoRaSim-MinimalTopology-0-20240420-22:58:22-11948,scalar,LoRa.host[0],numOfHostsPerSF_Server0_SF12,,,16
LoRaSim-MinimalTopology-0-20240420-22:58:22-11948,scalar,LoRa.host[0],numOfHostsPerSF_Server1_SF7,,,197
LoRaSim-MinimalTopology-0-20240420-22:58:22-11948,scalar,LoRa.host[0],numOfHostsPerSF_Server1_SF8,,,49
LoRaSim-MinimalTopology-0-20240420-22:58:22-11948,scalar,LoRa.host[0],numOfHostsPerSF_Server1_SF9,,,35
LoRaSim-MinimalTopology-0-20240420-22:58:22-11948,scalar,LoRa.host[0],numOfHostsPerSF_Server1_SF10,,,48
LoRaSim-MinimalTopology-0-20240420-22:58:22-11948,scalar,LoRa.host[0],numOfHostsPerSF_Server1_SF11,,,21
LoRaSim-MinimalTopology-0-20240420-22:58:22-11948,scalar,LoRa.host[0],numOfHostsPerSF_Server1_SF12,,,12
LoRaSim-MinimalTopology-0-20240420-22:58:22-11948,scalar,LoRa.host[0],numOfHostsPerSF_Server2_SF7,,,204
LoRaSim-MinimalTopology-0-20240420-22:58:22-11948,scalar,LoRa.host[0],numOfHostsPerSF_Server2_SF8,,,50
LoRaSim-MinimalTopology-0-20240420-22:58:22-11948,scalar,LoRa.host[0],numOfHostsPerSF_Server2_SF9,,,53
LoRaSim-MinimalTopology-0-20240420-22:58:22-11948,scalar,LoRa.host[0],numOfHostsPerSF_Server2_SF10,,,28
LoRaSim-MinimalTopology-0-20240420-22:58:22-11948,scalar,LoRa.host[0],numOfHostsPerSF_Server2_SF11,,,23
LoRaSim-MinimalTopology-0-20240420-22:58:22-11948,scalar,LoRa.host[0],numOfHostsPerSF_Server2_SF12,,,9
LoRaSim-MinimalTopology-0-20240420-22:58:22-11948,scalar,LoRa.host[0],numOfHostsPerSF_Server3_SF7,,,204
LoRaSim-MinimalTopology-0-20240420-22:58:22-11948,scalar,LoRa.host[0],numOfHostsPerSF_Server3_SF8,,,36
LoRaSim-MinimalTopology-0-20240420-22:58:22-11948,scalar,LoRa.host[0],numOfHostsPerSF_Server3_SF9,,,50
LoRaSim-MinimalTopology-0-20240420-22:58:22-11948,scalar,LoRa.host[0],numOfHostsPerSF_Server3_SF10,,,41
LoRaSim-MinimalTopology-0-20240420-22:58:22-11948,scalar,LoRa.host[0],numOfHostsPerSF_Server3_SF11,,,21
LoRaSim-MinimalTopology-0-20240420-22:58:22-11948,scalar,LoRa.host[0],numOfHostsPerSF_Server3_SF12,,,13
LoRaSim-MinimalTopology-0-20240420-22:58:22-11948,scalar,LoRa.host[0],numOfHostsPerSF_Server4_SF7,,,202
LoRaSim-MinimalTopology-0-20240420-22:58:22-11948,scalar,LoRa.host[0],numOfHostsPerSF_Server4_SF8,,,58
LoRaSim-MinimalTopology-0-20240420-22:58:22-11948,scalar,LoRa.host[0],numOfHostsPerSF_Server4_SF9,,,43
LoRaSim-MinimalTopology-0-20240420-22:58:22-11948,scalar,LoRa.host[0],numOfHostsPerSF_Server4_SF10,,,38
LoRaSim-MinimalTopology-0-20240420-22:58:22-11948,scalar,LoRa.host[0],numOfHostsPerSF_Server4_SF11,,,36
LoRaSim-MinimalTopology-0-20240420-22:58:22-11948,scalar,LoRa.host[0],numOfHostsPerSF_Server4_SF12,,,13
LoRaSim-MinimalTopology-0-20240420-22:58:22-11948,scalar,LoRa.host[0],numOfHostsPerSF_Server5_SF7,,,202
LoRaSim-MinimalTopology-0-20240420-22:58:22-11948,scalar,LoRa.host[0],numOfHostsPerSF_Server5_SF8,,,52
LoRaSim-MinimalTopology-0-20240420-22:58:22-11948,scalar,LoRa.host[0],numOfHostsPerSF_Server5_SF9,,,38
LoRaSim-MinimalTopology-0-20240420-22:58:22-11948,scalar,LoRa.host[0],numOfHostsPerSF_Server5_SF10,,,39
LoRaSim-MinimalTopology-0-20240420-22:58:22-11948,scalar,LoRa.host[0],numOfHostsPerSF_Server5_SF11,,,19
LoRaSim-MinimalTopology-0-20240420-22:58:22-11948,scalar,LoRa.host[0],numOfHostsPerSF_Server5_SF12,,,11
LoRaSim-MinimalTopology-0-20240420-22:58:22-11948,scalar,LoRa.host[0],numOfHostsPerSF_Server6_SF7,,,192
LoRaSim-MinimalTopology-0-20240420-22:58:22-11948,scalar,LoRa.host[0],numOfHostsPerSF_Server6_SF8,,,45
LoRaSim-MinimalTopology-0-20240420-22:58:22-11948,scalar,LoRa.host[0],numOfHostsPerSF_Server6_SF9,,,53
LoRaSim-MinimalTopology-0-20240420-22:58:22-11948,scalar,LoRa.host[0],numOfHostsPerSF_Server6_SF10,,,43
LoRaSim-MinimalTopology-0-20240420-22:58:22-11948,scalar,LoRa.host[0],numOfHostsPerSF_Server6_SF11,,,23
LoRaSim-MinimalTopology-0-20240420-22:58:22-11948,scalar,LoRa.host[0],numOfHostsPerSF_Server6_SF12,,,17
LoRaSim-MinimalTopology-0-20240420-22:58:22-11948,scalar,LoRa.host[0],numOfHostsPerSF_Server7_SF7,,,214
LoRaSim-MinimalTopology-0-20240420-22:58:22-11948,scalar,LoRa.host[0],numOfHostsPerSF_Server7_SF8,,,54
LoRaSim-MinimalTopology-0-20240420-22:58:22-11948,scalar,LoRa.host[0],numOfHostsPerSF_Server7_SF9,,,35
LoRaSim-MinimalTopology-0-20240420-22:58:22-11948,scalar,LoRa.host[0],numOfHostsPerSF_Server7_SF10,,,33
LoRaSim-MinimalTopology-0-20240420-22:58:22-11948,scalar,LoRa.host[0],numOfHostsPerSF_Server7_SF11,,,45
LoRaSim-MinimalTopology-0-20240420-22:58:22-11948,scalar,LoRa.host[0],numOfHostsPerSF_Server7_SF12,,,11
LoRaSim-MinimalTopology-0-20240420-22:58:22-11948,scalar,_runattrs_,M,,,8
LoRaSim-MinimalTopology-0-20240420-22:58:22-11948,scalar,_runattrs_,N,,,3000
