run,type,module,name,attrname,attrvalue,value
LoRaSim-MinimalTopology-0-20240420-22:56:21-12232,runattr,,,configname,LoRaSim-MinimalTopology,
LoRaSim-MinimalTopology-0-20240420-22:56:21-12232,runattr,,,datetime,20240420-22:56:21,
LoRaSim-MinimalTopology-0-20240420-22:56:21-12232,runattr,,,experiment,LoRaSim-MinimalTopology,
LoRaSim-MinimalTopology-0-20240420-22:56:21-12232,runattr,,,inifile,omnetpp.ini,
LoRaSim-MinimalTopology-0-20240420-22:56:21-12232,runattr,,,iterationvars,"$N=1000, $M=8",
LoRaSim-MinimalTopology-0-20240420-22:56:21-12232,runattr,,,iterationvarsf,"N=1000,M=8-",
LoRaSim-MinimalTopology-0-20240420-22:56:21-12232,runattr,,,measurement,"$N=1000, $M=8",
LoRaSim-MinimalTopology-0-20240420-22:56:21-12232,runattr,,,network,LoRa,
LoRaSim-MinimalTopology-0-20240420-22:56:21-12232,runattr,,,processid,12232,
LoRaSim-MinimalTopology-0-20240420-22:56:21-12232,runattr,,,repetition,0,
LoRaSim-MinimalTopology-0-20240420-22:56:21-12232,runattr,,,replication,#0,
LoRaSim-MinimalTopology-0-20240420-22:56:21-12232,runattr,,,resultdir,results,
LoRaSim-MinimalTopology-0-20240420-22:56:21-12232,runattr,,,runnumber,0,
LoRaSim-MinimalTopology-0-20240420-22:56:21-12232,runattr,,,seedset,0,
LoRaSim-MinimalTopology-0-20240420-22:56:21-12232,itervar,,,M,8,
LoRaSim-MinimalTopology-0-20240420-22:56:21-12232,itervar,,,N,1000,
LoRaSim-MinimalTopology-0-20240420-22:56:21-12232,param,,,LoRa.host[*].isBufferingEvents,false,
LoRaSim-MinimalTopology-0-20240420-22:56:21-12232,param,,,LoRa.host[*].addFrameHeader,false,
LoRaSim-MinimalTopology-0-20240420-22:56:21-12232,param,,,LoRa.host[*].nbOfChannels,3,
LoRaSim-MinimalTopology-0-20240420-22:56:21-12232,param,,,LoRa.numHosts,1000,
LoRaSim-MinimalTopology-0-20240420-22:56:21-12232,param,,,LoRa.host[*].iaTime,exponential(600s),
LoRaSim-MinimalTopology-0-20240420-22:56:21-12232,param,,,LoRa.host[*].pkLenBits,160b,
LoRaSim-MinimalTopology-0-20240420-22:56:21-12232,param,,,LoRa.netR,6333.83 m,
LoRaSim-MinimalTopology-0-20240420-22:56:21-12232,param,,,LoRa.server[*].pathlossExp,3,
LoRaSim-MinimalTopology-0-20240420-22:56:21-12232,param,,,LoRa.server[*].BW,125,
LoRaSim-MinimalTopology-0-20240420-22:56:21-12232,param,,,LoRa.numServers,8,
LoRaSim-MinimalTopology-0-20240420-22:56:21-12232,param,,,LoRa.server[0].x,-6333.83m,
LoRaSim-MinimalTopology-0-20240420-22:56:21-12232,param,,,LoRa.server[0].y,0,
LoRaSim-MinimalTopology-0-20240420-22:56:21-12232,param,,,LoRa.server[1].x,-4491.94m,
LoRaSim-MinimalTopology-0-20240420-22:56:21-12232,param,,,LoRa.server[1].y,4491.94m,
LoRaSim-MinimalTopology-0-20240420-22:56:21-12232,param,,,LoRa.server[2].x,0,
LoRaSim-MinimalTopology-0-20240420-22:56:21-12232,param,,,LoRa.server[2].y,6333.83m,
LoRaSim-MinimalTopology-0-20240420-22:56:21-12232,param,,,LoRa.server[3].x,4491.94m,
LoRaSim-MinimalTopology-0-20240420-22:56:21-12232,param,,,LoRa.server[3].y,4491.94m,
LoRaSim-MinimalTopology-0-20240420-22:56:21-12232,param,,,LoRa.server[4].x,6333.83m,
LoRaSim-MinimalTopology-0-20240420-22:56:21-12232,param,,,LoRa.server[4].y,0,
LoRaSim-MinimalTopology-0-20240420-22:56:21-12232,param,,,LoRa.server[5].x,4491.94m,
LoRaSim-MinimalTopology-0-20240420-22:56:21-12232,param,,,LoRa.server[5].y,-4491.94m,
LoRaSim-MinimalTopology-0-20240420-22:56:21-12232,param,,,LoRa.server[6].x,0,
LoRaSim-MinimalTopology-0-20240420-22:56:21-12232,param,,,LoRa.server[6].y,-6333.83m,
LoRaSim-MinimalTopology-0-20240420-22:56:21-12232,param,,,LoRa.server[7].x,-4491.94m,
LoRaSim-MinimalTopology-0-20240420-22:56:21-12232,param,,,LoRa.server[7].y,-4491.94m,
LoRaSim-MinimalTopology-0-20240420-22:56:21-12232,param,,,**.animationHoldTimeOnCollision,0s,
LoRaSim-MinimalTopology-0-20240420-22:56:21-12232,param,,,**.idleAnimationSpeed,1,
LoRaSim-MinimalTopology-0-20240420-22:56:21-12232,param,,,**.transmissionEdgeAnimationSpeed,1e-6,
LoRaSim-MinimalTopology-0-20240420-22:56:21-12232,param,,,**.midTransmissionAnimationSpeed,1e-1,
LoRaSim-MinimalTopology-0-20240420-22:56:21-12232,param,,,LoRa.slotTime,0,
LoRaSim-MinimalTopology-0-20240420-22:56:21-12232,param,,,LoRa.dutyCycleActive,true,
LoRaSim-MinimalTopology-0-20240420-22:56:21-12232,scalar,LoRa.server[0],SF: 7,,,0
LoRaSim-MinimalTopology-0-20240420-22:56:21-12232,scalar,LoRa.server[0],rcvCounter: 7,,,0
LoRaSim-MinimalTopology-0-20240420-22:56:21-12232,scalar,LoRa.server[0],noOfCollidedPackets: 7,,,0
LoRaSim-MinimalTopology-0-20240420-22:56:21-12232,scalar,LoRa.server[0],noOfSuccessPackets: 7,,,0
LoRaSim-MinimalTopology-0-20240420-22:56:21-12232,scalar,LoRa.server[0],noOfHostsInSFTier: 7,,,148
LoRaSim-MinimalTopology-0-20240420-22:56:21-12232,scalar,LoRa.server[0],SF: 8,,,0
LoRaSim-MinimalTopology-0-20240420-22:56:21-12232,scalar,LoRa.server[0],rcvCounter: 8,,,0
LoRaSim-MinimalTopology-0-20240420-22:56:21-12232,scalar,LoRa.server[0],noOfCollidedPackets: 8,,,0
LoRaSim-MinimalTopology-0-20240420-22:56:21-12232,scalar,LoRa.server[0],noOfSuccessPackets: 8,,,0
LoRaSim-MinimalTopology-0-20240420-22:56:21-12232,scalar,LoRa.server[0],noOfHostsInSFTier: 8,,,64
LoRaSim-MinimalTopology-0-20240420-22:56:21-12232,scalar,LoRa.server[0],SF: 9,,,0
LoRaSim-MinimalTopology-0-20240420-22:56:21-12232,scalar,LoRa.server[0],rcvCounter: 9,,,0
LoRaSim-MinimalTopology-0-20240420-22:56:21-12232,scalar,LoRa.server[0],noOfCollidedPackets: 9,,,0
LoRaSim-MinimalTopology-0-20240420-22:56:21-12232,scalar,LoRa.server[0],noOfSuccessPackets: 9,,,0
LoRaSim-MinimalTopology-0-20240420-22:56:21-12232,scalar,LoRa.server[0],noOfHostsInSFTier: 9,,,110
LoRaSim-MinimalTopology-0-20240420-22:56:21-12232,scalar,LoRa.server[0],SF: 10,,,0
LoRaSim-MinimalTopology-0-20240420-22:56:21-12232,scalar,LoRa.server[0],rcvCounter: 10,,,0
LoRaSim-MinimalTopology-0-20240420-22:56:21-12232,scalar,LoRa.server[0],noOfCollidedPackets: 10,,,0
LoRaSim-MinimalTopology-0-20240420-22:56:21-12232,scalar,LoRa.server[0],noOfSuccessPackets: 10,,,0
LoRaSim-MinimalTopology-0-20240420-22:56:21-12232,scalar,LoRa.server[0],noOfHostsInSFTier: 10,,,168
LoRaSim-MinimalTopology-0-20240420-22:56:21-12232,scalar,LoRa.server[0],SF: 11,,,0
LoRaSim-MinimalTopology-0-20240420-22:56:21-12232,scalar,LoRa.server[0],rcvCounter: 11,,,0
LoRaSim-MinimalTopology-0-20240420-22:56:21-12232,scalar,LoRa.server[0],noOfCollidedPackets: 11,,,0
LoRaSim-MinimalTopology-0-20240420-22:56:21-12232,scalar,LoRa.server[0],noOfSuccessPackets: 11,,,0
LoRaSim-MinimalTopology-0-20240420-22:56:21-12232,scalar,LoRa.server[0],noOfHostsInSFTier: 11,,,194
LoRaSim-MinimalTopology-0-20240420-22:56:21-12232,scalar,LoRa.server[0],SF: 12,,,0.19519212962963
LoRaSim-MinimalTopology-0-20240420-22:56:21-12232,scalar,LoRa.server[0],rcvCounter: 12,,,90860
LoRaSim-MinimalTopology-0-20240420-22:56:21-12232,scalar,LoRa.server[0],noOfCollidedPackets: 12,,,6537
LoRaSim-MinimalTopology-0-20240420-22:56:21-12232,scalar,LoRa.server[0],noOfSuccessPackets: 12,,,84323
LoRaSim-MinimalTopology-0-20240420-22:56:21-12232,scalar,LoRa.server[0],noOfHostsInSFTier: 12,,,315
LoRaSim-MinimalTopology-0-20240420-22:56:21-12232,scalar,LoRa.server[0],totalSuccessRate,,,0.19519212962963
LoRaSim-MinimalTopology-0-20240420-22:56:21-12232,scalar,LoRa.server[0],totalSuccessProb,,,0.92805414924059
LoRaSim-MinimalTopology-0-20240420-22:56:21-12232,scalar,LoRa.server[0],duration,,,432000
LoRaSim-MinimalTopology-0-20240420-22:56:21-12232,scalar,LoRa.server[1],SF: 7,,,0
LoRaSim-MinimalTopology-0-20240420-22:56:21-12232,scalar,LoRa.server[1],rcvCounter: 7,,,0
LoRaSim-MinimalTopology-0-20240420-22:56:21-12232,scalar,LoRa.server[1],noOfCollidedPackets: 7,,,0
LoRaSim-MinimalTopology-0-20240420-22:56:21-12232,scalar,LoRa.server[1],noOfSuccessPackets: 7,,,0
LoRaSim-MinimalTopology-0-20240420-22:56:21-12232,scalar,LoRa.server[1],noOfHostsInSFTier: 7,,,148
LoRaSim-MinimalTopology-0-20240420-22:56:21-12232,scalar,LoRa.server[1],SF: 8,,,0
LoRaSim-MinimalTopology-0-20240420-22:56:21-12232,scalar,LoRa.server[1],rcvCounter: 8,,,0
LoRaSim-MinimalTopology-0-20240420-22:56:21-12232,scalar,LoRa.server[1],noOfCollidedPackets: 8,,,0
LoRaSim-MinimalTopology-0-20240420-22:56:21-12232,scalar,LoRa.server[1],noOfSuccessPackets: 8,,,0
LoRaSim-MinimalTopology-0-20240420-22:56:21-12232,scalar,LoRa.server[1],noOfHostsInSFTier: 8,,,64
LoRaSim-MinimalTopology-0-20240420-22:56:21-12232,scalar,LoRa.server[1],SF: 9,,,0
LoRaSim-MinimalTopology-0-20240420-22:56:21-12232,scalar,LoRa.server[1],rcvCounter: 9,,,0
LoRaSim-MinimalTopology-0-20240420-22:56:21-12232,scalar,LoRa.server[1],noOfCollidedPackets: 9,,,0
LoRaSim-MinimalTopology-0-20240420-22:56:21-12232,scalar,LoRa.server[1],noOfSuccessPackets: 9,,,0
LoRaSim-MinimalTopology-0-20240420-22:56:21-12232,scalar,LoRa.server[1],noOfHostsInSFTier: 9,,,110
LoRaSim-MinimalTopology-0-20240420-22:56:21-12232,scalar,LoRa.server[1],SF: 10,,,0
LoRaSim-MinimalTopology-0-20240420-22:56:21-12232,scalar,LoRa.server[1],rcvCounter: 10,,,0
LoRaSim-MinimalTopology-0-20240420-22:56:21-12232,scalar,LoRa.server[1],noOfCollidedPackets: 10,,,0
LoRaSim-MinimalTopology-0-20240420-22:56:21-12232,scalar,LoRa.server[1],noOfSuccessPackets: 10,,,0
LoRaSim-MinimalTopology-0-20240420-22:56:21-12232,scalar,LoRa.server[1],noOfHostsInSFTier: 10,,,168
LoRaSim-MinimalTopology-0-20240420-22:56:21-12232,scalar,LoRa.server[1],SF: 11,,,0
LoRaSim-MinimalTopology-0-20240420-22:56:21-12232,scalar,LoRa.server[1],rcvCounter: 11,,,0
LoRaSim-MinimalTopology-0-20240420-22:56:21-12232,scalar,LoRa.server[1],noOfCollidedPackets: 11,,,0
LoRaSim-MinimalTopology-0-20240420-22:56:21-12232,scalar,LoRa.server[1],noOfSuccessPackets: 11,,,0
LoRaSim-MinimalTopology-0-20240420-22:56:21-12232,scalar,LoRa.server[1],noOfHostsInSFTier: 11,,,194
LoRaSim-MinimalTopology-0-20240420-22:56:21-12232,scalar,LoRa.server[1],SF: 12,,,0.18751157407407
LoRaSim-MinimalTopology-0-20240420-22:56:21-12232,scalar,LoRa.server[1],rcvCounter: 12,,,86900
LoRaSim-MinimalTopology-0-20240420-22:56:21-12232,scalar,LoRa.server[1],noOfCollidedPackets: 12,,,5895
LoRaSim-MinimalTopology-0-20240420-22:56:21-12232,scalar,LoRa.server[1],noOfSuccessPackets: 12,,,81005
LoRaSim-MinimalTopology-0-20240420-22:56:21-12232,scalar,LoRa.server[1],noOfHostsInSFTier: 12,,,315
LoRaSim-MinimalTopology-0-20240420-22:56:21-12232,scalar,LoRa.server[1],totalSuccessRate,,,0.18751157407407
LoRaSim-MinimalTopology-0-20240420-22:56:21-12232,scalar,LoRa.server[1],totalSuccessProb,,,0.93216340621404
LoRaSim-MinimalTopology-0-20240420-22:56:21-12232,scalar,LoRa.server[1],duration,,,432000
LoRaSim-MinimalTopology-0-20240420-22:56:21-12232,scalar,LoRa.server[2],SF: 7,,,0
LoRaSim-MinimalTopology-0-20240420-22:56:21-12232,scalar,LoRa.server[2],rcvCounter: 7,,,0
LoRaSim-MinimalTopology-0-20240420-22:56:21-12232,scalar,LoRa.server[2],noOfCollidedPackets: 7,,,0
LoRaSim-MinimalTopology-0-20240420-22:56:21-12232,scalar,LoRa.server[2],noOfSuccessPackets: 7,,,0
LoRaSim-MinimalTopology-0-20240420-22:56:21-12232,scalar,LoRa.server[2],noOfHostsInSFTier: 7,,,148
LoRaSim-MinimalTopology-0-20240420-22:56:21-12232,scalar,LoRa.server[2],SF: 8,,,0
LoRaSim-MinimalTopology-0-20240420-22:56:21-12232,scalar,LoRa.server[2],rcvCounter: 8,,,0
LoRaSim-MinimalTopology-0-20240420-22:56:21-12232,scalar,LoRa.server[2],noOfCollidedPackets: 8,,,0
LoRaSim-MinimalTopology-0-20240420-22:56:21-12232,scalar,LoRa.server[2],noOfSuccessPackets: 8,,,0
LoRaSim-MinimalTopology-0-20240420-22:56:21-12232,scalar,LoRa.server[2],noOfHostsInSFTier: 8,,,64
LoRaSim-MinimalTopology-0-20240420-22:56:21-12232,scalar,LoRa.server[2],SF: 9,,,0
LoRaSim-MinimalTopology-0-20240420-22:56:21-12232,scalar,LoRa.server[2],rcvCounter: 9,,,0
LoRaSim-MinimalTopology-0-20240420-22:56:21-12232,scalar,LoRa.server[2],noOfCollidedPackets: 9,,,0
LoRaSim-MinimalTopology-0-20240420-22:56:21-12232,scalar,LoRa.server[2],noOfSuccessPackets: 9,,,0
LoRaSim-MinimalTopology-0-20240420-22:56:21-12232,scalar,LoRa.server[2],noOfHostsInSFTier: 9,,,110
LoRaSim-MinimalTopology-0-20240420-22:56:21-12232,scalar,LoRa.server[2],SF: 10,,,0
LoRaSim-MinimalTopology-0-20240420-22:56:21-12232,scalar,LoRa.server[2],rcvCounter: 10,,,0
LoRaSim-MinimalTopology-0-20240420-22:56:21-12232,scalar,LoRa.server[2],noOfCollidedPackets: 10,,,0
LoRaSim-MinimalTopology-0-20240420-22:56:21-12232,scalar,LoRa.server[2],noOfSuccessPackets: 10,,,0
LoRaSim-MinimalTopology-0-20240420-22:56:21-12232,scalar,LoRa.server[2],noOfHostsInSFTier: 10,,,168
LoRaSim-MinimalTopology-0-20240420-22:56:21-12232,scalar,LoRa.server[2],SF: 11,,,0
LoRaSim-MinimalTopology-0-20240420-22:56:21-12232,scalar,LoRa.server[2],rcvCounter: 11,,,0
LoRaSim-MinimalTopology-0-20240420-22:56:21-12232,scalar,LoRa.server[2],noOfCollidedPackets: 11,,,0
LoRaSim-MinimalTopology-0-20240420-22:56:21-12232,scalar,LoRa.server[2],noOfSuccessPackets: 11,,,0
LoRaSim-MinimalTopology-0-20240420-22:56:21-12232,scalar,LoRa.server[2],noOfHostsInSFTier: 11,,,194
LoRaSim-MinimalTopology-0-20240420-22:56:21-12232,scalar,LoRa.server[2],SF: 12,,,0.15579398148148
LoRaSim-MinimalTopology-0-20240420-22:56:21-12232,scalar,LoRa.server[2],rcvCounter: 12,,,71471
LoRaSim-MinimalTopology-0-20240420-22:56:21-12232,scalar,LoRa.server[2],noOfCollidedPackets: 12,,,4168
LoRaSim-MinimalTopology-0-20240420-22:56:21-12232,scalar,LoRa.server[2],noOfSuccessPackets: 12,,,67303
LoRaSim-MinimalTopology-0-20240420-22:56:21-12232,scalar,LoRa.server[2],noOfHostsInSFTier: 12,,,315
LoRaSim-MinimalTopology-0-20240420-22:56:21-12232,scalar,LoRa.server[2],totalSuccessRate,,,0.15579398148148
LoRaSim-MinimalTopology-0-20240420-22:56:21-12232,scalar,LoRa.server[2],totalSuccessProb,,,0.94168264051154
LoRaSim-MinimalTopology-0-20240420-22:56:21-12232,scalar,LoRa.server[2],duration,,,432000
LoRaSim-MinimalTopology-0-20240420-22:56:21-12232,scalar,LoRa.server[3],SF: 7,,,0
LoRaSim-MinimalTopology-0-20240420-22:56:21-12232,scalar,LoRa.server[3],rcvCounter: 7,,,0
LoRaSim-MinimalTopology-0-20240420-22:56:21-12232,scalar,LoRa.server[3],noOfCollidedPackets: 7,,,0
LoRaSim-MinimalTopology-0-20240420-22:56:21-12232,scalar,LoRa.server[3],noOfSuccessPackets: 7,,,0
LoRaSim-MinimalTopology-0-20240420-22:56:21-12232,scalar,LoRa.server[3],noOfHostsInSFTier: 7,,,148
LoRaSim-MinimalTopology-0-20240420-22:56:21-12232,scalar,LoRa.server[3],SF: 8,,,0
LoRaSim-MinimalTopology-0-20240420-22:56:21-12232,scalar,LoRa.server[3],rcvCounter: 8,,,0
LoRaSim-MinimalTopology-0-20240420-22:56:21-12232,scalar,LoRa.server[3],noOfCollidedPackets: 8,,,0
LoRaSim-MinimalTopology-0-20240420-22:56:21-12232,scalar,LoRa.server[3],noOfSuccessPackets: 8,,,0
LoRaSim-MinimalTopology-0-20240420-22:56:21-12232,scalar,LoRa.server[3],noOfHostsInSFTier: 8,,,64
LoRaSim-MinimalTopology-0-20240420-22:56:21-12232,scalar,LoRa.server[3],SF: 9,,,0
LoRaSim-MinimalTopology-0-20240420-22:56:21-12232,scalar,LoRa.server[3],rcvCounter: 9,,,0
LoRaSim-MinimalTopology-0-20240420-22:56:21-12232,scalar,LoRa.server[3],noOfCollidedPackets: 9,,,0
LoRaSim-MinimalTopology-0-20240420-22:56:21-12232,scalar,LoRa.server[3],noOfSuccessPackets: 9,,,0
LoRaSim-MinimalTopology-0-20240420-22:56:21-12232,scalar,LoRa.server[3],noOfHostsInSFTier: 9,,,110
LoRaSim-MinimalTopology-0-20240420-22:56:21-12232,scalar,LoRa.server[3],SF: 10,,,0
LoRaSim-MinimalTopology-0-20240420-22:56:21-12232,scalar,LoRa.server[3],rcvCounter: 10,,,0
LoRaSim-MinimalTopology-0-20240420-22:56:21-12232,scalar,LoRa.server[3],noOfCollidedPackets: 10,,,0
LoRaSim-MinimalTopology-0-20240420-22:56:21-12232,scalar,LoRa.server[3],noOfSuccessPackets: 10,,,0
LoRaSim-MinimalTopology-0-20240420-22:56:21-12232,scalar,LoRa.server[3],noOfHostsInSFTier: 10,,,168
LoRaSim-MinimalTopology-0-20240420-22:56:21-12232,scalar,LoRa.server[3],SF: 11,,,0
LoRaSim-MinimalTopology-0-20240420-22:56:21-12232,scalar,LoRa.server[3],rcvCounter: 11,,,0
LoRaSim-MinimalTopology-0-20240420-22:56:21-12232,scalar,LoRa.server[3],noOfCollidedPackets: 11,,,0
LoRaSim-MinimalTopology-0-20240420-22:56:21-12232,scalar,LoRa.server[3],noOfSuccessPackets: 11,,,0
LoRaSim-MinimalTopology-0-20240420-22:56:21-12232,scalar,LoRa.server[3],noOfHostsInSFTier: 11,,,194
LoRaSim-MinimalTopology-0-20240420-22:56:21-12232,scalar,LoRa.server[3],SF: 12,,,0.15941203703704
LoRaSim-MinimalTopology-0-20240420-22:56:21-12232,scalar,LoRa.server[3],rcvCounter: 12,,,73163
LoRaSim-MinimalTopology-0-20240420-22:56:21-12232,scalar,LoRa.server[3],noOfCollidedPackets: 12,,,4297
LoRaSim-MinimalTopology-0-20240420-22:56:21-12232,scalar,LoRa.server[3],noOfSuccessPackets: 12,,,68866
LoRaSim-MinimalTopology-0-20240420-22:56:21-12232,scalar,LoRa.server[3],noOfHostsInSFTier: 12,,,315
LoRaSim-MinimalTopology-0-20240420-22:56:21-12232,scalar,LoRa.server[3],totalSuccessRate,,,0.15941203703704
LoRaSim-MinimalTopology-0-20240420-22:56:21-12232,scalar,LoRa.server[3],totalSuccessProb,,,0.94126812733212
LoRaSim-MinimalTopology-0-20240420-22:56:21-12232,scalar,LoRa.server[3],duration,,,432000
LoRaSim-MinimalTopology-0-20240420-22:56:21-12232,scalar,LoRa.server[4],SF: 7,,,0
LoRaSim-MinimalTopology-0-20240420-22:56:21-12232,scalar,LoRa.server[4],rcvCounter: 7,,,0
LoRaSim-MinimalTopology-0-20240420-22:56:21-12232,scalar,LoRa.server[4],noOfCollidedPackets: 7,,,0
LoRaSim-MinimalTopology-0-20240420-22:56:21-12232,scalar,LoRa.server[4],noOfSuccessPackets: 7,,,0
LoRaSim-MinimalTopology-0-20240420-22:56:21-12232,scalar,LoRa.server[4],noOfHostsInSFTier: 7,,,148
LoRaSim-MinimalTopology-0-20240420-22:56:21-12232,scalar,LoRa.server[4],SF: 8,,,0
LoRaSim-MinimalTopology-0-20240420-22:56:21-12232,scalar,LoRa.server[4],rcvCounter: 8,,,0
LoRaSim-MinimalTopology-0-20240420-22:56:21-12232,scalar,LoRa.server[4],noOfCollidedPackets: 8,,,0
LoRaSim-MinimalTopology-0-20240420-22:56:21-12232,scalar,LoRa.server[4],noOfSuccessPackets: 8,,,0
LoRaSim-MinimalTopology-0-20240420-22:56:21-12232,scalar,LoRa.server[4],noOfHostsInSFTier: 8,,,64
LoRaSim-MinimalTopology-0-20240420-22:56:21-12232,scalar,LoRa.server[4],SF: 9,,,0
LoRaSim-MinimalTopology-0-20240420-22:56:21-12232,scalar,LoRa.server[4],rcvCounter: 9,,,0
LoRaSim-MinimalTopology-0-20240420-22:56:21-12232,scalar,LoRa.server[4],noOfCollidedPackets: 9,,,0
LoRaSim-MinimalTopology-0-20240420-22:56:21-12232,scalar,LoRa.server[4],noOfSuccessPackets: 9,,,0
LoRaSim-MinimalTopology-0-20240420-22:56:21-12232,scalar,LoRa.server[4],noOfHostsInSFTier: 9,,,110
LoRaSim-MinimalTopology-0-20240420-22:56:21-12232,scalar,LoRa.server[4],SF: 10,,,0
LoRaSim-MinimalTopology-0-20240420-22:56:21-12232,scalar,LoRa.server[4],rcvCounter: 10,,,0
LoRaSim-MinimalTopology-0-20240420-22:56:21-12232,scalar,LoRa.server[4],noOfCollidedPackets: 10,,,0
LoRaSim-MinimalTopology-0-20240420-22:56:21-12232,scalar,LoRa.server[4],noOfSuccessPackets: 10,,,0
LoRaSim-MinimalTopology-0-20240420-22:56:21-12232,scalar,LoRa.server[4],noOfHostsInSFTier: 10,,,168
LoRaSim-MinimalTopology-0-20240420-22:56:21-12232,scalar,LoRa.server[4],SF: 11,,,0
LoRaSim-MinimalTopology-0-20240420-22:56:21-12232,scalar,LoRa.server[4],rcvCounter: 11,,,0
LoRaSim-MinimalTopology-0-20240420-22:56:21-12232,scalar,LoRa.server[4],noOfCollidedPackets: 11,,,0
LoRaSim-MinimalTopology-0-20240420-22:56:21-12232,scalar,LoRa.server[4],noOfSuccessPackets: 11,,,0
LoRaSim-MinimalTopology-0-20240420-22:56:21-12232,scalar,LoRa.server[4],noOfHostsInSFTier: 11,,,194
LoRaSim-MinimalTopology-0-20240420-22:56:21-12232,scalar,LoRa.server[4],SF: 12,,,0.18159722222222
LoRaSim-MinimalTopology-0-20240420-22:56:21-12232,scalar,LoRa.server[4],rcvCounter: 12,,,84322
LoRaSim-MinimalTopology-0-20240420-22:56:21-12232,scalar,LoRa.server[4],noOfCollidedPackets: 12,,,5872
LoRaSim-MinimalTopology-0-20240420-22:56:21-12232,scalar,LoRa.server[4],noOfSuccessPackets: 12,,,78450
LoRaSim-MinimalTopology-0-20240420-22:56:21-12232,scalar,LoRa.server[4],noOfHostsInSFTier: 12,,,315
LoRaSim-MinimalTopology-0-20240420-22:56:21-12232,scalar,LoRa.server[4],totalSuccessRate,,,0.18159722222222
LoRaSim-MinimalTopology-0-20240420-22:56:21-12232,scalar,LoRa.server[4],totalSuccessProb,,,0.93036218306017
LoRaSim-MinimalTopology-0-20240420-22:56:21-12232,scalar,LoRa.server[4],duration,,,432000
LoRaSim-MinimalTopology-0-20240420-22:56:21-12232,scalar,LoRa.server[5],SF: 7,,,0
LoRaSim-MinimalTopology-0-20240420-22:56:21-12232,scalar,LoRa.server[5],rcvCounter: 7,,,0
LoRaSim-MinimalTopology-0-20240420-22:56:21-12232,scalar,LoRa.server[5],noOfCollidedPackets: 7,,,0
LoRaSim-MinimalTopology-0-20240420-22:56:21-12232,scalar,LoRa.server[5],noOfSuccessPackets: 7,,,0
LoRaSim-MinimalTopology-0-20240420-22:56:21-12232,scalar,LoRa.server[5],noOfHostsInSFTier: 7,,,148
LoRaSim-MinimalTopology-0-20240420-22:56:21-12232,scalar,LoRa.server[5],SF: 8,,,0
LoRaSim-MinimalTopology-0-20240420-22:56:21-12232,scalar,LoRa.server[5],rcvCounter: 8,,,0
LoRaSim-MinimalTopology-0-20240420-22:56:21-12232,scalar,LoRa.server[5],noOfCollidedPackets: 8,,,0
LoRaSim-MinimalTopology-0-20240420-22:56:21-12232,scalar,LoRa.server[5],noOfSuccessPackets: 8,,,0
LoRaSim-MinimalTopology-0-20240420-22:56:21-12232,scalar,LoRa.server[5],noOfHostsInSFTier: 8,,,64
LoRaSim-MinimalTopology-0-20240420-22:56:21-12232,scalar,LoRa.server[5],SF: 9,,,0
LoRaSim-MinimalTopology-0-20240420-22:56:21-12232,scalar,LoRa.server[5],rcvCounter: 9,,,0
LoRaSim-MinimalTopology-0-20240420-22:56:21-12232,scalar,LoRa.server[5],noOfCollidedPackets: 9,,,0
LoRaSim-MinimalTopology-0-20240420-22:56:21-12232,scalar,LoRa.server[5],noOfSuccessPackets: 9,,,0
LoRaSim-MinimalTopology-0-20240420-22:56:21-12232,scalar,LoRa.server[5],noOfHostsInSFTier: 9,,,110
LoRaSim-MinimalTopology-0-20240420-22:56:21-12232,scalar,LoRa.server[5],SF: 10,,,0
LoRaSim-MinimalTopology-0-20240420-22:56:21-12232,scalar,LoRa.server[5],rcvCounter: 10,,,0
LoRaSim-MinimalTopology-0-20240420-22:56:21-12232,scalar,LoRa.server[5],noOfCollidedPackets: 10,,,0
LoRaSim-MinimalTopology-0-20240420-22:56:21-12232,scalar,LoRa.server[5],noOfSuccessPackets: 10,,,0
LoRaSim-MinimalTopology-0-20240420-22:56:21-12232,scalar,LoRa.server[5],noOfHostsInSFTier: 10,,,168
LoRaSim-MinimalTopology-0-20240420-22:56:21-12232,scalar,LoRa.server[5],SF: 11,,,0
LoRaSim-MinimalTopology-0-20240420-22:56:21-12232,scalar,LoRa.server[5],rcvCounter: 11,,,0
LoRaSim-MinimalTopology-0-20240420-22:56:21-12232,scalar,LoRa.server[5],noOfCollidedPackets: 11,,,0
LoRaSim-MinimalTopology-0-20240420-22:56:21-12232,scalar,LoRa.server[5],noOfSuccessPackets: 11,,,0
LoRaSim-MinimalTopology-0-20240420-22:56:21-12232,scalar,LoRa.server[5],noOfHostsInSFTier: 11,,,194
LoRaSim-MinimalTopology-0-20240420-22:56:21-12232,scalar,LoRa.server[5],SF: 12,,,0.17396064814815
LoRaSim-MinimalTopology-0-20240420-22:56:21-12232,scalar,LoRa.server[5],rcvCounter: 12,,,80558
LoRaSim-MinimalTopology-0-20240420-22:56:21-12232,scalar,LoRa.server[5],noOfCollidedPackets: 12,,,5407
LoRaSim-MinimalTopology-0-20240420-22:56:21-12232,scalar,LoRa.server[5],noOfSuccessPackets: 12,,,75151
LoRaSim-MinimalTopology-0-20240420-22:56:21-12232,scalar,LoRa.server[5],noOfHostsInSFTier: 12,,,315
LoRaSim-MinimalTopology-0-20240420-22:56:21-12232,scalar,LoRa.server[5],totalSuccessRate,,,0.17396064814815
LoRaSim-MinimalTopology-0-20240420-22:56:21-12232,scalar,LoRa.server[5],totalSuccessProb,,,0.93288065741453
LoRaSim-MinimalTopology-0-20240420-22:56:21-12232,scalar,LoRa.server[5],duration,,,432000
LoRaSim-MinimalTopology-0-20240420-22:56:21-12232,scalar,LoRa.server[6],SF: 7,,,0
LoRaSim-MinimalTopology-0-20240420-22:56:21-12232,scalar,LoRa.server[6],rcvCounter: 7,,,0
LoRaSim-MinimalTopology-0-20240420-22:56:21-12232,scalar,LoRa.server[6],noOfCollidedPackets: 7,,,0
LoRaSim-MinimalTopology-0-20240420-22:56:21-12232,scalar,LoRa.server[6],noOfSuccessPackets: 7,,,0
LoRaSim-MinimalTopology-0-20240420-22:56:21-12232,scalar,LoRa.server[6],noOfHostsInSFTier: 7,,,148
LoRaSim-MinimalTopology-0-20240420-22:56:21-12232,scalar,LoRa.server[6],SF: 8,,,0
LoRaSim-MinimalTopology-0-20240420-22:56:21-12232,scalar,LoRa.server[6],rcvCounter: 8,,,0
LoRaSim-MinimalTopology-0-20240420-22:56:21-12232,scalar,LoRa.server[6],noOfCollidedPackets: 8,,,0
LoRaSim-MinimalTopology-0-20240420-22:56:21-12232,scalar,LoRa.server[6],noOfSuccessPackets: 8,,,0
LoRaSim-MinimalTopology-0-20240420-22:56:21-12232,scalar,LoRa.server[6],noOfHostsInSFTier: 8,,,64
LoRaSim-MinimalTopology-0-20240420-22:56:21-12232,scalar,LoRa.server[6],SF: 9,,,0
LoRaSim-MinimalTopology-0-20240420-22:56:21-12232,scalar,LoRa.server[6],rcvCounter: 9,,,0
LoRaSim-MinimalTopology-0-20240420-22:56:21-12232,scalar,LoRa.server[6],noOfCollidedPackets: 9,,,0
LoRaSim-MinimalTopology-0-20240420-22:56:21-12232,scalar,LoRa.server[6],noOfSuccessPackets: 9,,,0
LoRaSim-MinimalTopology-0-20240420-22:56:21-12232,scalar,LoRa.server[6],noOfHostsInSFTier: 9,,,110
LoRaSim-MinimalTopology-0-20240420-22:56:21-12232,scalar,LoRa.server[6],SF: 10,,,0
LoRaSim-MinimalTopology-0-20240420-22:56:21-12232,scalar,LoRa.server[6],rcvCounter: 10,,,0
LoRaSim-MinimalTopology-0-20240420-22:56:21-12232,scalar,LoRa.server[6],noOfCollidedPackets: 10,,,0
LoRaSim-MinimalTopology-0-20240420-22:56:21-12232,scalar,LoRa.server[6],noOfSuccessPackets: 10,,,0
LoRaSim-MinimalTopology-0-20240420-22:56:21-12232,scalar,LoRa.server[6],noOfHostsInSFTier: 10,,,168
LoRaSim-MinimalTopology-0-20240420-22:56:21-12232,scalar,LoRa.server[6],SF: 11,,,0
LoRaSim-MinimalTopology-0-20240420-22:56:21-12232,scalar,LoRa.server[6],rcvCounter: 11,,,0
LoRaSim-MinimalTopology-0-20240420-22:56:21-12232,scalar,LoRa.server[6],noOfCollidedPackets: 11,,,0
LoRaSim-MinimalTopology-0-20240420-22:56:21-12232,scalar,LoRa.server[6],noOfSuccessPackets: 11,,,0
LoRaSim-MinimalTopology-0-20240420-22:56:21-12232,scalar,LoRa.server[6],noOfHostsInSFTier: 11,,,194
LoRaSim-MinimalTopology-0-20240420-22:56:21-12232,scalar,LoRa.server[6],SF: 12,,,0.17150231481481
LoRaSim-MinimalTopology-0-20240420-22:56:21-12232,scalar,LoRa.server[6],rcvCounter: 12,,,79205
LoRaSim-MinimalTopology-0-20240420-22:56:21-12232,scalar,LoRa.server[6],noOfCollidedPackets: 12,,,5116
LoRaSim-MinimalTopology-0-20240420-22:56:21-12232,scalar,LoRa.server[6],noOfSuccessPackets: 12,,,74089
LoRaSim-MinimalTopology-0-20240420-22:56:21-12232,scalar,LoRa.server[6],noOfHostsInSFTier: 12,,,315
LoRaSim-MinimalTopology-0-20240420-22:56:21-12232,scalar,LoRa.server[6],totalSuccessRate,,,0.17150231481481
LoRaSim-MinimalTopology-0-20240420-22:56:21-12232,scalar,LoRa.server[6],totalSuccessProb,,,0.93540811817436
LoRaSim-MinimalTopology-0-20240420-22:56:21-12232,scalar,LoRa.server[6],duration,,,432000
LoRaSim-MinimalTopology-0-20240420-22:56:21-12232,scalar,LoRa.server[7],SF: 7,,,0
LoRaSim-MinimalTopology-0-20240420-22:56:21-12232,scalar,LoRa.server[7],rcvCounter: 7,,,0
LoRaSim-MinimalTopology-0-20240420-22:56:21-12232,scalar,LoRa.server[7],noOfCollidedPackets: 7,,,0
LoRaSim-MinimalTopology-0-20240420-22:56:21-12232,scalar,LoRa.server[7],noOfSuccessPackets: 7,,,0
LoRaSim-MinimalTopology-0-20240420-22:56:21-12232,scalar,LoRa.server[7],noOfHostsInSFTier: 7,,,148
LoRaSim-MinimalTopology-0-20240420-22:56:21-12232,scalar,LoRa.server[7],SF: 8,,,0
LoRaSim-MinimalTopology-0-20240420-22:56:21-12232,scalar,LoRa.server[7],rcvCounter: 8,,,0
LoRaSim-MinimalTopology-0-20240420-22:56:21-12232,scalar,LoRa.server[7],noOfCollidedPackets: 8,,,0
LoRaSim-MinimalTopology-0-20240420-22:56:21-12232,scalar,LoRa.server[7],noOfSuccessPackets: 8,,,0
LoRaSim-MinimalTopology-0-20240420-22:56:21-12232,scalar,LoRa.server[7],noOfHostsInSFTier: 8,,,64
LoRaSim-MinimalTopology-0-20240420-22:56:21-12232,scalar,LoRa.server[7],SF: 9,,,0
LoRaSim-MinimalTopology-0-20240420-22:56:21-12232,scalar,LoRa.server[7],rcvCounter: 9,,,0
LoRaSim-MinimalTopology-0-20240420-22:56:21-12232,scalar,LoRa.server[7],noOfCollidedPackets: 9,,,0
LoRaSim-MinimalTopology-0-20240420-22:56:21-12232,scalar,LoRa.server[7],noOfSuccessPackets: 9,,,0
LoRaSim-MinimalTopology-0-20240420-22:56:21-12232,scalar,LoRa.server[7],noOfHostsInSFTier: 9,,,110
LoRaSim-MinimalTopology-0-20240420-22:56:21-12232,scalar,LoRa.server[7],SF: 10,,,0
LoRaSim-MinimalTopology-0-20240420-22:56:21-12232,scalar,LoRa.server[7],rcvCounter: 10,,,0
LoRaSim-MinimalTopology-0-20240420-22:56:21-12232,scalar,LoRa.server[7],noOfCollidedPackets: 10,,,0
LoRaSim-MinimalTopology-0-20240420-22:56:21-12232,scalar,LoRa.server[7],noOfSuccessPackets: 10,,,0
LoRaSim-MinimalTopology-0-20240420-22:56:21-12232,scalar,LoRa.server[7],noOfHostsInSFTier: 10,,,168
LoRaSim-MinimalTopology-0-20240420-22:56:21-12232,scalar,LoRa.server[7],SF: 11,,,0
LoRaSim-MinimalTopology-0-20240420-22:56:21-12232,scalar,LoRa.server[7],rcvCounter: 11,,,0
LoRaSim-MinimalTopology-0-20240420-22:56:21-12232,scalar,LoRa.server[7],noOfCollidedPackets: 11,,,0
LoRaSim-MinimalTopology-0-20240420-22:56:21-12232,scalar,LoRa.server[7],noOfSuccessPackets: 11,,,0
LoRaSim-MinimalTopology-0-20240420-22:56:21-12232,scalar,LoRa.server[7],noOfHostsInSFTier: 11,,,194
LoRaSim-MinimalTopology-0-20240420-22:56:21-12232,scalar,LoRa.server[7],SF: 12,,,0.19875925925926
LoRaSim-MinimalTopology-0-20240420-22:56:21-12232,scalar,LoRa.server[7],rcvCounter: 12,,,92758
LoRaSim-MinimalTopology-0-20240420-22:56:21-12232,scalar,LoRa.server[7],noOfCollidedPackets: 12,,,6894
LoRaSim-MinimalTopology-0-20240420-22:56:21-12232,scalar,LoRa.server[7],noOfSuccessPackets: 12,,,85864
LoRaSim-MinimalTopology-0-20240420-22:56:21-12232,scalar,LoRa.server[7],noOfHostsInSFTier: 12,,,315
LoRaSim-MinimalTopology-0-20240420-22:56:21-12232,scalar,LoRa.server[7],totalSuccessRate,,,0.19875925925926
LoRaSim-MinimalTopology-0-20240420-22:56:21-12232,scalar,LoRa.server[7],totalSuccessProb,,,0.92567756958968
LoRaSim-MinimalTopology-0-20240420-22:56:21-12232,scalar,LoRa.server[7],duration,,,432000
LoRaSim-MinimalTopology-0-20240420-22:56:21-12232,scalar,LoRa.host[0],numOfHostsPerSF_Server0_SF7,,,66
LoRaSim-MinimalTopology-0-20240420-22:56:21-12232,scalar,LoRa.host[0],numOfHostsPerSF_Server0_SF8,,,20
LoRaSim-MinimalTopology-0-20240420-22:56:21-12232,scalar,LoRa.host[0],numOfHostsPerSF_Server0_SF9,,,12
LoRaSim-MinimalTopology-0-20240420-22:56:21-12232,scalar,LoRa.host[0],numOfHostsPerSF_Server0_SF10,,,17
LoRaSim-MinimalTopology-0-20240420-22:56:21-12232,scalar,LoRa.host[0],numOfHostsPerSF_Server0_SF11,,,15
LoRaSim-MinimalTopology-0-20240420-22:56:21-12232,scalar,LoRa.host[0],numOfHostsPerSF_Server0_SF12,,,8
LoRaSim-MinimalTopology-0-20240420-22:56:21-12232,scalar,LoRa.host[0],numOfHostsPerSF_Server1_SF7,,,68
LoRaSim-MinimalTopology-0-20240420-22:56:21-12232,scalar,LoRa.host[0],numOfHostsPerSF_Server1_SF8,,,16
LoRaSim-MinimalTopology-0-20240420-22:56:21-12232,scalar,LoRa.host[0],numOfHostsPerSF_Server1_SF9,,,14
LoRaSim-MinimalTopology-0-20240420-22:56:21-12232,scalar,LoRa.host[0],numOfHostsPerSF_Server1_SF10,,,22
LoRaSim-MinimalTopology-0-20240420-22:56:21-12232,scalar,LoRa.host[0],numOfHostsPerSF_Server1_SF11,,,8
LoRaSim-MinimalTopology-0-20240420-22:56:21-12232,scalar,LoRa.host[0],numOfHostsPerSF_Server1_SF12,,,4
LoRaSim-MinimalTopology-0-20240420-22:56:21-12232,scalar,LoRa.host[0],numOfHostsPerSF_Server2_SF7,,,54
LoRaSim-MinimalTopology-0-20240420-22:56:21-12232,scalar,LoRa.host[0],numOfHostsPerSF_Server2_SF8,,,17
LoRaSim-MinimalTopology-0-20240420-22:56:21-12232,scalar,LoRa.host[0],numOfHostsPerSF_Server2_SF9,,,18
LoRaSim-MinimalTopology-0-20240420-22:56:21-12232,scalar,LoRa.host[0],numOfHostsPerSF_Server2_SF10,,,5
LoRaSim-MinimalTopology-0-20240420-22:56:21-12232,scalar,LoRa.host[0],numOfHostsPerSF_Server2_SF11,,,10
LoRaSim-MinimalTopology-0-20240420-22:56:21-12232,scalar,LoRa.host[0],numOfHostsPerSF_Server2_SF12,,,4
LoRaSim-MinimalTopology-0-20240420-22:56:21-12232,scalar,LoRa.host[0],numOfHostsPerSF_Server3_SF7,,,59
LoRaSim-MinimalTopology-0-20240420-22:56:21-12232,scalar,LoRa.host[0],numOfHostsPerSF_Server3_SF8,,,9
LoRaSim-MinimalTopology-0-20240420-22:56:21-12232,scalar,LoRa.host[0],numOfHostsPerSF_Server3_SF9,,,23
LoRaSim-MinimalTopology-0-20240420-22:56:21-12232,scalar,LoRa.host[0],numOfHostsPerSF_Server3_SF10,,,10
LoRaSim-MinimalTopology-0-20240420-22:56:21-12232,scalar,LoRa.host[0],numOfHostsPerSF_Server3_SF11,,,5
LoRaSim-MinimalTopology-0-20240420-22:56:21-12232,scalar,LoRa.host[0],numOfHostsPerSF_Server3_SF12,,,5
LoRaSim-MinimalTopology-0-20240420-22:56:21-12232,scalar,LoRa.host[0],numOfHostsPerSF_Server4_SF7,,,68
LoRaSim-MinimalTopology-0-20240420-22:56:21-12232,scalar,LoRa.host[0],numOfHostsPerSF_Server4_SF8,,,19
LoRaSim-MinimalTopology-0-20240420-22:56:21-12232,scalar,LoRa.host[0],numOfHostsPerSF_Server4_SF9,,,13
LoRaSim-MinimalTopology-0-20240420-22:56:21-12232,scalar,LoRa.host[0],numOfHostsPerSF_Server4_SF10,,,11
LoRaSim-MinimalTopology-0-20240420-22:56:21-12232,scalar,LoRa.host[0],numOfHostsPerSF_Server4_SF11,,,14
LoRaSim-MinimalTopology-0-20240420-22:56:21-12232,scalar,LoRa.host[0],numOfHostsPerSF_Server4_SF12,,,3
LoRaSim-MinimalTopology-0-20240420-22:56:21-12232,scalar,LoRa.host[0],numOfHostsPerSF_Server5_SF7,,,69
LoRaSim-MinimalTopology-0-20240420-22:56:21-12232,scalar,LoRa.host[0],numOfHostsPerSF_Server5_SF8,,,17
LoRaSim-MinimalTopology-0-20240420-22:56:21-12232,scalar,LoRa.host[0],numOfHostsPerSF_Server5_SF9,,,18
LoRaSim-MinimalTopology-0-20240420-22:56:21-12232,scalar,LoRa.host[0],numOfHostsPerSF_Server5_SF10,,,11
LoRaSim-MinimalTopology-0-20240420-22:56:21-12232,scalar,LoRa.host[0],numOfHostsPerSF_Server5_SF11,,,5
LoRaSim-MinimalTopology-0-20240420-22:56:21-12232,scalar,LoRa.host[0],numOfHostsPerSF_Server5_SF12,,,2
LoRaSim-MinimalTopology-0-20240420-22:56:21-12232,scalar,LoRa.host[0],numOfHostsPerSF_Server6_SF7,,,60
LoRaSim-MinimalTopology-0-20240420-22:56:21-12232,scalar,LoRa.host[0],numOfHostsPerSF_Server6_SF8,,,18
LoRaSim-MinimalTopology-0-20240420-22:56:21-12232,scalar,LoRa.host[0],numOfHostsPerSF_Server6_SF9,,,17
LoRaSim-MinimalTopology-0-20240420-22:56:21-12232,scalar,LoRa.host[0],numOfHostsPerSF_Server6_SF10,,,15
LoRaSim-MinimalTopology-0-20240420-22:56:21-12232,scalar,LoRa.host[0],numOfHostsPerSF_Server6_SF11,,,7
LoRaSim-MinimalTopology-0-20240420-22:56:21-12232,scalar,LoRa.host[0],numOfHostsPerSF_Server6_SF12,,,3
LoRaSim-MinimalTopology-0-20240420-22:56:21-12232,scalar,LoRa.host[0],numOfHostsPerSF_Server7_SF7,,,76
LoRaSim-MinimalTopology-0-20240420-22:56:21-12232,scalar,LoRa.host[0],numOfHostsPerSF_Server7_SF8,,,21
LoRaSim-MinimalTopology-0-20240420-22:56:21-12232,scalar,LoRa.host[0],numOfHostsPerSF_Server7_SF9,,,12
LoRaSim-MinimalTopology-0-20240420-22:56:21-12232,scalar,LoRa.host[0],numOfHostsPerSF_Server7_SF10,,,12
LoRaSim-MinimalTopology-0-20240420-22:56:21-12232,scalar,LoRa.host[0],numOfHostsPerSF_Server7_SF11,,,17
LoRaSim-MinimalTopology-0-20240420-22:56:21-12232,scalar,LoRa.host[0],numOfHostsPerSF_Server7_SF12,,,3
LoRaSim-MinimalTopology-0-20240420-22:56:21-12232,scalar,_runattrs_,M,,,8
LoRaSim-MinimalTopology-0-20240420-22:56:21-12232,scalar,_runattrs_,N,,,1000
