run,type,module,name,attrname,attrvalue,value
LoRaSim-MinimalTopology-0-20240420-23:30:53-14296,runattr,,,configname,LoRaSim-MinimalTopology,
LoRaSim-MinimalTopology-0-20240420-23:30:53-14296,runattr,,,datetime,20240420-23:30:53,
LoRaSim-MinimalTopology-0-20240420-23:30:53-14296,runattr,,,experiment,LoRaSim-MinimalTopology,
LoRaSim-MinimalTopology-0-20240420-23:30:53-14296,runattr,,,inifile,omnetpp.ini,
LoRaSim-MinimalTopology-0-20240420-23:30:53-14296,runattr,,,iterationvars,"$N=4000, $M=11",
LoRaSim-MinimalTopology-0-20240420-23:30:53-14296,runattr,,,iterationvarsf,"N=4000,M=11-",
LoRaSim-MinimalTopology-0-20240420-23:30:53-14296,runattr,,,measurement,"$N=4000, $M=11",
LoRaSim-MinimalTopology-0-20240420-23:30:53-14296,runattr,,,network,LoRa,
LoRaSim-MinimalTopology-0-20240420-23:30:53-14296,runattr,,,processid,14296,
LoRaSim-MinimalTopology-0-20240420-23:30:53-14296,runattr,,,repetition,0,
LoRaSim-MinimalTopology-0-20240420-23:30:53-14296,runattr,,,replication,#0,
LoRaSim-MinimalTopology-0-20240420-23:30:53-14296,runattr,,,resultdir,results,
LoRaSim-MinimalTopology-0-20240420-23:30:53-14296,runattr,,,runnumber,0,
LoRaSim-MinimalTopology-0-20240420-23:30:53-14296,runattr,,,seedset,0,
LoRaSim-MinimalTopology-0-20240420-23:30:53-14296,itervar,,,M,11,
LoRaSim-MinimalTopology-0-20240420-23:30:53-14296,itervar,,,N,4000,
LoRaSim-MinimalTopology-0-20240420-23:30:53-14296,param,,,LoRa.host[*].isBufferingEvents,false,
LoRaSim-MinimalTopology-0-20240420-23:30:53-14296,param,,,LoRa.host[*].addFrameHeader,false,
LoRaSim-MinimalTopology-0-20240420-23:30:53-14296,param,,,LoRa.host[*].nbOfChannels,3,
LoRaSim-MinimalTopology-0-20240420-23:30:53-14296,param,,,LoRa.numHosts,4000,
LoRaSim-MinimalTopology-0-20240420-23:30:53-14296,param,,,LoRa.host[*].iaTime,exponential(600s),
LoRaSim-MinimalTopology-0-20240420-23:30:53-14296,param,,,LoRa.host[*].pkLenBits,160b,
LoRaSim-MinimalTopology-0-20240420-23:30:53-14296,param,,,LoRa.netR,6333.83 m,
LoRaSim-MinimalTopology-0-20240420-23:30:53-14296,param,,,LoRa.server[*].pathlossExp,3,
LoRaSim-MinimalTopology-0-20240420-23:30:53-14296,param,,,LoRa.server[*].BW,125,
LoRaSim-MinimalTopology-0-20240420-23:30:53-14296,param,,,LoRa.numServers,11,
LoRaSim-MinimalTopology-0-20240420-23:30:53-14296,param,,,LoRa.server[0].x,6333.83m,
LoRaSim-MinimalTopology-0-20240420-23:30:53-14296,param,,,LoRa.server[0].y,0,
LoRaSim-MinimalTopology-0-20240420-23:30:53-14296,param,,,LoRa.server[1].x,5124.66m,
LoRaSim-MinimalTopology-0-20240420-23:30:53-14296,param,,,LoRa.server[1].y,3720.35m,
LoRaSim-MinimalTopology-0-20240420-23:30:53-14296,param,,,LoRa.server[2].x,1955.48m,
LoRaSim-MinimalTopology-0-20240420-23:30:53-14296,param,,,LoRa.server[2].y,6022.43m,
LoRaSim-MinimalTopology-0-20240420-23:30:53-14296,param,,,LoRa.server[3].x,-1955.48m,
LoRaSim-MinimalTopology-0-20240420-23:30:53-14296,param,,,LoRa.server[3].y,6022.43m,
LoRaSim-MinimalTopology-0-20240420-23:30:53-14296,param,,,LoRa.server[4].x,-5124.66m,
LoRaSim-MinimalTopology-0-20240420-23:30:53-14296,param,,,LoRa.server[4].y,3722.39m,
LoRaSim-MinimalTopology-0-20240420-23:30:53-14296,param,,,LoRa.server[5].x,-6333.83m,
LoRaSim-MinimalTopology-0-20240420-23:30:53-14296,param,,,LoRa.server[5].y,0m,
LoRaSim-MinimalTopology-0-20240420-23:30:53-14296,param,,,LoRa.server[6].x,-5124.66m,
LoRaSim-MinimalTopology-0-20240420-23:30:53-14296,param,,,LoRa.server[6].y,-3722.39m,
LoRaSim-MinimalTopology-0-20240420-23:30:53-14296,param,,,LoRa.server[7].x,-1955.48m,
LoRaSim-MinimalTopology-0-20240420-23:30:53-14296,param,,,LoRa.server[7].y,-6022.43m,
LoRaSim-MinimalTopology-0-20240420-23:30:53-14296,param,,,LoRa.server[8].x,1955.48m,
LoRaSim-MinimalTopology-0-20240420-23:30:53-14296,param,,,LoRa.server[8].y,-6022.43m,
LoRaSim-MinimalTopology-0-20240420-23:30:53-14296,param,,,LoRa.server[9].x,5124.66m,
LoRaSim-MinimalTopology-0-20240420-23:30:53-14296,param,,,LoRa.server[9].y,-3720.35m,
LoRaSim-MinimalTopology-0-20240420-23:30:53-14296,param,,,LoRa.server[10].x,0,
LoRaSim-MinimalTopology-0-20240420-23:30:53-14296,param,,,LoRa.server[10].y,0,
LoRaSim-MinimalTopology-0-20240420-23:30:53-14296,param,,,**.animationHoldTimeOnCollision,0s,
LoRaSim-MinimalTopology-0-20240420-23:30:53-14296,param,,,**.idleAnimationSpeed,1,
LoRaSim-MinimalTopology-0-20240420-23:30:53-14296,param,,,**.transmissionEdgeAnimationSpeed,1e-6,
LoRaSim-MinimalTopology-0-20240420-23:30:53-14296,param,,,**.midTransmissionAnimationSpeed,1e-1,
LoRaSim-MinimalTopology-0-20240420-23:30:53-14296,param,,,LoRa.slotTime,0,
LoRaSim-MinimalTopology-0-20240420-23:30:53-14296,param,,,LoRa.dutyCycleActive,true,
LoRaSim-MinimalTopology-0-20240420-23:30:53-14296,scalar,LoRa.server[0],SF: 7,,,0.51034490740741
LoRaSim-MinimalTopology-0-20240420-23:30:53-14296,scalar,LoRa.server[0],rcvCounter: 7,,,222756
LoRaSim-MinimalTopology-0-20240420-23:30:53-14296,scalar,LoRa.server[0],noOfCollidedPackets: 7,,,2287
LoRaSim-MinimalTopology-0-20240420-23:30:53-14296,scalar,LoRa.server[0],noOfSuccessPackets: 7,,,220469
LoRaSim-MinimalTopology-0-20240420-23:30:53-14296,scalar,LoRa.server[0],noOfHostsInSFTier: 7,,,592
LoRaSim-MinimalTopology-0-20240420-23:30:53-14296,scalar,LoRa.server[0],SF: 8,,,0
LoRaSim-MinimalTopology-0-20240420-23:30:53-14296,scalar,LoRa.server[0],rcvCounter: 8,,,0
LoRaSim-MinimalTopology-0-20240420-23:30:53-14296,scalar,LoRa.server[0],noOfCollidedPackets: 8,,,0
LoRaSim-MinimalTopology-0-20240420-23:30:53-14296,scalar,LoRa.server[0],noOfSuccessPackets: 8,,,0
LoRaSim-MinimalTopology-0-20240420-23:30:53-14296,scalar,LoRa.server[0],noOfHostsInSFTier: 8,,,262
LoRaSim-MinimalTopology-0-20240420-23:30:53-14296,scalar,LoRa.server[0],SF: 9,,,0
LoRaSim-MinimalTopology-0-20240420-23:30:53-14296,scalar,LoRa.server[0],rcvCounter: 9,,,0
LoRaSim-MinimalTopology-0-20240420-23:30:53-14296,scalar,LoRa.server[0],noOfCollidedPackets: 9,,,0
LoRaSim-MinimalTopology-0-20240420-23:30:53-14296,scalar,LoRa.server[0],noOfSuccessPackets: 9,,,0
LoRaSim-MinimalTopology-0-20240420-23:30:53-14296,scalar,LoRa.server[0],noOfHostsInSFTier: 9,,,429
LoRaSim-MinimalTopology-0-20240420-23:30:53-14296,scalar,LoRa.server[0],SF: 10,,,0
LoRaSim-MinimalTopology-0-20240420-23:30:53-14296,scalar,LoRa.server[0],rcvCounter: 10,,,0
LoRaSim-MinimalTopology-0-20240420-23:30:53-14296,scalar,LoRa.server[0],noOfCollidedPackets: 10,,,0
LoRaSim-MinimalTopology-0-20240420-23:30:53-14296,scalar,LoRa.server[0],noOfSuccessPackets: 10,,,0
LoRaSim-MinimalTopology-0-20240420-23:30:53-14296,scalar,LoRa.server[0],noOfHostsInSFTier: 10,,,623
LoRaSim-MinimalTopology-0-20240420-23:30:53-14296,scalar,LoRa.server[0],SF: 11,,,0
LoRaSim-MinimalTopology-0-20240420-23:30:53-14296,scalar,LoRa.server[0],rcvCounter: 11,,,0
LoRaSim-MinimalTopology-0-20240420-23:30:53-14296,scalar,LoRa.server[0],noOfCollidedPackets: 11,,,0
LoRaSim-MinimalTopology-0-20240420-23:30:53-14296,scalar,LoRa.server[0],noOfSuccessPackets: 11,,,0
LoRaSim-MinimalTopology-0-20240420-23:30:53-14296,scalar,LoRa.server[0],noOfHostsInSFTier: 11,,,801
LoRaSim-MinimalTopology-0-20240420-23:30:53-14296,scalar,LoRa.server[0],SF: 12,,,0
LoRaSim-MinimalTopology-0-20240420-23:30:53-14296,scalar,LoRa.server[0],rcvCounter: 12,,,0
LoRaSim-MinimalTopology-0-20240420-23:30:53-14296,scalar,LoRa.server[0],noOfCollidedPackets: 12,,,0
LoRaSim-MinimalTopology-0-20240420-23:30:53-14296,scalar,LoRa.server[0],noOfSuccessPackets: 12,,,0
LoRaSim-MinimalTopology-0-20240420-23:30:53-14296,scalar,LoRa.server[0],noOfHostsInSFTier: 12,,,1289
LoRaSim-MinimalTopology-0-20240420-23:30:53-14296,scalar,LoRa.server[0],totalSuccessRate,,,0.51034490740741
LoRaSim-MinimalTopology-0-20240420-23:30:53-14296,scalar,LoRa.server[0],totalSuccessProb,,,0.9897331609474
LoRaSim-MinimalTopology-0-20240420-23:30:53-14296,scalar,LoRa.server[0],duration,,,432000
LoRaSim-MinimalTopology-0-20240420-23:30:53-14296,scalar,LoRa.server[1],SF: 7,,,0.48521759259259
LoRaSim-MinimalTopology-0-20240420-23:30:53-14296,scalar,LoRa.server[1],rcvCounter: 7,,,211562
LoRaSim-MinimalTopology-0-20240420-23:30:53-14296,scalar,LoRa.server[1],noOfCollidedPackets: 7,,,1948
LoRaSim-MinimalTopology-0-20240420-23:30:53-14296,scalar,LoRa.server[1],noOfSuccessPackets: 7,,,209614
LoRaSim-MinimalTopology-0-20240420-23:30:53-14296,scalar,LoRa.server[1],noOfHostsInSFTier: 7,,,592
LoRaSim-MinimalTopology-0-20240420-23:30:53-14296,scalar,LoRa.server[1],SF: 8,,,0
LoRaSim-MinimalTopology-0-20240420-23:30:53-14296,scalar,LoRa.server[1],rcvCounter: 8,,,0
LoRaSim-MinimalTopology-0-20240420-23:30:53-14296,scalar,LoRa.server[1],noOfCollidedPackets: 8,,,0
LoRaSim-MinimalTopology-0-20240420-23:30:53-14296,scalar,LoRa.server[1],noOfSuccessPackets: 8,,,0
LoRaSim-MinimalTopology-0-20240420-23:30:53-14296,scalar,LoRa.server[1],noOfHostsInSFTier: 8,,,262
LoRaSim-MinimalTopology-0-20240420-23:30:53-14296,scalar,LoRa.server[1],SF: 9,,,0
LoRaSim-MinimalTopology-0-20240420-23:30:53-14296,scalar,LoRa.server[1],rcvCounter: 9,,,0
LoRaSim-MinimalTopology-0-20240420-23:30:53-14296,scalar,LoRa.server[1],noOfCollidedPackets: 9,,,0
LoRaSim-MinimalTopology-0-20240420-23:30:53-14296,scalar,LoRa.server[1],noOfSuccessPackets: 9,,,0
LoRaSim-MinimalTopology-0-20240420-23:30:53-14296,scalar,LoRa.server[1],noOfHostsInSFTier: 9,,,429
LoRaSim-MinimalTopology-0-20240420-23:30:53-14296,scalar,LoRa.server[1],SF: 10,,,0
LoRaSim-MinimalTopology-0-20240420-23:30:53-14296,scalar,LoRa.server[1],rcvCounter: 10,,,0
LoRaSim-MinimalTopology-0-20240420-23:30:53-14296,scalar,LoRa.server[1],noOfCollidedPackets: 10,,,0
LoRaSim-MinimalTopology-0-20240420-23:30:53-14296,scalar,LoRa.server[1],noOfSuccessPackets: 10,,,0
LoRaSim-MinimalTopology-0-20240420-23:30:53-14296,scalar,LoRa.server[1],noOfHostsInSFTier: 10,,,623
LoRaSim-MinimalTopology-0-20240420-23:30:53-14296,scalar,LoRa.server[1],SF: 11,,,0
LoRaSim-MinimalTopology-0-20240420-23:30:53-14296,scalar,LoRa.server[1],rcvCounter: 11,,,0
LoRaSim-MinimalTopology-0-20240420-23:30:53-14296,scalar,LoRa.server[1],noOfCollidedPackets: 11,,,0
LoRaSim-MinimalTopology-0-20240420-23:30:53-14296,scalar,LoRa.server[1],noOfSuccessPackets: 11,,,0
LoRaSim-MinimalTopology-0-20240420-23:30:53-14296,scalar,LoRa.server[1],noOfHostsInSFTier: 11,,,801
LoRaSim-MinimalTopology-0-20240420-23:30:53-14296,scalar,LoRa.server[1],SF: 12,,,0
LoRaSim-MinimalTopology-0-20240420-23:30:53-14296,scalar,LoRa.server[1],rcvCounter: 12,,,0
LoRaSim-MinimalTopology-0-20240420-23:30:53-14296,scalar,LoRa.server[1],noOfCollidedPackets: 12,,,0
LoRaSim-MinimalTopology-0-20240420-23:30:53-14296,scalar,LoRa.server[1],noOfSuccessPackets: 12,,,0
LoRaSim-MinimalTopology-0-20240420-23:30:53-14296,scalar,LoRa.server[1],noOfHostsInSFTier: 12,,,1289
LoRaSim-MinimalTopology-0-20240420-23:30:53-14296,scalar,LoRa.server[1],totalSuccessRate,,,0.48521759259259
LoRaSim-MinimalTopology-0-20240420-23:30:53-14296,scalar,LoRa.server[1],totalSuccessProb,,,0.99079229729346
LoRaSim-MinimalTopology-0-20240420-23:30:53-14296,scalar,LoRa.server[1],duration,,,432000
LoRaSim-MinimalTopology-0-20240420-23:30:53-14296,scalar,LoRa.server[2],SF: 7,,,0.47709490740741
LoRaSim-MinimalTopology-0-20240420-23:30:53-14296,scalar,LoRa.server[2],rcvCounter: 7,,,208006
LoRaSim-MinimalTopology-0-20240420-23:30:53-14296,scalar,LoRa.server[2],noOfCollidedPackets: 7,,,1901
LoRaSim-MinimalTopology-0-20240420-23:30:53-14296,scalar,LoRa.server[2],noOfSuccessPackets: 7,,,206105
LoRaSim-MinimalTopology-0-20240420-23:30:53-14296,scalar,LoRa.server[2],noOfHostsInSFTier: 7,,,592
LoRaSim-MinimalTopology-0-20240420-23:30:53-14296,scalar,LoRa.server[2],SF: 8,,,0
LoRaSim-MinimalTopology-0-20240420-23:30:53-14296,scalar,LoRa.server[2],rcvCounter: 8,,,0
LoRaSim-MinimalTopology-0-20240420-23:30:53-14296,scalar,LoRa.server[2],noOfCollidedPackets: 8,,,0
LoRaSim-MinimalTopology-0-20240420-23:30:53-14296,scalar,LoRa.server[2],noOfSuccessPackets: 8,,,0
LoRaSim-MinimalTopology-0-20240420-23:30:53-14296,scalar,LoRa.server[2],noOfHostsInSFTier: 8,,,262
LoRaSim-MinimalTopology-0-20240420-23:30:53-14296,scalar,LoRa.server[2],SF: 9,,,0
LoRaSim-MinimalTopology-0-20240420-23:30:53-14296,scalar,LoRa.server[2],rcvCounter: 9,,,0
LoRaSim-MinimalTopology-0-20240420-23:30:53-14296,scalar,LoRa.server[2],noOfCollidedPackets: 9,,,0
LoRaSim-MinimalTopology-0-20240420-23:30:53-14296,scalar,LoRa.server[2],noOfSuccessPackets: 9,,,0
LoRaSim-MinimalTopology-0-20240420-23:30:53-14296,scalar,LoRa.server[2],noOfHostsInSFTier: 9,,,429
LoRaSim-MinimalTopology-0-20240420-23:30:53-14296,scalar,LoRa.server[2],SF: 10,,,0
LoRaSim-MinimalTopology-0-20240420-23:30:53-14296,scalar,LoRa.server[2],rcvCounter: 10,,,0
LoRaSim-MinimalTopology-0-20240420-23:30:53-14296,scalar,LoRa.server[2],noOfCollidedPackets: 10,,,0
LoRaSim-MinimalTopology-0-20240420-23:30:53-14296,scalar,LoRa.server[2],noOfSuccessPackets: 10,,,0
LoRaSim-MinimalTopology-0-20240420-23:30:53-14296,scalar,LoRa.server[2],noOfHostsInSFTier: 10,,,623
LoRaSim-MinimalTopology-0-20240420-23:30:53-14296,scalar,LoRa.server[2],SF: 11,,,0
LoRaSim-MinimalTopology-0-20240420-23:30:53-14296,scalar,LoRa.server[2],rcvCounter: 11,,,0
LoRaSim-MinimalTopology-0-20240420-23:30:53-14296,scalar,LoRa.server[2],noOfCollidedPackets: 11,,,0
LoRaSim-MinimalTopology-0-20240420-23:30:53-14296,scalar,LoRa.server[2],noOfSuccessPackets: 11,,,0
LoRaSim-MinimalTopology-0-20240420-23:30:53-14296,scalar,LoRa.server[2],noOfHostsInSFTier: 11,,,801
LoRaSim-MinimalTopology-0-20240420-23:30:53-14296,scalar,LoRa.server[2],SF: 12,,,0
LoRaSim-MinimalTopology-0-20240420-23:30:53-14296,scalar,LoRa.server[2],rcvCounter: 12,,,0
LoRaSim-MinimalTopology-0-20240420-23:30:53-14296,scalar,LoRa.server[2],noOfCollidedPackets: 12,,,0
LoRaSim-MinimalTopology-0-20240420-23:30:53-14296,scalar,LoRa.server[2],noOfSuccessPackets: 12,,,0
LoRaSim-MinimalTopology-0-20240420-23:30:53-14296,scalar,LoRa.server[2],noOfHostsInSFTier: 12,,,1289
LoRaSim-MinimalTopology-0-20240420-23:30:53-14296,scalar,LoRa.server[2],totalSuccessRate,,,0.47709490740741
LoRaSim-MinimalTopology-0-20240420-23:30:53-14296,scalar,LoRa.server[2],totalSuccessProb,,,0.99086084055268
LoRaSim-MinimalTopology-0-20240420-23:30:53-14296,scalar,LoRa.server[2],duration,,,432000
LoRaSim-MinimalTopology-0-20240420-23:30:53-14296,scalar,LoRa.server[3],SF: 7,,,0.49012962962963
LoRaSim-MinimalTopology-0-20240420-23:30:53-14296,scalar,LoRa.server[3],rcvCounter: 7,,,213830
LoRaSim-MinimalTopology-0-20240420-23:30:53-14296,scalar,LoRa.server[3],noOfCollidedPackets: 7,,,2094
LoRaSim-MinimalTopology-0-20240420-23:30:53-14296,scalar,LoRa.server[3],noOfSuccessPackets: 7,,,211736
LoRaSim-MinimalTopology-0-20240420-23:30:53-14296,scalar,LoRa.server[3],noOfHostsInSFTier: 7,,,592
LoRaSim-MinimalTopology-0-20240420-23:30:53-14296,scalar,LoRa.server[3],SF: 8,,,0
LoRaSim-MinimalTopology-0-20240420-23:30:53-14296,scalar,LoRa.server[3],rcvCounter: 8,,,0
LoRaSim-MinimalTopology-0-20240420-23:30:53-14296,scalar,LoRa.server[3],noOfCollidedPackets: 8,,,0
LoRaSim-MinimalTopology-0-20240420-23:30:53-14296,scalar,LoRa.server[3],noOfSuccessPackets: 8,,,0
LoRaSim-MinimalTopology-0-20240420-23:30:53-14296,scalar,LoRa.server[3],noOfHostsInSFTier: 8,,,262
LoRaSim-MinimalTopology-0-20240420-23:30:53-14296,scalar,LoRa.server[3],SF: 9,,,0
LoRaSim-MinimalTopology-0-20240420-23:30:53-14296,scalar,LoRa.server[3],rcvCounter: 9,,,0
LoRaSim-MinimalTopology-0-20240420-23:30:53-14296,scalar,LoRa.server[3],noOfCollidedPackets: 9,,,0
LoRaSim-MinimalTopology-0-20240420-23:30:53-14296,scalar,LoRa.server[3],noOfSuccessPackets: 9,,,0
LoRaSim-MinimalTopology-0-20240420-23:30:53-14296,scalar,LoRa.server[3],noOfHostsInSFTier: 9,,,429
LoRaSim-MinimalTopology-0-20240420-23:30:53-14296,scalar,LoRa.server[3],SF: 10,,,0
LoRaSim-MinimalTopology-0-20240420-23:30:53-14296,scalar,LoRa.server[3],rcvCounter: 10,,,0
LoRaSim-MinimalTopology-0-20240420-23:30:53-14296,scalar,LoRa.server[3],noOfCollidedPackets: 10,,,0
LoRaSim-MinimalTopology-0-20240420-23:30:53-14296,scalar,LoRa.server[3],noOfSuccessPackets: 10,,,0
LoRaSim-MinimalTopology-0-20240420-23:30:53-14296,scalar,LoRa.server[3],noOfHostsInSFTier: 10,,,623
LoRaSim-MinimalTopology-0-20240420-23:30:53-14296,scalar,LoRa.server[3],SF: 11,,,0
LoRaSim-MinimalTopology-0-20240420-23:30:53-14296,scalar,LoRa.server[3],rcvCounter: 11,,,0
LoRaSim-MinimalTopology-0-20240420-23:30:53-14296,scalar,LoRa.server[3],noOfCollidedPackets: 11,,,0
LoRaSim-MinimalTopology-0-20240420-23:30:53-14296,scalar,LoRa.server[3],noOfSuccessPackets: 11,,,0
LoRaSim-MinimalTopology-0-20240420-23:30:53-14296,scalar,LoRa.server[3],noOfHostsInSFTier: 11,,,801
LoRaSim-MinimalTopology-0-20240420-23:30:53-14296,scalar,LoRa.server[3],SF: 12,,,0
LoRaSim-MinimalTopology-0-20240420-23:30:53-14296,scalar,LoRa.server[3],rcvCounter: 12,,,0
LoRaSim-MinimalTopology-0-20240420-23:30:53-14296,scalar,LoRa.server[3],noOfCollidedPackets: 12,,,0
LoRaSim-MinimalTopology-0-20240420-23:30:53-14296,scalar,LoRa.server[3],noOfSuccessPackets: 12,,,0
LoRaSim-MinimalTopology-0-20240420-23:30:53-14296,scalar,LoRa.server[3],noOfHostsInSFTier: 12,,,1289
LoRaSim-MinimalTopology-0-20240420-23:30:53-14296,scalar,LoRa.server[3],totalSuccessRate,,,0.49012962962963
LoRaSim-MinimalTopology-0-20240420-23:30:53-14296,scalar,LoRa.server[3],totalSuccessProb,,,0.99020717392321
LoRaSim-MinimalTopology-0-20240420-23:30:53-14296,scalar,LoRa.server[3],duration,,,432000
LoRaSim-MinimalTopology-0-20240420-23:30:53-14296,scalar,LoRa.server[4],SF: 7,,,0.47911574074074
LoRaSim-MinimalTopology-0-20240420-23:30:53-14296,scalar,LoRa.server[4],rcvCounter: 7,,,208856
LoRaSim-MinimalTopology-0-20240420-23:30:53-14296,scalar,LoRa.server[4],noOfCollidedPackets: 7,,,1878
LoRaSim-MinimalTopology-0-20240420-23:30:53-14296,scalar,LoRa.server[4],noOfSuccessPackets: 7,,,206978
LoRaSim-MinimalTopology-0-20240420-23:30:53-14296,scalar,LoRa.server[4],noOfHostsInSFTier: 7,,,592
LoRaSim-MinimalTopology-0-20240420-23:30:53-14296,scalar,LoRa.server[4],SF: 8,,,0
LoRaSim-MinimalTopology-0-20240420-23:30:53-14296,scalar,LoRa.server[4],rcvCounter: 8,,,0
LoRaSim-MinimalTopology-0-20240420-23:30:53-14296,scalar,LoRa.server[4],noOfCollidedPackets: 8,,,0
LoRaSim-MinimalTopology-0-20240420-23:30:53-14296,scalar,LoRa.server[4],noOfSuccessPackets: 8,,,0
LoRaSim-MinimalTopology-0-20240420-23:30:53-14296,scalar,LoRa.server[4],noOfHostsInSFTier: 8,,,262
LoRaSim-MinimalTopology-0-20240420-23:30:53-14296,scalar,LoRa.server[4],SF: 9,,,0
LoRaSim-MinimalTopology-0-20240420-23:30:53-14296,scalar,LoRa.server[4],rcvCounter: 9,,,0
LoRaSim-MinimalTopology-0-20240420-23:30:53-14296,scalar,LoRa.server[4],noOfCollidedPackets: 9,,,0
LoRaSim-MinimalTopology-0-20240420-23:30:53-14296,scalar,LoRa.server[4],noOfSuccessPackets: 9,,,0
LoRaSim-MinimalTopology-0-20240420-23:30:53-14296,scalar,LoRa.server[4],noOfHostsInSFTier: 9,,,429
LoRaSim-MinimalTopology-0-20240420-23:30:53-14296,scalar,LoRa.server[4],SF: 10,,,0
LoRaSim-MinimalTopology-0-20240420-23:30:53-14296,scalar,LoRa.server[4],rcvCounter: 10,,,0
LoRaSim-MinimalTopology-0-20240420-23:30:53-14296,scalar,LoRa.server[4],noOfCollidedPackets: 10,,,0
LoRaSim-MinimalTopology-0-20240420-23:30:53-14296,scalar,LoRa.server[4],noOfSuccessPackets: 10,,,0
LoRaSim-MinimalTopology-0-20240420-23:30:53-14296,scalar,LoRa.server[4],noOfHostsInSFTier: 10,,,623
LoRaSim-MinimalTopology-0-20240420-23:30:53-14296,scalar,LoRa.server[4],SF: 11,,,0
LoRaSim-MinimalTopology-0-20240420-23:30:53-14296,scalar,LoRa.server[4],rcvCounter: 11,,,0
LoRaSim-MinimalTopology-0-20240420-23:30:53-14296,scalar,LoRa.server[4],noOfCollidedPackets: 11,,,0
LoRaSim-MinimalTopology-0-20240420-23:30:53-14296,scalar,LoRa.server[4],noOfSuccessPackets: 11,,,0
LoRaSim-MinimalTopology-0-20240420-23:30:53-14296,scalar,LoRa.server[4],noOfHostsInSFTier: 11,,,801
LoRaSim-MinimalTopology-0-20240420-23:30:53-14296,scalar,LoRa.server[4],SF: 12,,,0
LoRaSim-MinimalTopology-0-20240420-23:30:53-14296,scalar,LoRa.server[4],rcvCounter: 12,,,0
LoRaSim-MinimalTopology-0-20240420-23:30:53-14296,scalar,LoRa.server[4],noOfCollidedPackets: 12,,,0
LoRaSim-MinimalTopology-0-20240420-23:30:53-14296,scalar,LoRa.server[4],noOfSuccessPackets: 12,,,0
LoRaSim-MinimalTopology-0-20240420-23:30:53-14296,scalar,LoRa.server[4],noOfHostsInSFTier: 12,,,1289
LoRaSim-MinimalTopology-0-20240420-23:30:53-14296,scalar,LoRa.server[4],totalSuccessRate,,,0.47911574074074
LoRaSim-MinimalTopology-0-20240420-23:30:53-14296,scalar,LoRa.server[4],totalSuccessProb,,,0.99100815873137
LoRaSim-MinimalTopology-0-20240420-23:30:53-14296,scalar,LoRa.server[4],duration,,,432000
LoRaSim-MinimalTopology-0-20240420-23:30:53-14296,scalar,LoRa.server[5],SF: 7,,,0.51535648148148
LoRaSim-MinimalTopology-0-20240420-23:30:53-14296,scalar,LoRa.server[5],rcvCounter: 7,,,224871
LoRaSim-MinimalTopology-0-20240420-23:30:53-14296,scalar,LoRa.server[5],noOfCollidedPackets: 7,,,2237
LoRaSim-MinimalTopology-0-20240420-23:30:53-14296,scalar,LoRa.server[5],noOfSuccessPackets: 7,,,222634
LoRaSim-MinimalTopology-0-20240420-23:30:53-14296,scalar,LoRa.server[5],noOfHostsInSFTier: 7,,,592
LoRaSim-MinimalTopology-0-20240420-23:30:53-14296,scalar,LoRa.server[5],SF: 8,,,0
LoRaSim-MinimalTopology-0-20240420-23:30:53-14296,scalar,LoRa.server[5],rcvCounter: 8,,,0
LoRaSim-MinimalTopology-0-20240420-23:30:53-14296,scalar,LoRa.server[5],noOfCollidedPackets: 8,,,0
LoRaSim-MinimalTopology-0-20240420-23:30:53-14296,scalar,LoRa.server[5],noOfSuccessPackets: 8,,,0
LoRaSim-MinimalTopology-0-20240420-23:30:53-14296,scalar,LoRa.server[5],noOfHostsInSFTier: 8,,,262
LoRaSim-MinimalTopology-0-20240420-23:30:53-14296,scalar,LoRa.server[5],SF: 9,,,0
LoRaSim-MinimalTopology-0-20240420-23:30:53-14296,scalar,LoRa.server[5],rcvCounter: 9,,,0
LoRaSim-MinimalTopology-0-20240420-23:30:53-14296,scalar,LoRa.server[5],noOfCollidedPackets: 9,,,0
LoRaSim-MinimalTopology-0-20240420-23:30:53-14296,scalar,LoRa.server[5],noOfSuccessPackets: 9,,,0
LoRaSim-MinimalTopology-0-20240420-23:30:53-14296,scalar,LoRa.server[5],noOfHostsInSFTier: 9,,,429
LoRaSim-MinimalTopology-0-20240420-23:30:53-14296,scalar,LoRa.server[5],SF: 10,,,0
LoRaSim-MinimalTopology-0-20240420-23:30:53-14296,scalar,LoRa.server[5],rcvCounter: 10,,,0
LoRaSim-MinimalTopology-0-20240420-23:30:53-14296,scalar,LoRa.server[5],noOfCollidedPackets: 10,,,0
LoRaSim-MinimalTopology-0-20240420-23:30:53-14296,scalar,LoRa.server[5],noOfSuccessPackets: 10,,,0
LoRaSim-MinimalTopology-0-20240420-23:30:53-14296,scalar,LoRa.server[5],noOfHostsInSFTier: 10,,,623
LoRaSim-MinimalTopology-0-20240420-23:30:53-14296,scalar,LoRa.server[5],SF: 11,,,0
LoRaSim-MinimalTopology-0-20240420-23:30:53-14296,scalar,LoRa.server[5],rcvCounter: 11,,,0
LoRaSim-MinimalTopology-0-20240420-23:30:53-14296,scalar,LoRa.server[5],noOfCollidedPackets: 11,,,0
LoRaSim-MinimalTopology-0-20240420-23:30:53-14296,scalar,LoRa.server[5],noOfSuccessPackets: 11,,,0
LoRaSim-MinimalTopology-0-20240420-23:30:53-14296,scalar,LoRa.server[5],noOfHostsInSFTier: 11,,,801
LoRaSim-MinimalTopology-0-20240420-23:30:53-14296,scalar,LoRa.server[5],SF: 12,,,0
LoRaSim-MinimalTopology-0-20240420-23:30:53-14296,scalar,LoRa.server[5],rcvCounter: 12,,,0
LoRaSim-MinimalTopology-0-20240420-23:30:53-14296,scalar,LoRa.server[5],noOfCollidedPackets: 12,,,0
LoRaSim-MinimalTopology-0-20240420-23:30:53-14296,scalar,LoRa.server[5],noOfSuccessPackets: 12,,,0
LoRaSim-MinimalTopology-0-20240420-23:30:53-14296,scalar,LoRa.server[5],noOfHostsInSFTier: 12,,,1289
LoRaSim-MinimalTopology-0-20240420-23:30:53-14296,scalar,LoRa.server[5],totalSuccessRate,,,0.51535648148148
LoRaSim-MinimalTopology-0-20240420-23:30:53-14296,scalar,LoRa.server[5],totalSuccessProb,,,0.99005207430038
LoRaSim-MinimalTopology-0-20240420-23:30:53-14296,scalar,LoRa.server[5],duration,,,432000
LoRaSim-MinimalTopology-0-20240420-23:30:53-14296,scalar,LoRa.server[6],SF: 7,,,0.50154166666667
LoRaSim-MinimalTopology-0-20240420-23:30:53-14296,scalar,LoRa.server[6],rcvCounter: 7,,,218796
LoRaSim-MinimalTopology-0-20240420-23:30:53-14296,scalar,LoRa.server[6],noOfCollidedPackets: 7,,,2130
LoRaSim-MinimalTopology-0-20240420-23:30:53-14296,scalar,LoRa.server[6],noOfSuccessPackets: 7,,,216666
LoRaSim-MinimalTopology-0-20240420-23:30:53-14296,scalar,LoRa.server[6],noOfHostsInSFTier: 7,,,592
LoRaSim-MinimalTopology-0-20240420-23:30:53-14296,scalar,LoRa.server[6],SF: 8,,,0
LoRaSim-MinimalTopology-0-20240420-23:30:53-14296,scalar,LoRa.server[6],rcvCounter: 8,,,0
LoRaSim-MinimalTopology-0-20240420-23:30:53-14296,scalar,LoRa.server[6],noOfCollidedPackets: 8,,,0
LoRaSim-MinimalTopology-0-20240420-23:30:53-14296,scalar,LoRa.server[6],noOfSuccessPackets: 8,,,0
LoRaSim-MinimalTopology-0-20240420-23:30:53-14296,scalar,LoRa.server[6],noOfHostsInSFTier: 8,,,262
LoRaSim-MinimalTopology-0-20240420-23:30:53-14296,scalar,LoRa.server[6],SF: 9,,,0
LoRaSim-MinimalTopology-0-20240420-23:30:53-14296,scalar,LoRa.server[6],rcvCounter: 9,,,0
LoRaSim-MinimalTopology-0-20240420-23:30:53-14296,scalar,LoRa.server[6],noOfCollidedPackets: 9,,,0
LoRaSim-MinimalTopology-0-20240420-23:30:53-14296,scalar,LoRa.server[6],noOfSuccessPackets: 9,,,0
LoRaSim-MinimalTopology-0-20240420-23:30:53-14296,scalar,LoRa.server[6],noOfHostsInSFTier: 9,,,429
LoRaSim-MinimalTopology-0-20240420-23:30:53-14296,scalar,LoRa.server[6],SF: 10,,,0
LoRaSim-MinimalTopology-0-20240420-23:30:53-14296,scalar,LoRa.server[6],rcvCounter: 10,,,0
LoRaSim-MinimalTopology-0-20240420-23:30:53-14296,scalar,LoRa.server[6],noOfCollidedPackets: 10,,,0
LoRaSim-MinimalTopology-0-20240420-23:30:53-14296,scalar,LoRa.server[6],noOfSuccessPackets: 10,,,0
LoRaSim-MinimalTopology-0-20240420-23:30:53-14296,scalar,LoRa.server[6],noOfHostsInSFTier: 10,,,623
LoRaSim-MinimalTopology-0-20240420-23:30:53-14296,scalar,LoRa.server[6],SF: 11,,,0
LoRaSim-MinimalTopology-0-20240420-23:30:53-14296,scalar,LoRa.server[6],rcvCounter: 11,,,0
LoRaSim-MinimalTopology-0-20240420-23:30:53-14296,scalar,LoRa.server[6],noOfCollidedPackets: 11,,,0
LoRaSim-MinimalTopology-0-20240420-23:30:53-14296,scalar,LoRa.server[6],noOfSuccessPackets: 11,,,0
LoRaSim-MinimalTopology-0-20240420-23:30:53-14296,scalar,LoRa.server[6],noOfHostsInSFTier: 11,,,801
LoRaSim-MinimalTopology-0-20240420-23:30:53-14296,scalar,LoRa.server[6],SF: 12,,,0
LoRaSim-MinimalTopology-0-20240420-23:30:53-14296,scalar,LoRa.server[6],rcvCounter: 12,,,0
LoRaSim-MinimalTopology-0-20240420-23:30:53-14296,scalar,LoRa.server[6],noOfCollidedPackets: 12,,,0
LoRaSim-MinimalTopology-0-20240420-23:30:53-14296,scalar,LoRa.server[6],noOfSuccessPackets: 12,,,0
LoRaSim-MinimalTopology-0-20240420-23:30:53-14296,scalar,LoRa.server[6],noOfHostsInSFTier: 12,,,1289
LoRaSim-MinimalTopology-0-20240420-23:30:53-14296,scalar,LoRa.server[6],totalSuccessRate,,,0.50154166666667
LoRaSim-MinimalTopology-0-20240420-23:30:53-14296,scalar,LoRa.server[6],totalSuccessProb,,,0.99026490429441
LoRaSim-MinimalTopology-0-20240420-23:30:53-14296,scalar,LoRa.server[6],duration,,,432000
LoRaSim-MinimalTopology-0-20240420-23:30:53-14296,scalar,LoRa.server[7],SF: 7,,,0.47454861111111
LoRaSim-MinimalTopology-0-20240420-23:30:53-14296,scalar,LoRa.server[7],rcvCounter: 7,,,206977
LoRaSim-MinimalTopology-0-20240420-23:30:53-14296,scalar,LoRa.server[7],noOfCollidedPackets: 7,,,1972
LoRaSim-MinimalTopology-0-20240420-23:30:53-14296,scalar,LoRa.server[7],noOfSuccessPackets: 7,,,205005
LoRaSim-MinimalTopology-0-20240420-23:30:53-14296,scalar,LoRa.server[7],noOfHostsInSFTier: 7,,,592
LoRaSim-MinimalTopology-0-20240420-23:30:53-14296,scalar,LoRa.server[7],SF: 8,,,0
LoRaSim-MinimalTopology-0-20240420-23:30:53-14296,scalar,LoRa.server[7],rcvCounter: 8,,,0
LoRaSim-MinimalTopology-0-20240420-23:30:53-14296,scalar,LoRa.server[7],noOfCollidedPackets: 8,,,0
LoRaSim-MinimalTopology-0-20240420-23:30:53-14296,scalar,LoRa.server[7],noOfSuccessPackets: 8,,,0
LoRaSim-MinimalTopology-0-20240420-23:30:53-14296,scalar,LoRa.server[7],noOfHostsInSFTier: 8,,,262
LoRaSim-MinimalTopology-0-20240420-23:30:53-14296,scalar,LoRa.server[7],SF: 9,,,0
LoRaSim-MinimalTopology-0-20240420-23:30:53-14296,scalar,LoRa.server[7],rcvCounter: 9,,,0
LoRaSim-MinimalTopology-0-20240420-23:30:53-14296,scalar,LoRa.server[7],noOfCollidedPackets: 9,,,0
LoRaSim-MinimalTopology-0-20240420-23:30:53-14296,scalar,LoRa.server[7],noOfSuccessPackets: 9,,,0
LoRaSim-MinimalTopology-0-20240420-23:30:53-14296,scalar,LoRa.server[7],noOfHostsInSFTier: 9,,,429
LoRaSim-MinimalTopology-0-20240420-23:30:53-14296,scalar,LoRa.server[7],SF: 10,,,0
LoRaSim-MinimalTopology-0-20240420-23:30:53-14296,scalar,LoRa.server[7],rcvCounter: 10,,,0
LoRaSim-MinimalTopology-0-20240420-23:30:53-14296,scalar,LoRa.server[7],noOfCollidedPackets: 10,,,0
LoRaSim-MinimalTopology-0-20240420-23:30:53-14296,scalar,LoRa.server[7],noOfSuccessPackets: 10,,,0
LoRaSim-MinimalTopology-0-20240420-23:30:53-14296,scalar,LoRa.server[7],noOfHostsInSFTier: 10,,,623
LoRaSim-MinimalTopology-0-20240420-23:30:53-14296,scalar,LoRa.server[7],SF: 11,,,0
LoRaSim-MinimalTopology-0-20240420-23:30:53-14296,scalar,LoRa.server[7],rcvCounter: 11,,,0
LoRaSim-MinimalTopology-0-20240420-23:30:53-14296,scalar,LoRa.server[7],noOfCollidedPackets: 11,,,0
LoRaSim-MinimalTopology-0-20240420-23:30:53-14296,scalar,LoRa.server[7],noOfSuccessPackets: 11,,,0
LoRaSim-MinimalTopology-0-20240420-23:30:53-14296,scalar,LoRa.server[7],noOfHostsInSFTier: 11,,,801
LoRaSim-MinimalTopology-0-20240420-23:30:53-14296,scalar,LoRa.server[7],SF: 12,,,0
LoRaSim-MinimalTopology-0-20240420-23:30:53-14296,scalar,LoRa.server[7],rcvCounter: 12,,,0
LoRaSim-MinimalTopology-0-20240420-23:30:53-14296,scalar,LoRa.server[7],noOfCollidedPackets: 12,,,0
LoRaSim-MinimalTopology-0-20240420-23:30:53-14296,scalar,LoRa.server[7],noOfSuccessPackets: 12,,,0
LoRaSim-MinimalTopology-0-20240420-23:30:53-14296,scalar,LoRa.server[7],noOfHostsInSFTier: 12,,,1289
LoRaSim-MinimalTopology-0-20240420-23:30:53-14296,scalar,LoRa.server[7],totalSuccessRate,,,0.47454861111111
LoRaSim-MinimalTopology-0-20240420-23:30:53-14296,scalar,LoRa.server[7],totalSuccessProb,,,0.99047237132628
LoRaSim-MinimalTopology-0-20240420-23:30:53-14296,scalar,LoRa.server[7],duration,,,432000
LoRaSim-MinimalTopology-0-20240420-23:30:53-14296,scalar,LoRa.server[8],SF: 7,,,0.47629861111111
LoRaSim-MinimalTopology-0-20240420-23:30:53-14296,scalar,LoRa.server[8],rcvCounter: 7,,,207761
LoRaSim-MinimalTopology-0-20240420-23:30:53-14296,scalar,LoRa.server[8],noOfCollidedPackets: 7,,,2000
LoRaSim-MinimalTopology-0-20240420-23:30:53-14296,scalar,LoRa.server[8],noOfSuccessPackets: 7,,,205761
LoRaSim-MinimalTopology-0-20240420-23:30:53-14296,scalar,LoRa.server[8],noOfHostsInSFTier: 7,,,592
LoRaSim-MinimalTopology-0-20240420-23:30:53-14296,scalar,LoRa.server[8],SF: 8,,,0
LoRaSim-MinimalTopology-0-20240420-23:30:53-14296,scalar,LoRa.server[8],rcvCounter: 8,,,0
LoRaSim-MinimalTopology-0-20240420-23:30:53-14296,scalar,LoRa.server[8],noOfCollidedPackets: 8,,,0
LoRaSim-MinimalTopology-0-20240420-23:30:53-14296,scalar,LoRa.server[8],noOfSuccessPackets: 8,,,0
LoRaSim-MinimalTopology-0-20240420-23:30:53-14296,scalar,LoRa.server[8],noOfHostsInSFTier: 8,,,262
LoRaSim-MinimalTopology-0-20240420-23:30:53-14296,scalar,LoRa.server[8],SF: 9,,,0
LoRaSim-MinimalTopology-0-20240420-23:30:53-14296,scalar,LoRa.server[8],rcvCounter: 9,,,0
LoRaSim-MinimalTopology-0-20240420-23:30:53-14296,scalar,LoRa.server[8],noOfCollidedPackets: 9,,,0
LoRaSim-MinimalTopology-0-20240420-23:30:53-14296,scalar,LoRa.server[8],noOfSuccessPackets: 9,,,0
LoRaSim-MinimalTopology-0-20240420-23:30:53-14296,scalar,LoRa.server[8],noOfHostsInSFTier: 9,,,429
LoRaSim-MinimalTopology-0-20240420-23:30:53-14296,scalar,LoRa.server[8],SF: 10,,,0
LoRaSim-MinimalTopology-0-20240420-23:30:53-14296,scalar,LoRa.server[8],rcvCounter: 10,,,0
LoRaSim-MinimalTopology-0-20240420-23:30:53-14296,scalar,LoRa.server[8],noOfCollidedPackets: 10,,,0
LoRaSim-MinimalTopology-0-20240420-23:30:53-14296,scalar,LoRa.server[8],noOfSuccessPackets: 10,,,0
LoRaSim-MinimalTopology-0-20240420-23:30:53-14296,scalar,LoRa.server[8],noOfHostsInSFTier: 10,,,623
LoRaSim-MinimalTopology-0-20240420-23:30:53-14296,scalar,LoRa.server[8],SF: 11,,,0
LoRaSim-MinimalTopology-0-20240420-23:30:53-14296,scalar,LoRa.server[8],rcvCounter: 11,,,0
LoRaSim-MinimalTopology-0-20240420-23:30:53-14296,scalar,LoRa.server[8],noOfCollidedPackets: 11,,,0
LoRaSim-MinimalTopology-0-20240420-23:30:53-14296,scalar,LoRa.server[8],noOfSuccessPackets: 11,,,0
LoRaSim-MinimalTopology-0-20240420-23:30:53-14296,scalar,LoRa.server[8],noOfHostsInSFTier: 11,,,801
LoRaSim-MinimalTopology-0-20240420-23:30:53-14296,scalar,LoRa.server[8],SF: 12,,,0
LoRaSim-MinimalTopology-0-20240420-23:30:53-14296,scalar,LoRa.server[8],rcvCounter: 12,,,0
LoRaSim-MinimalTopology-0-20240420-23:30:53-14296,scalar,LoRa.server[8],noOfCollidedPackets: 12,,,0
LoRaSim-MinimalTopology-0-20240420-23:30:53-14296,scalar,LoRa.server[8],noOfSuccessPackets: 12,,,0
LoRaSim-MinimalTopology-0-20240420-23:30:53-14296,scalar,LoRa.server[8],noOfHostsInSFTier: 12,,,1289
LoRaSim-MinimalTopology-0-20240420-23:30:53-14296,scalar,LoRa.server[8],totalSuccessRate,,,0.47629861111111
LoRaSim-MinimalTopology-0-20240420-23:30:53-14296,scalar,LoRa.server[8],totalSuccessProb,,,0.99037355422818
LoRaSim-MinimalTopology-0-20240420-23:30:53-14296,scalar,LoRa.server[8],duration,,,432000
LoRaSim-MinimalTopology-0-20240420-23:30:53-14296,scalar,LoRa.server[9],SF: 7,,,0.48697453703704
LoRaSim-MinimalTopology-0-20240420-23:30:53-14296,scalar,LoRa.server[9],rcvCounter: 7,,,212374
LoRaSim-MinimalTopology-0-20240420-23:30:53-14296,scalar,LoRa.server[9],noOfCollidedPackets: 7,,,2001
LoRaSim-MinimalTopology-0-20240420-23:30:53-14296,scalar,LoRa.server[9],noOfSuccessPackets: 7,,,210373
LoRaSim-MinimalTopology-0-20240420-23:30:53-14296,scalar,LoRa.server[9],noOfHostsInSFTier: 7,,,592
LoRaSim-MinimalTopology-0-20240420-23:30:53-14296,scalar,LoRa.server[9],SF: 8,,,0
LoRaSim-MinimalTopology-0-20240420-23:30:53-14296,scalar,LoRa.server[9],rcvCounter: 8,,,0
LoRaSim-MinimalTopology-0-20240420-23:30:53-14296,scalar,LoRa.server[9],noOfCollidedPackets: 8,,,0
LoRaSim-MinimalTopology-0-20240420-23:30:53-14296,scalar,LoRa.server[9],noOfSuccessPackets: 8,,,0
LoRaSim-MinimalTopology-0-20240420-23:30:53-14296,scalar,LoRa.server[9],noOfHostsInSFTier: 8,,,262
LoRaSim-MinimalTopology-0-20240420-23:30:53-14296,scalar,LoRa.server[9],SF: 9,,,0
LoRaSim-MinimalTopology-0-20240420-23:30:53-14296,scalar,LoRa.server[9],rcvCounter: 9,,,0
LoRaSim-MinimalTopology-0-20240420-23:30:53-14296,scalar,LoRa.server[9],noOfCollidedPackets: 9,,,0
LoRaSim-MinimalTopology-0-20240420-23:30:53-14296,scalar,LoRa.server[9],noOfSuccessPackets: 9,,,0
LoRaSim-MinimalTopology-0-20240420-23:30:53-14296,scalar,LoRa.server[9],noOfHostsInSFTier: 9,,,429
LoRaSim-MinimalTopology-0-20240420-23:30:53-14296,scalar,LoRa.server[9],SF: 10,,,0
LoRaSim-MinimalTopology-0-20240420-23:30:53-14296,scalar,LoRa.server[9],rcvCounter: 10,,,0
LoRaSim-MinimalTopology-0-20240420-23:30:53-14296,scalar,LoRa.server[9],noOfCollidedPackets: 10,,,0
LoRaSim-MinimalTopology-0-20240420-23:30:53-14296,scalar,LoRa.server[9],noOfSuccessPackets: 10,,,0
LoRaSim-MinimalTopology-0-20240420-23:30:53-14296,scalar,LoRa.server[9],noOfHostsInSFTier: 10,,,623
LoRaSim-MinimalTopology-0-20240420-23:30:53-14296,scalar,LoRa.server[9],SF: 11,,,0
LoRaSim-MinimalTopology-0-20240420-23:30:53-14296,scalar,LoRa.server[9],rcvCounter: 11,,,0
LoRaSim-MinimalTopology-0-20240420-23:30:53-14296,scalar,LoRa.server[9],noOfCollidedPackets: 11,,,0
LoRaSim-MinimalTopology-0-20240420-23:30:53-14296,scalar,LoRa.server[9],noOfSuccessPackets: 11,,,0
LoRaSim-MinimalTopology-0-20240420-23:30:53-14296,scalar,LoRa.server[9],noOfHostsInSFTier: 11,,,801
LoRaSim-MinimalTopology-0-20240420-23:30:53-14296,scalar,LoRa.server[9],SF: 12,,,0
LoRaSim-MinimalTopology-0-20240420-23:30:53-14296,scalar,LoRa.server[9],rcvCounter: 12,,,0
LoRaSim-MinimalTopology-0-20240420-23:30:53-14296,scalar,LoRa.server[9],noOfCollidedPackets: 12,,,0
LoRaSim-MinimalTopology-0-20240420-23:30:53-14296,scalar,LoRa.server[9],noOfSuccessPackets: 12,,,0
LoRaSim-MinimalTopology-0-20240420-23:30:53-14296,scalar,LoRa.server[9],noOfHostsInSFTier: 12,,,1289
LoRaSim-MinimalTopology-0-20240420-23:30:53-14296,scalar,LoRa.server[9],totalSuccessRate,,,0.48697453703704
LoRaSim-MinimalTopology-0-20240420-23:30:53-14296,scalar,LoRa.server[9],totalSuccessProb,,,0.99057794268602
LoRaSim-MinimalTopology-0-20240420-23:30:53-14296,scalar,LoRa.server[9],duration,,,432000
LoRaSim-MinimalTopology-0-20240420-23:30:53-14296,scalar,LoRa.server[10],SF: 7,,,1.631587962963
LoRaSim-MinimalTopology-0-20240420-23:30:53-14296,scalar,LoRa.server[10],rcvCounter: 7,,,728238
LoRaSim-MinimalTopology-0-20240420-23:30:53-14296,scalar,LoRa.server[10],noOfCollidedPackets: 7,,,23392
LoRaSim-MinimalTopology-0-20240420-23:30:53-14296,scalar,LoRa.server[10],noOfSuccessPackets: 7,,,704846
LoRaSim-MinimalTopology-0-20240420-23:30:53-14296,scalar,LoRa.server[10],noOfHostsInSFTier: 7,,,592
LoRaSim-MinimalTopology-0-20240420-23:30:53-14296,scalar,LoRa.server[10],SF: 8,,,0
LoRaSim-MinimalTopology-0-20240420-23:30:53-14296,scalar,LoRa.server[10],rcvCounter: 8,,,0
LoRaSim-MinimalTopology-0-20240420-23:30:53-14296,scalar,LoRa.server[10],noOfCollidedPackets: 8,,,0
LoRaSim-MinimalTopology-0-20240420-23:30:53-14296,scalar,LoRa.server[10],noOfSuccessPackets: 8,,,0
LoRaSim-MinimalTopology-0-20240420-23:30:53-14296,scalar,LoRa.server[10],noOfHostsInSFTier: 8,,,262
LoRaSim-MinimalTopology-0-20240420-23:30:53-14296,scalar,LoRa.server[10],SF: 9,,,0
LoRaSim-MinimalTopology-0-20240420-23:30:53-14296,scalar,LoRa.server[10],rcvCounter: 9,,,0
LoRaSim-MinimalTopology-0-20240420-23:30:53-14296,scalar,LoRa.server[10],noOfCollidedPackets: 9,,,0
LoRaSim-MinimalTopology-0-20240420-23:30:53-14296,scalar,LoRa.server[10],noOfSuccessPackets: 9,,,0
LoRaSim-MinimalTopology-0-20240420-23:30:53-14296,scalar,LoRa.server[10],noOfHostsInSFTier: 9,,,429
LoRaSim-MinimalTopology-0-20240420-23:30:53-14296,scalar,LoRa.server[10],SF: 10,,,0
LoRaSim-MinimalTopology-0-20240420-23:30:53-14296,scalar,LoRa.server[10],rcvCounter: 10,,,0
LoRaSim-MinimalTopology-0-20240420-23:30:53-14296,scalar,LoRa.server[10],noOfCollidedPackets: 10,,,0
LoRaSim-MinimalTopology-0-20240420-23:30:53-14296,scalar,LoRa.server[10],noOfSuccessPackets: 10,,,0
LoRaSim-MinimalTopology-0-20240420-23:30:53-14296,scalar,LoRa.server[10],noOfHostsInSFTier: 10,,,623
LoRaSim-MinimalTopology-0-20240420-23:30:53-14296,scalar,LoRa.server[10],SF: 11,,,0
LoRaSim-MinimalTopology-0-20240420-23:30:53-14296,scalar,LoRa.server[10],rcvCounter: 11,,,0
LoRaSim-MinimalTopology-0-20240420-23:30:53-14296,scalar,LoRa.server[10],noOfCollidedPackets: 11,,,0
LoRaSim-MinimalTopology-0-20240420-23:30:53-14296,scalar,LoRa.server[10],noOfSuccessPackets: 11,,,0
LoRaSim-MinimalTopology-0-20240420-23:30:53-14296,scalar,LoRa.server[10],noOfHostsInSFTier: 11,,,801
LoRaSim-MinimalTopology-0-20240420-23:30:53-14296,scalar,LoRa.server[10],SF: 12,,,0
LoRaSim-MinimalTopology-0-20240420-23:30:53-14296,scalar,LoRa.server[10],rcvCounter: 12,,,0
LoRaSim-MinimalTopology-0-20240420-23:30:53-14296,scalar,LoRa.server[10],noOfCollidedPackets: 12,,,0
LoRaSim-MinimalTopology-0-20240420-23:30:53-14296,scalar,LoRa.server[10],noOfSuccessPackets: 12,,,0
LoRaSim-MinimalTopology-0-20240420-23:30:53-14296,scalar,LoRa.server[10],noOfHostsInSFTier: 12,,,1289
LoRaSim-MinimalTopology-0-20240420-23:30:53-14296,scalar,LoRa.server[10],totalSuccessRate,,,1.631587962963
LoRaSim-MinimalTopology-0-20240420-23:30:53-14296,scalar,LoRa.server[10],totalSuccessProb,,,0.96787863308424
LoRaSim-MinimalTopology-0-20240420-23:30:53-14296,scalar,LoRa.server[10],duration,,,432000
LoRaSim-MinimalTopology-0-20240420-23:30:53-14296,scalar,LoRa.host[0],numOfHostsPerSF_Server0_SF7,,,239
LoRaSim-MinimalTopology-0-20240420-23:30:53-14296,scalar,LoRa.host[0],numOfHostsPerSF_Server0_SF8,,,48
LoRaSim-MinimalTopology-0-20240420-23:30:53-14296,scalar,LoRa.host[0],numOfHostsPerSF_Server0_SF9,,,25
LoRaSim-MinimalTopology-0-20240420-23:30:53-14296,scalar,LoRa.host[0],numOfHostsPerSF_Server0_SF10,,,0
LoRaSim-MinimalTopology-0-20240420-23:30:53-14296,scalar,LoRa.host[0],numOfHostsPerSF_Server0_SF11,,,0
LoRaSim-MinimalTopology-0-20240420-23:30:53-14296,scalar,LoRa.host[0],numOfHostsPerSF_Server0_SF12,,,0
LoRaSim-MinimalTopology-0-20240420-23:30:53-14296,scalar,LoRa.host[0],numOfHostsPerSF_Server1_SF7,,,230
LoRaSim-MinimalTopology-0-20240420-23:30:53-14296,scalar,LoRa.host[0],numOfHostsPerSF_Server1_SF8,,,37
LoRaSim-MinimalTopology-0-20240420-23:30:53-14296,scalar,LoRa.host[0],numOfHostsPerSF_Server1_SF9,,,28
LoRaSim-MinimalTopology-0-20240420-23:30:53-14296,scalar,LoRa.host[0],numOfHostsPerSF_Server1_SF10,,,0
LoRaSim-MinimalTopology-0-20240420-23:30:53-14296,scalar,LoRa.host[0],numOfHostsPerSF_Server1_SF11,,,0
LoRaSim-MinimalTopology-0-20240420-23:30:53-14296,scalar,LoRa.host[0],numOfHostsPerSF_Server1_SF12,,,0
LoRaSim-MinimalTopology-0-20240420-23:30:53-14296,scalar,LoRa.host[0],numOfHostsPerSF_Server2_SF7,,,217
LoRaSim-MinimalTopology-0-20240420-23:30:53-14296,scalar,LoRa.host[0],numOfHostsPerSF_Server2_SF8,,,53
LoRaSim-MinimalTopology-0-20240420-23:30:53-14296,scalar,LoRa.host[0],numOfHostsPerSF_Server2_SF9,,,21
LoRaSim-MinimalTopology-0-20240420-23:30:53-14296,scalar,LoRa.host[0],numOfHostsPerSF_Server2_SF10,,,0
LoRaSim-MinimalTopology-0-20240420-23:30:53-14296,scalar,LoRa.host[0],numOfHostsPerSF_Server2_SF11,,,0
LoRaSim-MinimalTopology-0-20240420-23:30:53-14296,scalar,LoRa.host[0],numOfHostsPerSF_Server2_SF12,,,0
LoRaSim-MinimalTopology-0-20240420-23:30:53-14296,scalar,LoRa.host[0],numOfHostsPerSF_Server3_SF7,,,218
LoRaSim-MinimalTopology-0-20240420-23:30:53-14296,scalar,LoRa.host[0],numOfHostsPerSF_Server3_SF8,,,53
LoRaSim-MinimalTopology-0-20240420-23:30:53-14296,scalar,LoRa.host[0],numOfHostsPerSF_Server3_SF9,,,28
LoRaSim-MinimalTopology-0-20240420-23:30:53-14296,scalar,LoRa.host[0],numOfHostsPerSF_Server3_SF10,,,0
LoRaSim-MinimalTopology-0-20240420-23:30:53-14296,scalar,LoRa.host[0],numOfHostsPerSF_Server3_SF11,,,0
LoRaSim-MinimalTopology-0-20240420-23:30:53-14296,scalar,LoRa.host[0],numOfHostsPerSF_Server3_SF12,,,0
LoRaSim-MinimalTopology-0-20240420-23:30:53-14296,scalar,LoRa.host[0],numOfHostsPerSF_Server4_SF7,,,225
LoRaSim-MinimalTopology-0-20240420-23:30:53-14296,scalar,LoRa.host[0],numOfHostsPerSF_Server4_SF8,,,48
LoRaSim-MinimalTopology-0-20240420-23:30:53-14296,scalar,LoRa.host[0],numOfHostsPerSF_Server4_SF9,,,18
LoRaSim-MinimalTopology-0-20240420-23:30:53-14296,scalar,LoRa.host[0],numOfHostsPerSF_Server4_SF10,,,0
LoRaSim-MinimalTopology-0-20240420-23:30:53-14296,scalar,LoRa.host[0],numOfHostsPerSF_Server4_SF11,,,0
LoRaSim-MinimalTopology-0-20240420-23:30:53-14296,scalar,LoRa.host[0],numOfHostsPerSF_Server4_SF12,,,0
LoRaSim-MinimalTopology-0-20240420-23:30:53-14296,scalar,LoRa.host[0],numOfHostsPerSF_Server5_SF7,,,235
LoRaSim-MinimalTopology-0-20240420-23:30:53-14296,scalar,LoRa.host[0],numOfHostsPerSF_Server5_SF8,,,50
LoRaSim-MinimalTopology-0-20240420-23:30:53-14296,scalar,LoRa.host[0],numOfHostsPerSF_Server5_SF9,,,29
LoRaSim-MinimalTopology-0-20240420-23:30:53-14296,scalar,LoRa.host[0],numOfHostsPerSF_Server5_SF10,,,0
LoRaSim-MinimalTopology-0-20240420-23:30:53-14296,scalar,LoRa.host[0],numOfHostsPerSF_Server5_SF11,,,0
LoRaSim-MinimalTopology-0-20240420-23:30:53-14296,scalar,LoRa.host[0],numOfHostsPerSF_Server5_SF12,,,0
LoRaSim-MinimalTopology-0-20240420-23:30:53-14296,scalar,LoRa.host[0],numOfHostsPerSF_Server6_SF7,,,230
LoRaSim-MinimalTopology-0-20240420-23:30:53-14296,scalar,LoRa.host[0],numOfHostsPerSF_Server6_SF8,,,54
LoRaSim-MinimalTopology-0-20240420-23:30:53-14296,scalar,LoRa.host[0],numOfHostsPerSF_Server6_SF9,,,22
LoRaSim-MinimalTopology-0-20240420-23:30:53-14296,scalar,LoRa.host[0],numOfHostsPerSF_Server6_SF10,,,0
LoRaSim-MinimalTopology-0-20240420-23:30:53-14296,scalar,LoRa.host[0],numOfHostsPerSF_Server6_SF11,,,0
LoRaSim-MinimalTopology-0-20240420-23:30:53-14296,scalar,LoRa.host[0],numOfHostsPerSF_Server6_SF12,,,0
LoRaSim-MinimalTopology-0-20240420-23:30:53-14296,scalar,LoRa.host[0],numOfHostsPerSF_Server7_SF7,,,228
LoRaSim-MinimalTopology-0-20240420-23:30:53-14296,scalar,LoRa.host[0],numOfHostsPerSF_Server7_SF8,,,38
LoRaSim-MinimalTopology-0-20240420-23:30:53-14296,scalar,LoRa.host[0],numOfHostsPerSF_Server7_SF9,,,23
LoRaSim-MinimalTopology-0-20240420-23:30:53-14296,scalar,LoRa.host[0],numOfHostsPerSF_Server7_SF10,,,0
LoRaSim-MinimalTopology-0-20240420-23:30:53-14296,scalar,LoRa.host[0],numOfHostsPerSF_Server7_SF11,,,0
LoRaSim-MinimalTopology-0-20240420-23:30:53-14296,scalar,LoRa.host[0],numOfHostsPerSF_Server7_SF12,,,0
LoRaSim-MinimalTopology-0-20240420-23:30:53-14296,scalar,LoRa.host[0],numOfHostsPerSF_Server8_SF7,,,215
LoRaSim-MinimalTopology-0-20240420-23:30:53-14296,scalar,LoRa.host[0],numOfHostsPerSF_Server8_SF8,,,51
LoRaSim-MinimalTopology-0-20240420-23:30:53-14296,scalar,LoRa.host[0],numOfHostsPerSF_Server8_SF9,,,24
LoRaSim-MinimalTopology-0-20240420-23:30:53-14296,scalar,LoRa.host[0],numOfHostsPerSF_Server8_SF10,,,0
LoRaSim-MinimalTopology-0-20240420-23:30:53-14296,scalar,LoRa.host[0],numOfHostsPerSF_Server8_SF11,,,0
LoRaSim-MinimalTopology-0-20240420-23:30:53-14296,scalar,LoRa.host[0],numOfHostsPerSF_Server8_SF12,,,0
LoRaSim-MinimalTopology-0-20240420-23:30:53-14296,scalar,LoRa.host[0],numOfHostsPerSF_Server9_SF7,,,224
LoRaSim-MinimalTopology-0-20240420-23:30:53-14296,scalar,LoRa.host[0],numOfHostsPerSF_Server9_SF8,,,48
LoRaSim-MinimalTopology-0-20240420-23:30:53-14296,scalar,LoRa.host[0],numOfHostsPerSF_Server9_SF9,,,24
LoRaSim-MinimalTopology-0-20240420-23:30:53-14296,scalar,LoRa.host[0],numOfHostsPerSF_Server9_SF10,,,0
LoRaSim-MinimalTopology-0-20240420-23:30:53-14296,scalar,LoRa.host[0],numOfHostsPerSF_Server9_SF11,,,0
LoRaSim-MinimalTopology-0-20240420-23:30:53-14296,scalar,LoRa.host[0],numOfHostsPerSF_Server9_SF12,,,0
LoRaSim-MinimalTopology-0-20240420-23:30:53-14296,scalar,LoRa.host[0],numOfHostsPerSF_Server10_SF7,,,592
LoRaSim-MinimalTopology-0-20240420-23:30:53-14296,scalar,LoRa.host[0],numOfHostsPerSF_Server10_SF8,,,262
LoRaSim-MinimalTopology-0-20240420-23:30:53-14296,scalar,LoRa.host[0],numOfHostsPerSF_Server10_SF9,,,163
LoRaSim-MinimalTopology-0-20240420-23:30:53-14296,scalar,LoRa.host[0],numOfHostsPerSF_Server10_SF10,,,0
LoRaSim-MinimalTopology-0-20240420-23:30:53-14296,scalar,LoRa.host[0],numOfHostsPerSF_Server10_SF11,,,0
LoRaSim-MinimalTopology-0-20240420-23:30:53-14296,scalar,LoRa.host[0],numOfHostsPerSF_Server10_SF12,,,0
LoRaSim-MinimalTopology-0-20240420-23:30:53-14296,scalar,_runattrs_,M,,,11
LoRaSim-MinimalTopology-0-20240420-23:30:53-14296,scalar,_runattrs_,N,,,4000
