run,type,module,name,attrname,attrvalue,value
LoRaSim-MinimalTopology-0-20240420-23:33:17-7668,runattr,,,configname,LoRaSim-MinimalTopology,
LoRaSim-MinimalTopology-0-20240420-23:33:17-7668,runattr,,,datetime,20240420-23:33:17,
LoRaSim-MinimalTopology-0-20240420-23:33:17-7668,runattr,,,experiment,LoRaSim-MinimalTopology,
LoRaSim-MinimalTopology-0-20240420-23:33:17-7668,runattr,,,inifile,omnetpp.ini,
LoRaSim-MinimalTopology-0-20240420-23:33:17-7668,runattr,,,iterationvars,"$N=5000, $M=11",
LoRaSim-MinimalTopology-0-20240420-23:33:17-7668,runattr,,,iterationvarsf,"N=5000,M=11-",
LoRaSim-MinimalTopology-0-20240420-23:33:17-7668,runattr,,,measurement,"$N=5000, $M=11",
LoRaSim-MinimalTopology-0-20240420-23:33:17-7668,runattr,,,network,LoRa,
LoRaSim-MinimalTopology-0-20240420-23:33:17-7668,runattr,,,processid,7668,
LoRaSim-MinimalTopology-0-20240420-23:33:17-7668,runattr,,,repetition,0,
LoRaSim-MinimalTopology-0-20240420-23:33:17-7668,runattr,,,replication,#0,
LoRaSim-MinimalTopology-0-20240420-23:33:17-7668,runattr,,,resultdir,results,
LoRaSim-MinimalTopology-0-20240420-23:33:17-7668,runattr,,,runnumber,0,
LoRaSim-MinimalTopology-0-20240420-23:33:17-7668,runattr,,,seedset,0,
LoRaSim-MinimalTopology-0-20240420-23:33:17-7668,itervar,,,M,11,
LoRaSim-MinimalTopology-0-20240420-23:33:17-7668,itervar,,,N,5000,
LoRaSim-MinimalTopology-0-20240420-23:33:17-7668,param,,,LoRa.host[*].isBufferingEvents,false,
LoRaSim-MinimalTopology-0-20240420-23:33:17-7668,param,,,LoRa.host[*].addFrameHeader,false,
LoRaSim-MinimalTopology-0-20240420-23:33:17-7668,param,,,LoRa.host[*].nbOfChannels,3,
LoRaSim-MinimalTopology-0-20240420-23:33:17-7668,param,,,LoRa.numHosts,5000,
LoRaSim-MinimalTopology-0-20240420-23:33:17-7668,param,,,LoRa.host[*].iaTime,exponential(600s),
LoRaSim-MinimalTopology-0-20240420-23:33:17-7668,param,,,LoRa.host[*].pkLenBits,160b,
LoRaSim-MinimalTopology-0-20240420-23:33:17-7668,param,,,LoRa.netR,6333.83 m,
LoRaSim-MinimalTopology-0-20240420-23:33:17-7668,param,,,LoRa.server[*].pathlossExp,3,
LoRaSim-MinimalTopology-0-20240420-23:33:17-7668,param,,,LoRa.server[*].BW,125,
LoRaSim-MinimalTopology-0-20240420-23:33:17-7668,param,,,LoRa.numServers,11,
LoRaSim-MinimalTopology-0-20240420-23:33:17-7668,param,,,LoRa.server[0].x,6333.83m,
LoRaSim-MinimalTopology-0-20240420-23:33:17-7668,param,,,LoRa.server[0].y,0,
LoRaSim-MinimalTopology-0-20240420-23:33:17-7668,param,,,LoRa.server[1].x,5124.66m,
LoRaSim-MinimalTopology-0-20240420-23:33:17-7668,param,,,LoRa.server[1].y,3720.35m,
LoRaSim-MinimalTopology-0-20240420-23:33:17-7668,param,,,LoRa.server[2].x,1955.48m,
LoRaSim-MinimalTopology-0-20240420-23:33:17-7668,param,,,LoRa.server[2].y,6022.43m,
LoRaSim-MinimalTopology-0-20240420-23:33:17-7668,param,,,LoRa.server[3].x,-1955.48m,
LoRaSim-MinimalTopology-0-20240420-23:33:17-7668,param,,,LoRa.server[3].y,6022.43m,
LoRaSim-MinimalTopology-0-20240420-23:33:17-7668,param,,,LoRa.server[4].x,-5124.66m,
LoRaSim-MinimalTopology-0-20240420-23:33:17-7668,param,,,LoRa.server[4].y,3722.39m,
LoRaSim-MinimalTopology-0-20240420-23:33:17-7668,param,,,LoRa.server[5].x,-6333.83m,
LoRaSim-MinimalTopology-0-20240420-23:33:17-7668,param,,,LoRa.server[5].y,0m,
LoRaSim-MinimalTopology-0-20240420-23:33:17-7668,param,,,LoRa.server[6].x,-5124.66m,
LoRaSim-MinimalTopology-0-20240420-23:33:17-7668,param,,,LoRa.server[6].y,-3722.39m,
LoRaSim-MinimalTopology-0-20240420-23:33:17-7668,param,,,LoRa.server[7].x,-1955.48m,
LoRaSim-MinimalTopology-0-20240420-23:33:17-7668,param,,,LoRa.server[7].y,-6022.43m,
LoRaSim-MinimalTopology-0-20240420-23:33:17-7668,param,,,LoRa.server[8].x,1955.48m,
LoRaSim-MinimalTopology-0-20240420-23:33:17-7668,param,,,LoRa.server[8].y,-6022.43m,
LoRaSim-MinimalTopology-0-20240420-23:33:17-7668,param,,,LoRa.server[9].x,5124.66m,
LoRaSim-MinimalTopology-0-20240420-23:33:17-7668,param,,,LoRa.server[9].y,-3720.35m,
LoRaSim-MinimalTopology-0-20240420-23:33:17-7668,param,,,LoRa.server[10].x,0,
LoRaSim-MinimalTopology-0-20240420-23:33:17-7668,param,,,LoRa.server[10].y,0,
LoRaSim-MinimalTopology-0-20240420-23:33:17-7668,param,,,**.animationHoldTimeOnCollision,0s,
LoRaSim-MinimalTopology-0-20240420-23:33:17-7668,param,,,**.idleAnimationSpeed,1,
LoRaSim-MinimalTopology-0-20240420-23:33:17-7668,param,,,**.transmissionEdgeAnimationSpeed,1e-6,
LoRaSim-MinimalTopology-0-20240420-23:33:17-7668,param,,,**.midTransmissionAnimationSpeed,1e-1,
LoRaSim-MinimalTopology-0-20240420-23:33:17-7668,param,,,LoRa.slotTime,0,
LoRaSim-MinimalTopology-0-20240420-23:33:17-7668,param,,,LoRa.dutyCycleActive,true,
LoRaSim-MinimalTopology-0-20240420-23:33:17-7668,scalar,LoRa.server[0],SF: 7,,,0.63716203703704
LoRaSim-MinimalTopology-0-20240420-23:33:17-7668,scalar,LoRa.server[0],rcvCounter: 7,,,278685
LoRaSim-MinimalTopology-0-20240420-23:33:17-7668,scalar,LoRa.server[0],noOfCollidedPackets: 7,,,3431
LoRaSim-MinimalTopology-0-20240420-23:33:17-7668,scalar,LoRa.server[0],noOfSuccessPackets: 7,,,275254
LoRaSim-MinimalTopology-0-20240420-23:33:17-7668,scalar,LoRa.server[0],noOfHostsInSFTier: 7,,,739
LoRaSim-MinimalTopology-0-20240420-23:33:17-7668,scalar,LoRa.server[0],SF: 8,,,0
LoRaSim-MinimalTopology-0-20240420-23:33:17-7668,scalar,LoRa.server[0],rcvCounter: 8,,,0
LoRaSim-MinimalTopology-0-20240420-23:33:17-7668,scalar,LoRa.server[0],noOfCollidedPackets: 8,,,0
LoRaSim-MinimalTopology-0-20240420-23:33:17-7668,scalar,LoRa.server[0],noOfSuccessPackets: 8,,,0
LoRaSim-MinimalTopology-0-20240420-23:33:17-7668,scalar,LoRa.server[0],noOfHostsInSFTier: 8,,,331
LoRaSim-MinimalTopology-0-20240420-23:33:17-7668,scalar,LoRa.server[0],SF: 9,,,0
LoRaSim-MinimalTopology-0-20240420-23:33:17-7668,scalar,LoRa.server[0],rcvCounter: 9,,,0
LoRaSim-MinimalTopology-0-20240420-23:33:17-7668,scalar,LoRa.server[0],noOfCollidedPackets: 9,,,0
LoRaSim-MinimalTopology-0-20240420-23:33:17-7668,scalar,LoRa.server[0],noOfSuccessPackets: 9,,,0
LoRaSim-MinimalTopology-0-20240420-23:33:17-7668,scalar,LoRa.server[0],noOfHostsInSFTier: 9,,,539
LoRaSim-MinimalTopology-0-20240420-23:33:17-7668,scalar,LoRa.server[0],SF: 10,,,0
LoRaSim-MinimalTopology-0-20240420-23:33:17-7668,scalar,LoRa.server[0],rcvCounter: 10,,,0
LoRaSim-MinimalTopology-0-20240420-23:33:17-7668,scalar,LoRa.server[0],noOfCollidedPackets: 10,,,0
LoRaSim-MinimalTopology-0-20240420-23:33:17-7668,scalar,LoRa.server[0],noOfSuccessPackets: 10,,,0
LoRaSim-MinimalTopology-0-20240420-23:33:17-7668,scalar,LoRa.server[0],noOfHostsInSFTier: 10,,,767
LoRaSim-MinimalTopology-0-20240420-23:33:17-7668,scalar,LoRa.server[0],SF: 11,,,0
LoRaSim-MinimalTopology-0-20240420-23:33:17-7668,scalar,LoRa.server[0],rcvCounter: 11,,,0
LoRaSim-MinimalTopology-0-20240420-23:33:17-7668,scalar,LoRa.server[0],noOfCollidedPackets: 11,,,0
LoRaSim-MinimalTopology-0-20240420-23:33:17-7668,scalar,LoRa.server[0],noOfSuccessPackets: 11,,,0
LoRaSim-MinimalTopology-0-20240420-23:33:17-7668,scalar,LoRa.server[0],noOfHostsInSFTier: 11,,,1043
LoRaSim-MinimalTopology-0-20240420-23:33:17-7668,scalar,LoRa.server[0],SF: 12,,,0
LoRaSim-MinimalTopology-0-20240420-23:33:17-7668,scalar,LoRa.server[0],rcvCounter: 12,,,0
LoRaSim-MinimalTopology-0-20240420-23:33:17-7668,scalar,LoRa.server[0],noOfCollidedPackets: 12,,,0
LoRaSim-MinimalTopology-0-20240420-23:33:17-7668,scalar,LoRa.server[0],noOfSuccessPackets: 12,,,0
LoRaSim-MinimalTopology-0-20240420-23:33:17-7668,scalar,LoRa.server[0],noOfHostsInSFTier: 12,,,1577
LoRaSim-MinimalTopology-0-20240420-23:33:17-7668,scalar,LoRa.server[0],totalSuccessRate,,,0.63716203703704
LoRaSim-MinimalTopology-0-20240420-23:33:17-7668,scalar,LoRa.server[0],totalSuccessProb,,,0.987688609003
LoRaSim-MinimalTopology-0-20240420-23:33:17-7668,scalar,LoRa.server[0],duration,,,432000
LoRaSim-MinimalTopology-0-20240420-23:33:17-7668,scalar,LoRa.server[1],SF: 7,,,0.59583796296296
LoRaSim-MinimalTopology-0-20240420-23:33:17-7668,scalar,LoRa.server[1],rcvCounter: 7,,,260512
LoRaSim-MinimalTopology-0-20240420-23:33:17-7668,scalar,LoRa.server[1],noOfCollidedPackets: 7,,,3110
LoRaSim-MinimalTopology-0-20240420-23:33:17-7668,scalar,LoRa.server[1],noOfSuccessPackets: 7,,,257402
LoRaSim-MinimalTopology-0-20240420-23:33:17-7668,scalar,LoRa.server[1],noOfHostsInSFTier: 7,,,739
LoRaSim-MinimalTopology-0-20240420-23:33:17-7668,scalar,LoRa.server[1],SF: 8,,,0
LoRaSim-MinimalTopology-0-20240420-23:33:17-7668,scalar,LoRa.server[1],rcvCounter: 8,,,0
LoRaSim-MinimalTopology-0-20240420-23:33:17-7668,scalar,LoRa.server[1],noOfCollidedPackets: 8,,,0
LoRaSim-MinimalTopology-0-20240420-23:33:17-7668,scalar,LoRa.server[1],noOfSuccessPackets: 8,,,0
LoRaSim-MinimalTopology-0-20240420-23:33:17-7668,scalar,LoRa.server[1],noOfHostsInSFTier: 8,,,331
LoRaSim-MinimalTopology-0-20240420-23:33:17-7668,scalar,LoRa.server[1],SF: 9,,,0
LoRaSim-MinimalTopology-0-20240420-23:33:17-7668,scalar,LoRa.server[1],rcvCounter: 9,,,0
LoRaSim-MinimalTopology-0-20240420-23:33:17-7668,scalar,LoRa.server[1],noOfCollidedPackets: 9,,,0
LoRaSim-MinimalTopology-0-20240420-23:33:17-7668,scalar,LoRa.server[1],noOfSuccessPackets: 9,,,0
LoRaSim-MinimalTopology-0-20240420-23:33:17-7668,scalar,LoRa.server[1],noOfHostsInSFTier: 9,,,539
LoRaSim-MinimalTopology-0-20240420-23:33:17-7668,scalar,LoRa.server[1],SF: 10,,,0
LoRaSim-MinimalTopology-0-20240420-23:33:17-7668,scalar,LoRa.server[1],rcvCounter: 10,,,0
LoRaSim-MinimalTopology-0-20240420-23:33:17-7668,scalar,LoRa.server[1],noOfCollidedPackets: 10,,,0
LoRaSim-MinimalTopology-0-20240420-23:33:17-7668,scalar,LoRa.server[1],noOfSuccessPackets: 10,,,0
LoRaSim-MinimalTopology-0-20240420-23:33:17-7668,scalar,LoRa.server[1],noOfHostsInSFTier: 10,,,767
LoRaSim-MinimalTopology-0-20240420-23:33:17-7668,scalar,LoRa.server[1],SF: 11,,,0
LoRaSim-MinimalTopology-0-20240420-23:33:17-7668,scalar,LoRa.server[1],rcvCounter: 11,,,0
LoRaSim-MinimalTopology-0-20240420-23:33:17-7668,scalar,LoRa.server[1],noOfCollidedPackets: 11,,,0
LoRaSim-MinimalTopology-0-20240420-23:33:17-7668,scalar,LoRa.server[1],noOfSuccessPackets: 11,,,0
LoRaSim-MinimalTopology-0-20240420-23:33:17-7668,scalar,LoRa.server[1],noOfHostsInSFTier: 11,,,1043
LoRaSim-MinimalTopology-0-20240420-23:33:17-7668,scalar,LoRa.server[1],SF: 12,,,0
LoRaSim-MinimalTopology-0-20240420-23:33:17-7668,scalar,LoRa.server[1],rcvCounter: 12,,,0
LoRaSim-MinimalTopology-0-20240420-23:33:17-7668,scalar,LoRa.server[1],noOfCollidedPackets: 12,,,0
LoRaSim-MinimalTopology-0-20240420-23:33:17-7668,scalar,LoRa.server[1],noOfSuccessPackets: 12,,,0
LoRaSim-MinimalTopology-0-20240420-23:33:17-7668,scalar,LoRa.server[1],noOfHostsInSFTier: 12,,,1577
LoRaSim-MinimalTopology-0-20240420-23:33:17-7668,scalar,LoRa.server[1],totalSuccessRate,,,0.59583796296296
LoRaSim-MinimalTopology-0-20240420-23:33:17-7668,scalar,LoRa.server[1],totalSuccessProb,,,0.98806197027392
LoRaSim-MinimalTopology-0-20240420-23:33:17-7668,scalar,LoRa.server[1],duration,,,432000
LoRaSim-MinimalTopology-0-20240420-23:33:17-7668,scalar,LoRa.server[2],SF: 7,,,0.59980092592593
LoRaSim-MinimalTopology-0-20240420-23:33:17-7668,scalar,LoRa.server[2],rcvCounter: 7,,,262248
LoRaSim-MinimalTopology-0-20240420-23:33:17-7668,scalar,LoRa.server[2],noOfCollidedPackets: 7,,,3134
LoRaSim-MinimalTopology-0-20240420-23:33:17-7668,scalar,LoRa.server[2],noOfSuccessPackets: 7,,,259114
LoRaSim-MinimalTopology-0-20240420-23:33:17-7668,scalar,LoRa.server[2],noOfHostsInSFTier: 7,,,739
LoRaSim-MinimalTopology-0-20240420-23:33:17-7668,scalar,LoRa.server[2],SF: 8,,,0
LoRaSim-MinimalTopology-0-20240420-23:33:17-7668,scalar,LoRa.server[2],rcvCounter: 8,,,0
LoRaSim-MinimalTopology-0-20240420-23:33:17-7668,scalar,LoRa.server[2],noOfCollidedPackets: 8,,,0
LoRaSim-MinimalTopology-0-20240420-23:33:17-7668,scalar,LoRa.server[2],noOfSuccessPackets: 8,,,0
LoRaSim-MinimalTopology-0-20240420-23:33:17-7668,scalar,LoRa.server[2],noOfHostsInSFTier: 8,,,331
LoRaSim-MinimalTopology-0-20240420-23:33:17-7668,scalar,LoRa.server[2],SF: 9,,,0
LoRaSim-MinimalTopology-0-20240420-23:33:17-7668,scalar,LoRa.server[2],rcvCounter: 9,,,0
LoRaSim-MinimalTopology-0-20240420-23:33:17-7668,scalar,LoRa.server[2],noOfCollidedPackets: 9,,,0
LoRaSim-MinimalTopology-0-20240420-23:33:17-7668,scalar,LoRa.server[2],noOfSuccessPackets: 9,,,0
LoRaSim-MinimalTopology-0-20240420-23:33:17-7668,scalar,LoRa.server[2],noOfHostsInSFTier: 9,,,539
LoRaSim-MinimalTopology-0-20240420-23:33:17-7668,scalar,LoRa.server[2],SF: 10,,,0
LoRaSim-MinimalTopology-0-20240420-23:33:17-7668,scalar,LoRa.server[2],rcvCounter: 10,,,0
LoRaSim-MinimalTopology-0-20240420-23:33:17-7668,scalar,LoRa.server[2],noOfCollidedPackets: 10,,,0
LoRaSim-MinimalTopology-0-20240420-23:33:17-7668,scalar,LoRa.server[2],noOfSuccessPackets: 10,,,0
LoRaSim-MinimalTopology-0-20240420-23:33:17-7668,scalar,LoRa.server[2],noOfHostsInSFTier: 10,,,767
LoRaSim-MinimalTopology-0-20240420-23:33:17-7668,scalar,LoRa.server[2],SF: 11,,,0
LoRaSim-MinimalTopology-0-20240420-23:33:17-7668,scalar,LoRa.server[2],rcvCounter: 11,,,0
LoRaSim-MinimalTopology-0-20240420-23:33:17-7668,scalar,LoRa.server[2],noOfCollidedPackets: 11,,,0
LoRaSim-MinimalTopology-0-20240420-23:33:17-7668,scalar,LoRa.server[2],noOfSuccessPackets: 11,,,0
LoRaSim-MinimalTopology-0-20240420-23:33:17-7668,scalar,LoRa.server[2],noOfHostsInSFTier: 11,,,1043
LoRaSim-MinimalTopology-0-20240420-23:33:17-7668,scalar,LoRa.server[2],SF: 12,,,0
LoRaSim-MinimalTopology-0-20240420-23:33:17-7668,scalar,LoRa.server[2],rcvCounter: 12,,,0
LoRaSim-MinimalTopology-0-20240420-23:33:17-7668,scalar,LoRa.server[2],noOfCollidedPackets: 12,,,0
LoRaSim-MinimalTopology-0-20240420-23:33:17-7668,scalar,LoRa.server[2],noOfSuccessPackets: 12,,,0
LoRaSim-MinimalTopology-0-20240420-23:33:17-7668,scalar,LoRa.server[2],noOfHostsInSFTier: 12,,,1577
LoRaSim-MinimalTopology-0-20240420-23:33:17-7668,scalar,LoRa.server[2],totalSuccessRate,,,0.59980092592593
LoRaSim-MinimalTopology-0-20240420-23:33:17-7668,scalar,LoRa.server[2],totalSuccessProb,,,0.98804947988164
LoRaSim-MinimalTopology-0-20240420-23:33:17-7668,scalar,LoRa.server[2],duration,,,432000
LoRaSim-MinimalTopology-0-20240420-23:33:17-7668,scalar,LoRa.server[3],SF: 7,,,0.64310416666667
LoRaSim-MinimalTopology-0-20240420-23:33:17-7668,scalar,LoRa.server[3],rcvCounter: 7,,,281301
LoRaSim-MinimalTopology-0-20240420-23:33:17-7668,scalar,LoRa.server[3],noOfCollidedPackets: 7,,,3480
LoRaSim-MinimalTopology-0-20240420-23:33:17-7668,scalar,LoRa.server[3],noOfSuccessPackets: 7,,,277821
LoRaSim-MinimalTopology-0-20240420-23:33:17-7668,scalar,LoRa.server[3],noOfHostsInSFTier: 7,,,739
LoRaSim-MinimalTopology-0-20240420-23:33:17-7668,scalar,LoRa.server[3],SF: 8,,,0
LoRaSim-MinimalTopology-0-20240420-23:33:17-7668,scalar,LoRa.server[3],rcvCounter: 8,,,0
LoRaSim-MinimalTopology-0-20240420-23:33:17-7668,scalar,LoRa.server[3],noOfCollidedPackets: 8,,,0
LoRaSim-MinimalTopology-0-20240420-23:33:17-7668,scalar,LoRa.server[3],noOfSuccessPackets: 8,,,0
LoRaSim-MinimalTopology-0-20240420-23:33:17-7668,scalar,LoRa.server[3],noOfHostsInSFTier: 8,,,331
LoRaSim-MinimalTopology-0-20240420-23:33:17-7668,scalar,LoRa.server[3],SF: 9,,,0
LoRaSim-MinimalTopology-0-20240420-23:33:17-7668,scalar,LoRa.server[3],rcvCounter: 9,,,0
LoRaSim-MinimalTopology-0-20240420-23:33:17-7668,scalar,LoRa.server[3],noOfCollidedPackets: 9,,,0
LoRaSim-MinimalTopology-0-20240420-23:33:17-7668,scalar,LoRa.server[3],noOfSuccessPackets: 9,,,0
LoRaSim-MinimalTopology-0-20240420-23:33:17-7668,scalar,LoRa.server[3],noOfHostsInSFTier: 9,,,539
LoRaSim-MinimalTopology-0-20240420-23:33:17-7668,scalar,LoRa.server[3],SF: 10,,,0
LoRaSim-MinimalTopology-0-20240420-23:33:17-7668,scalar,LoRa.server[3],rcvCounter: 10,,,0
LoRaSim-MinimalTopology-0-20240420-23:33:17-7668,scalar,LoRa.server[3],noOfCollidedPackets: 10,,,0
LoRaSim-MinimalTopology-0-20240420-23:33:17-7668,scalar,LoRa.server[3],noOfSuccessPackets: 10,,,0
LoRaSim-MinimalTopology-0-20240420-23:33:17-7668,scalar,LoRa.server[3],noOfHostsInSFTier: 10,,,767
LoRaSim-MinimalTopology-0-20240420-23:33:17-7668,scalar,LoRa.server[3],SF: 11,,,0
LoRaSim-MinimalTopology-0-20240420-23:33:17-7668,scalar,LoRa.server[3],rcvCounter: 11,,,0
LoRaSim-MinimalTopology-0-20240420-23:33:17-7668,scalar,LoRa.server[3],noOfCollidedPackets: 11,,,0
LoRaSim-MinimalTopology-0-20240420-23:33:17-7668,scalar,LoRa.server[3],noOfSuccessPackets: 11,,,0
LoRaSim-MinimalTopology-0-20240420-23:33:17-7668,scalar,LoRa.server[3],noOfHostsInSFTier: 11,,,1043
LoRaSim-MinimalTopology-0-20240420-23:33:17-7668,scalar,LoRa.server[3],SF: 12,,,0
LoRaSim-MinimalTopology-0-20240420-23:33:17-7668,scalar,LoRa.server[3],rcvCounter: 12,,,0
LoRaSim-MinimalTopology-0-20240420-23:33:17-7668,scalar,LoRa.server[3],noOfCollidedPackets: 12,,,0
LoRaSim-MinimalTopology-0-20240420-23:33:17-7668,scalar,LoRa.server[3],noOfSuccessPackets: 12,,,0
LoRaSim-MinimalTopology-0-20240420-23:33:17-7668,scalar,LoRa.server[3],noOfHostsInSFTier: 12,,,1577
LoRaSim-MinimalTopology-0-20240420-23:33:17-7668,scalar,LoRa.server[3],totalSuccessRate,,,0.64310416666667
LoRaSim-MinimalTopology-0-20240420-23:33:17-7668,scalar,LoRa.server[3],totalSuccessProb,,,0.98762890995766
LoRaSim-MinimalTopology-0-20240420-23:33:17-7668,scalar,LoRa.server[3],duration,,,432000
LoRaSim-MinimalTopology-0-20240420-23:33:17-7668,scalar,LoRa.server[4],SF: 7,,,0.58588194444444
LoRaSim-MinimalTopology-0-20240420-23:33:17-7668,scalar,LoRa.server[4],rcvCounter: 7,,,256057
LoRaSim-MinimalTopology-0-20240420-23:33:17-7668,scalar,LoRa.server[4],noOfCollidedPackets: 7,,,2956
LoRaSim-MinimalTopology-0-20240420-23:33:17-7668,scalar,LoRa.server[4],noOfSuccessPackets: 7,,,253101
LoRaSim-MinimalTopology-0-20240420-23:33:17-7668,scalar,LoRa.server[4],noOfHostsInSFTier: 7,,,739
LoRaSim-MinimalTopology-0-20240420-23:33:17-7668,scalar,LoRa.server[4],SF: 8,,,0
LoRaSim-MinimalTopology-0-20240420-23:33:17-7668,scalar,LoRa.server[4],rcvCounter: 8,,,0
LoRaSim-MinimalTopology-0-20240420-23:33:17-7668,scalar,LoRa.server[4],noOfCollidedPackets: 8,,,0
LoRaSim-MinimalTopology-0-20240420-23:33:17-7668,scalar,LoRa.server[4],noOfSuccessPackets: 8,,,0
LoRaSim-MinimalTopology-0-20240420-23:33:17-7668,scalar,LoRa.server[4],noOfHostsInSFTier: 8,,,331
LoRaSim-MinimalTopology-0-20240420-23:33:17-7668,scalar,LoRa.server[4],SF: 9,,,0
LoRaSim-MinimalTopology-0-20240420-23:33:17-7668,scalar,LoRa.server[4],rcvCounter: 9,,,0
LoRaSim-MinimalTopology-0-20240420-23:33:17-7668,scalar,LoRa.server[4],noOfCollidedPackets: 9,,,0
LoRaSim-MinimalTopology-0-20240420-23:33:17-7668,scalar,LoRa.server[4],noOfSuccessPackets: 9,,,0
LoRaSim-MinimalTopology-0-20240420-23:33:17-7668,scalar,LoRa.server[4],noOfHostsInSFTier: 9,,,539
LoRaSim-MinimalTopology-0-20240420-23:33:17-7668,scalar,LoRa.server[4],SF: 10,,,0
LoRaSim-MinimalTopology-0-20240420-23:33:17-7668,scalar,LoRa.server[4],rcvCounter: 10,,,0
LoRaSim-MinimalTopology-0-20240420-23:33:17-7668,scalar,LoRa.server[4],noOfCollidedPackets: 10,,,0
LoRaSim-MinimalTopology-0-20240420-23:33:17-7668,scalar,LoRa.server[4],noOfSuccessPackets: 10,,,0
LoRaSim-MinimalTopology-0-20240420-23:33:17-7668,scalar,LoRa.server[4],noOfHostsInSFTier: 10,,,767
LoRaSim-MinimalTopology-0-20240420-23:33:17-7668,scalar,LoRa.server[4],SF: 11,,,0
LoRaSim-MinimalTopology-0-20240420-23:33:17-7668,scalar,LoRa.server[4],rcvCounter: 11,,,0
LoRaSim-MinimalTopology-0-20240420-23:33:17-7668,scalar,LoRa.server[4],noOfCollidedPackets: 11,,,0
LoRaSim-MinimalTopology-0-20240420-23:33:17-7668,scalar,LoRa.server[4],noOfSuccessPackets: 11,,,0
LoRaSim-MinimalTopology-0-20240420-23:33:17-7668,scalar,LoRa.server[4],noOfHostsInSFTier: 11,,,1043
LoRaSim-MinimalTopology-0-20240420-23:33:17-7668,scalar,LoRa.server[4],SF: 12,,,0
LoRaSim-MinimalTopology-0-20240420-23:33:17-7668,scalar,LoRa.server[4],rcvCounter: 12,,,0
LoRaSim-MinimalTopology-0-20240420-23:33:17-7668,scalar,LoRa.server[4],noOfCollidedPackets: 12,,,0
LoRaSim-MinimalTopology-0-20240420-23:33:17-7668,scalar,LoRa.server[4],noOfSuccessPackets: 12,,,0
LoRaSim-MinimalTopology-0-20240420-23:33:17-7668,scalar,LoRa.server[4],noOfHostsInSFTier: 12,,,1577
LoRaSim-MinimalTopology-0-20240420-23:33:17-7668,scalar,LoRa.server[4],totalSuccessRate,,,0.58588194444444
LoRaSim-MinimalTopology-0-20240420-23:33:17-7668,scalar,LoRa.server[4],totalSuccessProb,,,0.98845569541157
LoRaSim-MinimalTopology-0-20240420-23:33:17-7668,scalar,LoRa.server[4],duration,,,432000
LoRaSim-MinimalTopology-0-20240420-23:33:17-7668,scalar,LoRa.server[5],SF: 7,,,0.61179861111111
LoRaSim-MinimalTopology-0-20240420-23:33:17-7668,scalar,LoRa.server[5],rcvCounter: 7,,,267400
LoRaSim-MinimalTopology-0-20240420-23:33:17-7668,scalar,LoRa.server[5],noOfCollidedPackets: 7,,,3103
LoRaSim-MinimalTopology-0-20240420-23:33:17-7668,scalar,LoRa.server[5],noOfSuccessPackets: 7,,,264297
LoRaSim-MinimalTopology-0-20240420-23:33:17-7668,scalar,LoRa.server[5],noOfHostsInSFTier: 7,,,739
LoRaSim-MinimalTopology-0-20240420-23:33:17-7668,scalar,LoRa.server[5],SF: 8,,,0
LoRaSim-MinimalTopology-0-20240420-23:33:17-7668,scalar,LoRa.server[5],rcvCounter: 8,,,0
LoRaSim-MinimalTopology-0-20240420-23:33:17-7668,scalar,LoRa.server[5],noOfCollidedPackets: 8,,,0
LoRaSim-MinimalTopology-0-20240420-23:33:17-7668,scalar,LoRa.server[5],noOfSuccessPackets: 8,,,0
LoRaSim-MinimalTopology-0-20240420-23:33:17-7668,scalar,LoRa.server[5],noOfHostsInSFTier: 8,,,331
LoRaSim-MinimalTopology-0-20240420-23:33:17-7668,scalar,LoRa.server[5],SF: 9,,,0
LoRaSim-MinimalTopology-0-20240420-23:33:17-7668,scalar,LoRa.server[5],rcvCounter: 9,,,0
LoRaSim-MinimalTopology-0-20240420-23:33:17-7668,scalar,LoRa.server[5],noOfCollidedPackets: 9,,,0
LoRaSim-MinimalTopology-0-20240420-23:33:17-7668,scalar,LoRa.server[5],noOfSuccessPackets: 9,,,0
LoRaSim-MinimalTopology-0-20240420-23:33:17-7668,scalar,LoRa.server[5],noOfHostsInSFTier: 9,,,539
LoRaSim-MinimalTopology-0-20240420-23:33:17-7668,scalar,LoRa.server[5],SF: 10,,,0
LoRaSim-MinimalTopology-0-20240420-23:33:17-7668,scalar,LoRa.server[5],rcvCounter: 10,,,0
LoRaSim-MinimalTopology-0-20240420-23:33:17-7668,scalar,LoRa.server[5],noOfCollidedPackets: 10,,,0
LoRaSim-MinimalTopology-0-20240420-23:33:17-7668,scalar,LoRa.server[5],noOfSuccessPackets: 10,,,0
LoRaSim-MinimalTopology-0-20240420-23:33:17-7668,scalar,LoRa.server[5],noOfHostsInSFTier: 10,,,767
LoRaSim-MinimalTopology-0-20240420-23:33:17-7668,scalar,LoRa.server[5],SF: 11,,,0
LoRaSim-MinimalTopology-0-20240420-23:33:17-7668,scalar,LoRa.server[5],rcvCounter: 11,,,0
LoRaSim-MinimalTopology-0-20240420-23:33:17-7668,scalar,LoRa.server[5],noOfCollidedPackets: 11,,,0
LoRaSim-MinimalTopology-0-20240420-23:33:17-7668,scalar,LoRa.server[5],noOfSuccessPackets: 11,,,0
LoRaSim-MinimalTopology-0-20240420-23:33:17-7668,scalar,LoRa.server[5],noOfHostsInSFTier: 11,,,1043
LoRaSim-MinimalTopology-0-20240420-23:33:17-7668,scalar,LoRa.server[5],SF: 12,,,0
LoRaSim-MinimalTopology-0-20240420-23:33:17-7668,scalar,LoRa.server[5],rcvCounter: 12,,,0
LoRaSim-MinimalTopology-0-20240420-23:33:17-7668,scalar,LoRa.server[5],noOfCollidedPackets: 12,,,0
LoRaSim-MinimalTopology-0-20240420-23:33:17-7668,scalar,LoRa.server[5],noOfSuccessPackets: 12,,,0
LoRaSim-MinimalTopology-0-20240420-23:33:17-7668,scalar,LoRa.server[5],noOfHostsInSFTier: 12,,,1577
LoRaSim-MinimalTopology-0-20240420-23:33:17-7668,scalar,LoRa.server[5],totalSuccessRate,,,0.61179861111111
LoRaSim-MinimalTopology-0-20240420-23:33:17-7668,scalar,LoRa.server[5],totalSuccessProb,,,0.98839566192969
LoRaSim-MinimalTopology-0-20240420-23:33:17-7668,scalar,LoRa.server[5],duration,,,432000
LoRaSim-MinimalTopology-0-20240420-23:33:17-7668,scalar,LoRa.server[6],SF: 7,,,0.63055787037037
LoRaSim-MinimalTopology-0-20240420-23:33:17-7668,scalar,LoRa.server[6],rcvCounter: 7,,,275814
LoRaSim-MinimalTopology-0-20240420-23:33:17-7668,scalar,LoRa.server[6],noOfCollidedPackets: 7,,,3413
LoRaSim-MinimalTopology-0-20240420-23:33:17-7668,scalar,LoRa.server[6],noOfSuccessPackets: 7,,,272401
LoRaSim-MinimalTopology-0-20240420-23:33:17-7668,scalar,LoRa.server[6],noOfHostsInSFTier: 7,,,739
LoRaSim-MinimalTopology-0-20240420-23:33:17-7668,scalar,LoRa.server[6],SF: 8,,,0
LoRaSim-MinimalTopology-0-20240420-23:33:17-7668,scalar,LoRa.server[6],rcvCounter: 8,,,0
LoRaSim-MinimalTopology-0-20240420-23:33:17-7668,scalar,LoRa.server[6],noOfCollidedPackets: 8,,,0
LoRaSim-MinimalTopology-0-20240420-23:33:17-7668,scalar,LoRa.server[6],noOfSuccessPackets: 8,,,0
LoRaSim-MinimalTopology-0-20240420-23:33:17-7668,scalar,LoRa.server[6],noOfHostsInSFTier: 8,,,331
LoRaSim-MinimalTopology-0-20240420-23:33:17-7668,scalar,LoRa.server[6],SF: 9,,,0
LoRaSim-MinimalTopology-0-20240420-23:33:17-7668,scalar,LoRa.server[6],rcvCounter: 9,,,0
LoRaSim-MinimalTopology-0-20240420-23:33:17-7668,scalar,LoRa.server[6],noOfCollidedPackets: 9,,,0
LoRaSim-MinimalTopology-0-20240420-23:33:17-7668,scalar,LoRa.server[6],noOfSuccessPackets: 9,,,0
LoRaSim-MinimalTopology-0-20240420-23:33:17-7668,scalar,LoRa.server[6],noOfHostsInSFTier: 9,,,539
LoRaSim-MinimalTopology-0-20240420-23:33:17-7668,scalar,LoRa.server[6],SF: 10,,,0
LoRaSim-MinimalTopology-0-20240420-23:33:17-7668,scalar,LoRa.server[6],rcvCounter: 10,,,0
LoRaSim-MinimalTopology-0-20240420-23:33:17-7668,scalar,LoRa.server[6],noOfCollidedPackets: 10,,,0
LoRaSim-MinimalTopology-0-20240420-23:33:17-7668,scalar,LoRa.server[6],noOfSuccessPackets: 10,,,0
LoRaSim-MinimalTopology-0-20240420-23:33:17-7668,scalar,LoRa.server[6],noOfHostsInSFTier: 10,,,767
LoRaSim-MinimalTopology-0-20240420-23:33:17-7668,scalar,LoRa.server[6],SF: 11,,,0
LoRaSim-MinimalTopology-0-20240420-23:33:17-7668,scalar,LoRa.server[6],rcvCounter: 11,,,0
LoRaSim-MinimalTopology-0-20240420-23:33:17-7668,scalar,LoRa.server[6],noOfCollidedPackets: 11,,,0
LoRaSim-MinimalTopology-0-20240420-23:33:17-7668,scalar,LoRa.server[6],noOfSuccessPackets: 11,,,0
LoRaSim-MinimalTopology-0-20240420-23:33:17-7668,scalar,LoRa.server[6],noOfHostsInSFTier: 11,,,1043
LoRaSim-MinimalTopology-0-20240420-23:33:17-7668,scalar,LoRa.server[6],SF: 12,,,0
LoRaSim-MinimalTopology-0-20240420-23:33:17-7668,scalar,LoRa.server[6],rcvCounter: 12,,,0
LoRaSim-MinimalTopology-0-20240420-23:33:17-7668,scalar,LoRa.server[6],noOfCollidedPackets: 12,,,0
LoRaSim-MinimalTopology-0-20240420-23:33:17-7668,scalar,LoRa.server[6],noOfSuccessPackets: 12,,,0
LoRaSim-MinimalTopology-0-20240420-23:33:17-7668,scalar,LoRa.server[6],noOfHostsInSFTier: 12,,,1577
LoRaSim-MinimalTopology-0-20240420-23:33:17-7668,scalar,LoRa.server[6],totalSuccessRate,,,0.63055787037037
LoRaSim-MinimalTopology-0-20240420-23:33:17-7668,scalar,LoRa.server[6],totalSuccessProb,,,0.9876257187815
LoRaSim-MinimalTopology-0-20240420-23:33:17-7668,scalar,LoRa.server[6],duration,,,432000
LoRaSim-MinimalTopology-0-20240420-23:33:17-7668,scalar,LoRa.server[7],SF: 7,,,0.58241898148148
LoRaSim-MinimalTopology-0-20240420-23:33:17-7668,scalar,LoRa.server[7],rcvCounter: 7,,,254484
LoRaSim-MinimalTopology-0-20240420-23:33:17-7668,scalar,LoRa.server[7],noOfCollidedPackets: 7,,,2879
LoRaSim-MinimalTopology-0-20240420-23:33:17-7668,scalar,LoRa.server[7],noOfSuccessPackets: 7,,,251605
LoRaSim-MinimalTopology-0-20240420-23:33:17-7668,scalar,LoRa.server[7],noOfHostsInSFTier: 7,,,739
LoRaSim-MinimalTopology-0-20240420-23:33:17-7668,scalar,LoRa.server[7],SF: 8,,,0
LoRaSim-MinimalTopology-0-20240420-23:33:17-7668,scalar,LoRa.server[7],rcvCounter: 8,,,0
LoRaSim-MinimalTopology-0-20240420-23:33:17-7668,scalar,LoRa.server[7],noOfCollidedPackets: 8,,,0
LoRaSim-MinimalTopology-0-20240420-23:33:17-7668,scalar,LoRa.server[7],noOfSuccessPackets: 8,,,0
LoRaSim-MinimalTopology-0-20240420-23:33:17-7668,scalar,LoRa.server[7],noOfHostsInSFTier: 8,,,331
LoRaSim-MinimalTopology-0-20240420-23:33:17-7668,scalar,LoRa.server[7],SF: 9,,,0
LoRaSim-MinimalTopology-0-20240420-23:33:17-7668,scalar,LoRa.server[7],rcvCounter: 9,,,0
LoRaSim-MinimalTopology-0-20240420-23:33:17-7668,scalar,LoRa.server[7],noOfCollidedPackets: 9,,,0
LoRaSim-MinimalTopology-0-20240420-23:33:17-7668,scalar,LoRa.server[7],noOfSuccessPackets: 9,,,0
LoRaSim-MinimalTopology-0-20240420-23:33:17-7668,scalar,LoRa.server[7],noOfHostsInSFTier: 9,,,539
LoRaSim-MinimalTopology-0-20240420-23:33:17-7668,scalar,LoRa.server[7],SF: 10,,,0
LoRaSim-MinimalTopology-0-20240420-23:33:17-7668,scalar,LoRa.server[7],rcvCounter: 10,,,0
LoRaSim-MinimalTopology-0-20240420-23:33:17-7668,scalar,LoRa.server[7],noOfCollidedPackets: 10,,,0
LoRaSim-MinimalTopology-0-20240420-23:33:17-7668,scalar,LoRa.server[7],noOfSuccessPackets: 10,,,0
LoRaSim-MinimalTopology-0-20240420-23:33:17-7668,scalar,LoRa.server[7],noOfHostsInSFTier: 10,,,767
LoRaSim-MinimalTopology-0-20240420-23:33:17-7668,scalar,LoRa.server[7],SF: 11,,,0
LoRaSim-MinimalTopology-0-20240420-23:33:17-7668,scalar,LoRa.server[7],rcvCounter: 11,,,0
LoRaSim-MinimalTopology-0-20240420-23:33:17-7668,scalar,LoRa.server[7],noOfCollidedPackets: 11,,,0
LoRaSim-MinimalTopology-0-20240420-23:33:17-7668,scalar,LoRa.server[7],noOfSuccessPackets: 11,,,0
LoRaSim-MinimalTopology-0-20240420-23:33:17-7668,scalar,LoRa.server[7],noOfHostsInSFTier: 11,,,1043
LoRaSim-MinimalTopology-0-20240420-23:33:17-7668,scalar,LoRa.server[7],SF: 12,,,0
LoRaSim-MinimalTopology-0-20240420-23:33:17-7668,scalar,LoRa.server[7],rcvCounter: 12,,,0
LoRaSim-MinimalTopology-0-20240420-23:33:17-7668,scalar,LoRa.server[7],noOfCollidedPackets: 12,,,0
LoRaSim-MinimalTopology-0-20240420-23:33:17-7668,scalar,LoRa.server[7],noOfSuccessPackets: 12,,,0
LoRaSim-MinimalTopology-0-20240420-23:33:17-7668,scalar,LoRa.server[7],noOfHostsInSFTier: 12,,,1577
LoRaSim-MinimalTopology-0-20240420-23:33:17-7668,scalar,LoRa.server[7],totalSuccessRate,,,0.58241898148148
LoRaSim-MinimalTopology-0-20240420-23:33:17-7668,scalar,LoRa.server[7],totalSuccessProb,,,0.98868691155436
LoRaSim-MinimalTopology-0-20240420-23:33:17-7668,scalar,LoRa.server[7],duration,,,432000
LoRaSim-MinimalTopology-0-20240420-23:33:17-7668,scalar,LoRa.server[8],SF: 7,,,0.60205787037037
LoRaSim-MinimalTopology-0-20240420-23:33:17-7668,scalar,LoRa.server[8],rcvCounter: 7,,,263212
LoRaSim-MinimalTopology-0-20240420-23:33:17-7668,scalar,LoRa.server[8],noOfCollidedPackets: 7,,,3123
LoRaSim-MinimalTopology-0-20240420-23:33:17-7668,scalar,LoRa.server[8],noOfSuccessPackets: 7,,,260089
LoRaSim-MinimalTopology-0-20240420-23:33:17-7668,scalar,LoRa.server[8],noOfHostsInSFTier: 7,,,739
LoRaSim-MinimalTopology-0-20240420-23:33:17-7668,scalar,LoRa.server[8],SF: 8,,,0
LoRaSim-MinimalTopology-0-20240420-23:33:17-7668,scalar,LoRa.server[8],rcvCounter: 8,,,0
LoRaSim-MinimalTopology-0-20240420-23:33:17-7668,scalar,LoRa.server[8],noOfCollidedPackets: 8,,,0
LoRaSim-MinimalTopology-0-20240420-23:33:17-7668,scalar,LoRa.server[8],noOfSuccessPackets: 8,,,0
LoRaSim-MinimalTopology-0-20240420-23:33:17-7668,scalar,LoRa.server[8],noOfHostsInSFTier: 8,,,331
LoRaSim-MinimalTopology-0-20240420-23:33:17-7668,scalar,LoRa.server[8],SF: 9,,,0
LoRaSim-MinimalTopology-0-20240420-23:33:17-7668,scalar,LoRa.server[8],rcvCounter: 9,,,0
LoRaSim-MinimalTopology-0-20240420-23:33:17-7668,scalar,LoRa.server[8],noOfCollidedPackets: 9,,,0
LoRaSim-MinimalTopology-0-20240420-23:33:17-7668,scalar,LoRa.server[8],noOfSuccessPackets: 9,,,0
LoRaSim-MinimalTopology-0-20240420-23:33:17-7668,scalar,LoRa.server[8],noOfHostsInSFTier: 9,,,539
LoRaSim-MinimalTopology-0-20240420-23:33:17-7668,scalar,LoRa.server[8],SF: 10,,,0
LoRaSim-MinimalTopology-0-20240420-23:33:17-7668,scalar,LoRa.server[8],rcvCounter: 10,,,0
LoRaSim-MinimalTopology-0-20240420-23:33:17-7668,scalar,LoRa.server[8],noOfCollidedPackets: 10,,,0
LoRaSim-MinimalTopology-0-20240420-23:33:17-7668,scalar,LoRa.server[8],noOfSuccessPackets: 10,,,0
LoRaSim-MinimalTopology-0-20240420-23:33:17-7668,scalar,LoRa.server[8],noOfHostsInSFTier: 10,,,767
LoRaSim-MinimalTopology-0-20240420-23:33:17-7668,scalar,LoRa.server[8],SF: 11,,,0
LoRaSim-MinimalTopology-0-20240420-23:33:17-7668,scalar,LoRa.server[8],rcvCounter: 11,,,0
LoRaSim-MinimalTopology-0-20240420-23:33:17-7668,scalar,LoRa.server[8],noOfCollidedPackets: 11,,,0
LoRaSim-MinimalTopology-0-20240420-23:33:17-7668,scalar,LoRa.server[8],noOfSuccessPackets: 11,,,0
LoRaSim-MinimalTopology-0-20240420-23:33:17-7668,scalar,LoRa.server[8],noOfHostsInSFTier: 11,,,1043
LoRaSim-MinimalTopology-0-20240420-23:33:17-7668,scalar,LoRa.server[8],SF: 12,,,0
LoRaSim-MinimalTopology-0-20240420-23:33:17-7668,scalar,LoRa.server[8],rcvCounter: 12,,,0
LoRaSim-MinimalTopology-0-20240420-23:33:17-7668,scalar,LoRa.server[8],noOfCollidedPackets: 12,,,0
LoRaSim-MinimalTopology-0-20240420-23:33:17-7668,scalar,LoRa.server[8],noOfSuccessPackets: 12,,,0
LoRaSim-MinimalTopology-0-20240420-23:33:17-7668,scalar,LoRa.server[8],noOfHostsInSFTier: 12,,,1577
LoRaSim-MinimalTopology-0-20240420-23:33:17-7668,scalar,LoRa.server[8],totalSuccessRate,,,0.60205787037037
LoRaSim-MinimalTopology-0-20240420-23:33:17-7668,scalar,LoRa.server[8],totalSuccessProb,,,0.98813503943589
LoRaSim-MinimalTopology-0-20240420-23:33:17-7668,scalar,LoRa.server[8],duration,,,432000
LoRaSim-MinimalTopology-0-20240420-23:33:17-7668,scalar,LoRa.server[9],SF: 7,,,0.60090509259259
LoRaSim-MinimalTopology-0-20240420-23:33:17-7668,scalar,LoRa.server[9],rcvCounter: 7,,,262624
LoRaSim-MinimalTopology-0-20240420-23:33:17-7668,scalar,LoRa.server[9],noOfCollidedPackets: 7,,,3033
LoRaSim-MinimalTopology-0-20240420-23:33:17-7668,scalar,LoRa.server[9],noOfSuccessPackets: 7,,,259591
LoRaSim-MinimalTopology-0-20240420-23:33:17-7668,scalar,LoRa.server[9],noOfHostsInSFTier: 7,,,739
LoRaSim-MinimalTopology-0-20240420-23:33:17-7668,scalar,LoRa.server[9],SF: 8,,,0
LoRaSim-MinimalTopology-0-20240420-23:33:17-7668,scalar,LoRa.server[9],rcvCounter: 8,,,0
LoRaSim-MinimalTopology-0-20240420-23:33:17-7668,scalar,LoRa.server[9],noOfCollidedPackets: 8,,,0
LoRaSim-MinimalTopology-0-20240420-23:33:17-7668,scalar,LoRa.server[9],noOfSuccessPackets: 8,,,0
LoRaSim-MinimalTopology-0-20240420-23:33:17-7668,scalar,LoRa.server[9],noOfHostsInSFTier: 8,,,331
LoRaSim-MinimalTopology-0-20240420-23:33:17-7668,scalar,LoRa.server[9],SF: 9,,,0
LoRaSim-MinimalTopology-0-20240420-23:33:17-7668,scalar,LoRa.server[9],rcvCounter: 9,,,0
LoRaSim-MinimalTopology-0-20240420-23:33:17-7668,scalar,LoRa.server[9],noOfCollidedPackets: 9,,,0
LoRaSim-MinimalTopology-0-20240420-23:33:17-7668,scalar,LoRa.server[9],noOfSuccessPackets: 9,,,0
LoRaSim-MinimalTopology-0-20240420-23:33:17-7668,scalar,LoRa.server[9],noOfHostsInSFTier: 9,,,539
LoRaSim-MinimalTopology-0-20240420-23:33:17-7668,scalar,LoRa.server[9],SF: 10,,,0
LoRaSim-MinimalTopology-0-20240420-23:33:17-7668,scalar,LoRa.server[9],rcvCounter: 10,,,0
LoRaSim-MinimalTopology-0-20240420-23:33:17-7668,scalar,LoRa.server[9],noOfCollidedPackets: 10,,,0
LoRaSim-MinimalTopology-0-20240420-23:33:17-7668,scalar,LoRa.server[9],noOfSuccessPackets: 10,,,0
LoRaSim-MinimalTopology-0-20240420-23:33:17-7668,scalar,LoRa.server[9],noOfHostsInSFTier: 10,,,767
LoRaSim-MinimalTopology-0-20240420-23:33:17-7668,scalar,LoRa.server[9],SF: 11,,,0
LoRaSim-MinimalTopology-0-20240420-23:33:17-7668,scalar,LoRa.server[9],rcvCounter: 11,,,0
LoRaSim-MinimalTopology-0-20240420-23:33:17-7668,scalar,LoRa.server[9],noOfCollidedPackets: 11,,,0
LoRaSim-MinimalTopology-0-20240420-23:33:17-7668,scalar,LoRa.server[9],noOfSuccessPackets: 11,,,0
LoRaSim-MinimalTopology-0-20240420-23:33:17-7668,scalar,LoRa.server[9],noOfHostsInSFTier: 11,,,1043
LoRaSim-MinimalTopology-0-20240420-23:33:17-7668,scalar,LoRa.server[9],SF: 12,,,0
LoRaSim-MinimalTopology-0-20240420-23:33:17-7668,scalar,LoRa.server[9],rcvCounter: 12,,,0
LoRaSim-MinimalTopology-0-20240420-23:33:17-7668,scalar,LoRa.server[9],noOfCollidedPackets: 12,,,0
LoRaSim-MinimalTopology-0-20240420-23:33:17-7668,scalar,LoRa.server[9],noOfSuccessPackets: 12,,,0
LoRaSim-MinimalTopology-0-20240420-23:33:17-7668,scalar,LoRa.server[9],noOfHostsInSFTier: 12,,,1577
LoRaSim-MinimalTopology-0-20240420-23:33:17-7668,scalar,LoRa.server[9],totalSuccessRate,,,0.60090509259259
LoRaSim-MinimalTopology-0-20240420-23:33:17-7668,scalar,LoRa.server[9],totalSuccessProb,,,0.98845116973315
LoRaSim-MinimalTopology-0-20240420-23:33:17-7668,scalar,LoRa.server[9],duration,,,432000
LoRaSim-MinimalTopology-0-20240420-23:33:17-7668,scalar,LoRa.server[10],SF: 7,,,2.0398611111111
LoRaSim-MinimalTopology-0-20240420-23:33:17-7668,scalar,LoRa.server[10],rcvCounter: 7,,,918561
LoRaSim-MinimalTopology-0-20240420-23:33:17-7668,scalar,LoRa.server[10],noOfCollidedPackets: 7,,,37341
LoRaSim-MinimalTopology-0-20240420-23:33:17-7668,scalar,LoRa.server[10],noOfSuccessPackets: 7,,,881220
LoRaSim-MinimalTopology-0-20240420-23:33:17-7668,scalar,LoRa.server[10],noOfHostsInSFTier: 7,,,739
LoRaSim-MinimalTopology-0-20240420-23:33:17-7668,scalar,LoRa.server[10],SF: 8,,,0
LoRaSim-MinimalTopology-0-20240420-23:33:17-7668,scalar,LoRa.server[10],rcvCounter: 8,,,0
LoRaSim-MinimalTopology-0-20240420-23:33:17-7668,scalar,LoRa.server[10],noOfCollidedPackets: 8,,,0
LoRaSim-MinimalTopology-0-20240420-23:33:17-7668,scalar,LoRa.server[10],noOfSuccessPackets: 8,,,0
LoRaSim-MinimalTopology-0-20240420-23:33:17-7668,scalar,LoRa.server[10],noOfHostsInSFTier: 8,,,331
LoRaSim-MinimalTopology-0-20240420-23:33:17-7668,scalar,LoRa.server[10],SF: 9,,,0
LoRaSim-MinimalTopology-0-20240420-23:33:17-7668,scalar,LoRa.server[10],rcvCounter: 9,,,0
LoRaSim-MinimalTopology-0-20240420-23:33:17-7668,scalar,LoRa.server[10],noOfCollidedPackets: 9,,,0
LoRaSim-MinimalTopology-0-20240420-23:33:17-7668,scalar,LoRa.server[10],noOfSuccessPackets: 9,,,0
LoRaSim-MinimalTopology-0-20240420-23:33:17-7668,scalar,LoRa.server[10],noOfHostsInSFTier: 9,,,539
LoRaSim-MinimalTopology-0-20240420-23:33:17-7668,scalar,LoRa.server[10],SF: 10,,,0
LoRaSim-MinimalTopology-0-20240420-23:33:17-7668,scalar,LoRa.server[10],rcvCounter: 10,,,0
LoRaSim-MinimalTopology-0-20240420-23:33:17-7668,scalar,LoRa.server[10],noOfCollidedPackets: 10,,,0
LoRaSim-MinimalTopology-0-20240420-23:33:17-7668,scalar,LoRa.server[10],noOfSuccessPackets: 10,,,0
LoRaSim-MinimalTopology-0-20240420-23:33:17-7668,scalar,LoRa.server[10],noOfHostsInSFTier: 10,,,767
LoRaSim-MinimalTopology-0-20240420-23:33:17-7668,scalar,LoRa.server[10],SF: 11,,,0
LoRaSim-MinimalTopology-0-20240420-23:33:17-7668,scalar,LoRa.server[10],rcvCounter: 11,,,0
LoRaSim-MinimalTopology-0-20240420-23:33:17-7668,scalar,LoRa.server[10],noOfCollidedPackets: 11,,,0
LoRaSim-MinimalTopology-0-20240420-23:33:17-7668,scalar,LoRa.server[10],noOfSuccessPackets: 11,,,0
LoRaSim-MinimalTopology-0-20240420-23:33:17-7668,scalar,LoRa.server[10],noOfHostsInSFTier: 11,,,1043
LoRaSim-MinimalTopology-0-20240420-23:33:17-7668,scalar,LoRa.server[10],SF: 12,,,0
LoRaSim-MinimalTopology-0-20240420-23:33:17-7668,scalar,LoRa.server[10],rcvCounter: 12,,,0
LoRaSim-MinimalTopology-0-20240420-23:33:17-7668,scalar,LoRa.server[10],noOfCollidedPackets: 12,,,0
LoRaSim-MinimalTopology-0-20240420-23:33:17-7668,scalar,LoRa.server[10],noOfSuccessPackets: 12,,,0
LoRaSim-MinimalTopology-0-20240420-23:33:17-7668,scalar,LoRa.server[10],noOfHostsInSFTier: 12,,,1577
LoRaSim-MinimalTopology-0-20240420-23:33:17-7668,scalar,LoRa.server[10],totalSuccessRate,,,2.0398611111111
LoRaSim-MinimalTopology-0-20240420-23:33:17-7668,scalar,LoRa.server[10],totalSuccessProb,,,0.95934837207328
LoRaSim-MinimalTopology-0-20240420-23:33:17-7668,scalar,LoRa.server[10],duration,,,432000
LoRaSim-MinimalTopology-0-20240420-23:33:17-7668,scalar,LoRa.host[0],numOfHostsPerSF_Server0_SF7,,,298
LoRaSim-MinimalTopology-0-20240420-23:33:17-7668,scalar,LoRa.host[0],numOfHostsPerSF_Server0_SF8,,,59
LoRaSim-MinimalTopology-0-20240420-23:33:17-7668,scalar,LoRa.host[0],numOfHostsPerSF_Server0_SF9,,,32
LoRaSim-MinimalTopology-0-20240420-23:33:17-7668,scalar,LoRa.host[0],numOfHostsPerSF_Server0_SF10,,,0
LoRaSim-MinimalTopology-0-20240420-23:33:17-7668,scalar,LoRa.host[0],numOfHostsPerSF_Server0_SF11,,,0
LoRaSim-MinimalTopology-0-20240420-23:33:17-7668,scalar,LoRa.host[0],numOfHostsPerSF_Server0_SF12,,,0
LoRaSim-MinimalTopology-0-20240420-23:33:17-7668,scalar,LoRa.host[0],numOfHostsPerSF_Server1_SF7,,,282
LoRaSim-MinimalTopology-0-20240420-23:33:17-7668,scalar,LoRa.host[0],numOfHostsPerSF_Server1_SF8,,,50
LoRaSim-MinimalTopology-0-20240420-23:33:17-7668,scalar,LoRa.host[0],numOfHostsPerSF_Server1_SF9,,,32
LoRaSim-MinimalTopology-0-20240420-23:33:17-7668,scalar,LoRa.host[0],numOfHostsPerSF_Server1_SF10,,,0
LoRaSim-MinimalTopology-0-20240420-23:33:17-7668,scalar,LoRa.host[0],numOfHostsPerSF_Server1_SF11,,,0
LoRaSim-MinimalTopology-0-20240420-23:33:17-7668,scalar,LoRa.host[0],numOfHostsPerSF_Server1_SF12,,,0
LoRaSim-MinimalTopology-0-20240420-23:33:17-7668,scalar,LoRa.host[0],numOfHostsPerSF_Server2_SF7,,,279
LoRaSim-MinimalTopology-0-20240420-23:33:17-7668,scalar,LoRa.host[0],numOfHostsPerSF_Server2_SF8,,,61
LoRaSim-MinimalTopology-0-20240420-23:33:17-7668,scalar,LoRa.host[0],numOfHostsPerSF_Server2_SF9,,,27
LoRaSim-MinimalTopology-0-20240420-23:33:17-7668,scalar,LoRa.host[0],numOfHostsPerSF_Server2_SF10,,,0
LoRaSim-MinimalTopology-0-20240420-23:33:17-7668,scalar,LoRa.host[0],numOfHostsPerSF_Server2_SF11,,,0
LoRaSim-MinimalTopology-0-20240420-23:33:17-7668,scalar,LoRa.host[0],numOfHostsPerSF_Server2_SF12,,,0
LoRaSim-MinimalTopology-0-20240420-23:33:17-7668,scalar,LoRa.host[0],numOfHostsPerSF_Server3_SF7,,,286
LoRaSim-MinimalTopology-0-20240420-23:33:17-7668,scalar,LoRa.host[0],numOfHostsPerSF_Server3_SF8,,,70
LoRaSim-MinimalTopology-0-20240420-23:33:17-7668,scalar,LoRa.host[0],numOfHostsPerSF_Server3_SF9,,,36
LoRaSim-MinimalTopology-0-20240420-23:33:17-7668,scalar,LoRa.host[0],numOfHostsPerSF_Server3_SF10,,,0
LoRaSim-MinimalTopology-0-20240420-23:33:17-7668,scalar,LoRa.host[0],numOfHostsPerSF_Server3_SF11,,,0
LoRaSim-MinimalTopology-0-20240420-23:33:17-7668,scalar,LoRa.host[0],numOfHostsPerSF_Server3_SF12,,,0
LoRaSim-MinimalTopology-0-20240420-23:33:17-7668,scalar,LoRa.host[0],numOfHostsPerSF_Server4_SF7,,,277
LoRaSim-MinimalTopology-0-20240420-23:33:17-7668,scalar,LoRa.host[0],numOfHostsPerSF_Server4_SF8,,,58
LoRaSim-MinimalTopology-0-20240420-23:33:17-7668,scalar,LoRa.host[0],numOfHostsPerSF_Server4_SF9,,,22
LoRaSim-MinimalTopology-0-20240420-23:33:17-7668,scalar,LoRa.host[0],numOfHostsPerSF_Server4_SF10,,,0
LoRaSim-MinimalTopology-0-20240420-23:33:17-7668,scalar,LoRa.host[0],numOfHostsPerSF_Server4_SF11,,,0
LoRaSim-MinimalTopology-0-20240420-23:33:17-7668,scalar,LoRa.host[0],numOfHostsPerSF_Server4_SF12,,,0
LoRaSim-MinimalTopology-0-20240420-23:33:17-7668,scalar,LoRa.host[0],numOfHostsPerSF_Server5_SF7,,,284
LoRaSim-MinimalTopology-0-20240420-23:33:17-7668,scalar,LoRa.host[0],numOfHostsPerSF_Server5_SF8,,,57
LoRaSim-MinimalTopology-0-20240420-23:33:17-7668,scalar,LoRa.host[0],numOfHostsPerSF_Server5_SF9,,,32
LoRaSim-MinimalTopology-0-20240420-23:33:17-7668,scalar,LoRa.host[0],numOfHostsPerSF_Server5_SF10,,,0
LoRaSim-MinimalTopology-0-20240420-23:33:17-7668,scalar,LoRa.host[0],numOfHostsPerSF_Server5_SF11,,,0
LoRaSim-MinimalTopology-0-20240420-23:33:17-7668,scalar,LoRa.host[0],numOfHostsPerSF_Server5_SF12,,,0
LoRaSim-MinimalTopology-0-20240420-23:33:17-7668,scalar,LoRa.host[0],numOfHostsPerSF_Server6_SF7,,,296
LoRaSim-MinimalTopology-0-20240420-23:33:17-7668,scalar,LoRa.host[0],numOfHostsPerSF_Server6_SF8,,,64
LoRaSim-MinimalTopology-0-20240420-23:33:17-7668,scalar,LoRa.host[0],numOfHostsPerSF_Server6_SF9,,,25
LoRaSim-MinimalTopology-0-20240420-23:33:17-7668,scalar,LoRa.host[0],numOfHostsPerSF_Server6_SF10,,,0
LoRaSim-MinimalTopology-0-20240420-23:33:17-7668,scalar,LoRa.host[0],numOfHostsPerSF_Server6_SF11,,,0
LoRaSim-MinimalTopology-0-20240420-23:33:17-7668,scalar,LoRa.host[0],numOfHostsPerSF_Server6_SF12,,,0
LoRaSim-MinimalTopology-0-20240420-23:33:17-7668,scalar,LoRa.host[0],numOfHostsPerSF_Server7_SF7,,,279
LoRaSim-MinimalTopology-0-20240420-23:33:17-7668,scalar,LoRa.host[0],numOfHostsPerSF_Server7_SF8,,,48
LoRaSim-MinimalTopology-0-20240420-23:33:17-7668,scalar,LoRa.host[0],numOfHostsPerSF_Server7_SF9,,,28
LoRaSim-MinimalTopology-0-20240420-23:33:17-7668,scalar,LoRa.host[0],numOfHostsPerSF_Server7_SF10,,,0
LoRaSim-MinimalTopology-0-20240420-23:33:17-7668,scalar,LoRa.host[0],numOfHostsPerSF_Server7_SF11,,,0
LoRaSim-MinimalTopology-0-20240420-23:33:17-7668,scalar,LoRa.host[0],numOfHostsPerSF_Server7_SF12,,,0
LoRaSim-MinimalTopology-0-20240420-23:33:17-7668,scalar,LoRa.host[0],numOfHostsPerSF_Server8_SF7,,,275
LoRaSim-MinimalTopology-0-20240420-23:33:17-7668,scalar,LoRa.host[0],numOfHostsPerSF_Server8_SF8,,,60
LoRaSim-MinimalTopology-0-20240420-23:33:17-7668,scalar,LoRa.host[0],numOfHostsPerSF_Server8_SF9,,,31
LoRaSim-MinimalTopology-0-20240420-23:33:17-7668,scalar,LoRa.host[0],numOfHostsPerSF_Server8_SF10,,,0
LoRaSim-MinimalTopology-0-20240420-23:33:17-7668,scalar,LoRa.host[0],numOfHostsPerSF_Server8_SF11,,,0
LoRaSim-MinimalTopology-0-20240420-23:33:17-7668,scalar,LoRa.host[0],numOfHostsPerSF_Server8_SF12,,,0
LoRaSim-MinimalTopology-0-20240420-23:33:17-7668,scalar,LoRa.host[0],numOfHostsPerSF_Server9_SF7,,,284
LoRaSim-MinimalTopology-0-20240420-23:33:17-7668,scalar,LoRa.host[0],numOfHostsPerSF_Server9_SF8,,,55
LoRaSim-MinimalTopology-0-20240420-23:33:17-7668,scalar,LoRa.host[0],numOfHostsPerSF_Server9_SF9,,,29
LoRaSim-MinimalTopology-0-20240420-23:33:17-7668,scalar,LoRa.host[0],numOfHostsPerSF_Server9_SF10,,,0
LoRaSim-MinimalTopology-0-20240420-23:33:17-7668,scalar,LoRa.host[0],numOfHostsPerSF_Server9_SF11,,,0
LoRaSim-MinimalTopology-0-20240420-23:33:17-7668,scalar,LoRa.host[0],numOfHostsPerSF_Server9_SF12,,,0
LoRaSim-MinimalTopology-0-20240420-23:33:17-7668,scalar,LoRa.host[0],numOfHostsPerSF_Server10_SF7,,,739
LoRaSim-MinimalTopology-0-20240420-23:33:17-7668,scalar,LoRa.host[0],numOfHostsPerSF_Server10_SF8,,,331
LoRaSim-MinimalTopology-0-20240420-23:33:17-7668,scalar,LoRa.host[0],numOfHostsPerSF_Server10_SF9,,,214
LoRaSim-MinimalTopology-0-20240420-23:33:17-7668,scalar,LoRa.host[0],numOfHostsPerSF_Server10_SF10,,,0
LoRaSim-MinimalTopology-0-20240420-23:33:17-7668,scalar,LoRa.host[0],numOfHostsPerSF_Server10_SF11,,,0
LoRaSim-MinimalTopology-0-20240420-23:33:17-7668,scalar,LoRa.host[0],numOfHostsPerSF_Server10_SF12,,,0
LoRaSim-MinimalTopology-0-20240420-23:33:17-7668,scalar,_runattrs_,M,,,11
LoRaSim-MinimalTopology-0-20240420-23:33:17-7668,scalar,_runattrs_,N,,,5000
