run,type,module,name,attrname,attrvalue,value
LoRaSim-MinimalTopology-0-20240420-23:23:49-14020,runattr,,,configname,LoRaSim-MinimalTopology,
LoRaSim-MinimalTopology-0-20240420-23:23:49-14020,runattr,,,datetime,20240420-23:23:49,
LoRaSim-MinimalTopology-0-20240420-23:23:49-14020,runattr,,,experiment,LoRaSim-MinimalTopology,
LoRaSim-MinimalTopology-0-20240420-23:23:49-14020,runattr,,,inifile,omnetpp.ini,
LoRaSim-MinimalTopology-0-20240420-23:23:49-14020,runattr,,,iterationvars,"$N=1000, $M=11",
LoRaSim-MinimalTopology-0-20240420-23:23:49-14020,runattr,,,iterationvarsf,"N=1000,M=11-",
LoRaSim-MinimalTopology-0-20240420-23:23:49-14020,runattr,,,measurement,"$N=1000, $M=11",
LoRaSim-MinimalTopology-0-20240420-23:23:49-14020,runattr,,,network,LoRa,
LoRaSim-MinimalTopology-0-20240420-23:23:49-14020,runattr,,,processid,14020,
LoRaSim-MinimalTopology-0-20240420-23:23:49-14020,runattr,,,repetition,0,
LoRaSim-MinimalTopology-0-20240420-23:23:49-14020,runattr,,,replication,#0,
LoRaSim-MinimalTopology-0-20240420-23:23:49-14020,runattr,,,resultdir,results,
LoRaSim-MinimalTopology-0-20240420-23:23:49-14020,runattr,,,runnumber,0,
LoRaSim-MinimalTopology-0-20240420-23:23:49-14020,runattr,,,seedset,0,
LoRaSim-MinimalTopology-0-20240420-23:23:49-14020,itervar,,,M,11,
LoRaSim-MinimalTopology-0-20240420-23:23:49-14020,itervar,,,N,1000,
LoRaSim-MinimalTopology-0-20240420-23:23:49-14020,param,,,LoRa.host[*].isBufferingEvents,false,
LoRaSim-MinimalTopology-0-20240420-23:23:49-14020,param,,,LoRa.host[*].addFrameHeader,false,
LoRaSim-MinimalTopology-0-20240420-23:23:49-14020,param,,,LoRa.host[*].nbOfChannels,3,
LoRaSim-MinimalTopology-0-20240420-23:23:49-14020,param,,,LoRa.numHosts,1000,
LoRaSim-MinimalTopology-0-20240420-23:23:49-14020,param,,,LoRa.host[*].iaTime,exponential(600s),
LoRaSim-MinimalTopology-0-20240420-23:23:49-14020,param,,,LoRa.host[*].pkLenBits,160b,
LoRaSim-MinimalTopology-0-20240420-23:23:49-14020,param,,,LoRa.netR,6333.83 m,
LoRaSim-MinimalTopology-0-20240420-23:23:49-14020,param,,,LoRa.server[*].pathlossExp,3,
LoRaSim-MinimalTopology-0-20240420-23:23:49-14020,param,,,LoRa.server[*].BW,125,
LoRaSim-MinimalTopology-0-20240420-23:23:49-14020,param,,,LoRa.numServers,11,
LoRaSim-MinimalTopology-0-20240420-23:23:49-14020,param,,,LoRa.server[0].x,6333.83m,
LoRaSim-MinimalTopology-0-20240420-23:23:49-14020,param,,,LoRa.server[0].y,0,
LoRaSim-MinimalTopology-0-20240420-23:23:49-14020,param,,,LoRa.server[1].x,5124.66m,
LoRaSim-MinimalTopology-0-20240420-23:23:49-14020,param,,,LoRa.server[1].y,3720.35m,
LoRaSim-MinimalTopology-0-20240420-23:23:49-14020,param,,,LoRa.server[2].x,1955.48m,
LoRaSim-MinimalTopology-0-20240420-23:23:49-14020,param,,,LoRa.server[2].y,6022.43m,
LoRaSim-MinimalTopology-0-20240420-23:23:49-14020,param,,,LoRa.server[3].x,-1955.48m,
LoRaSim-MinimalTopology-0-20240420-23:23:49-14020,param,,,LoRa.server[3].y,6022.43m,
LoRaSim-MinimalTopology-0-20240420-23:23:49-14020,param,,,LoRa.server[4].x,-5124.66m,
LoRaSim-MinimalTopology-0-20240420-23:23:49-14020,param,,,LoRa.server[4].y,3722.39m,
LoRaSim-MinimalTopology-0-20240420-23:23:49-14020,param,,,LoRa.server[5].x,-6333.83m,
LoRaSim-MinimalTopology-0-20240420-23:23:49-14020,param,,,LoRa.server[5].y,0m,
LoRaSim-MinimalTopology-0-20240420-23:23:49-14020,param,,,LoRa.server[6].x,-5124.66m,
LoRaSim-MinimalTopology-0-20240420-23:23:49-14020,param,,,LoRa.server[6].y,-3722.39m,
LoRaSim-MinimalTopology-0-20240420-23:23:49-14020,param,,,LoRa.server[7].x,-1955.48m,
LoRaSim-MinimalTopology-0-20240420-23:23:49-14020,param,,,LoRa.server[7].y,-6022.43m,
LoRaSim-MinimalTopology-0-20240420-23:23:49-14020,param,,,LoRa.server[8].x,1955.48m,
LoRaSim-MinimalTopology-0-20240420-23:23:49-14020,param,,,LoRa.server[8].y,-6022.43m,
LoRaSim-MinimalTopology-0-20240420-23:23:49-14020,param,,,LoRa.server[9].x,5124.66m,
LoRaSim-MinimalTopology-0-20240420-23:23:49-14020,param,,,LoRa.server[9].y,-3720.35m,
LoRaSim-MinimalTopology-0-20240420-23:23:49-14020,param,,,LoRa.server[10].x,0,
LoRaSim-MinimalTopology-0-20240420-23:23:49-14020,param,,,LoRa.server[10].y,0,
LoRaSim-MinimalTopology-0-20240420-23:23:49-14020,param,,,**.animationHoldTimeOnCollision,0s,
LoRaSim-MinimalTopology-0-20240420-23:23:49-14020,param,,,**.idleAnimationSpeed,1,
LoRaSim-MinimalTopology-0-20240420-23:23:49-14020,param,,,**.transmissionEdgeAnimationSpeed,1e-6,
LoRaSim-MinimalTopology-0-20240420-23:23:49-14020,param,,,**.midTransmissionAnimationSpeed,1e-1,
LoRaSim-MinimalTopology-0-20240420-23:23:49-14020,param,,,LoRa.slotTime,0,
LoRaSim-MinimalTopology-0-20240420-23:23:49-14020,param,,,LoRa.dutyCycleActive,true,
LoRaSim-MinimalTopology-0-20240420-23:23:49-14020,scalar,LoRa.server[0],SF: 7,,,0.12996527777778
LoRaSim-MinimalTopology-0-20240420-23:23:49-14020,scalar,LoRa.server[0],rcvCounter: 7,,,56281
LoRaSim-MinimalTopology-0-20240420-23:23:49-14020,scalar,LoRa.server[0],noOfCollidedPackets: 7,,,136
LoRaSim-MinimalTopology-0-20240420-23:23:49-14020,scalar,LoRa.server[0],noOfSuccessPackets: 7,,,56145
LoRaSim-MinimalTopology-0-20240420-23:23:49-14020,scalar,LoRa.server[0],noOfHostsInSFTier: 7,,,148
LoRaSim-MinimalTopology-0-20240420-23:23:49-14020,scalar,LoRa.server[0],SF: 8,,,0
LoRaSim-MinimalTopology-0-20240420-23:23:49-14020,scalar,LoRa.server[0],rcvCounter: 8,,,0
LoRaSim-MinimalTopology-0-20240420-23:23:49-14020,scalar,LoRa.server[0],noOfCollidedPackets: 8,,,0
LoRaSim-MinimalTopology-0-20240420-23:23:49-14020,scalar,LoRa.server[0],noOfSuccessPackets: 8,,,0
LoRaSim-MinimalTopology-0-20240420-23:23:49-14020,scalar,LoRa.server[0],noOfHostsInSFTier: 8,,,64
LoRaSim-MinimalTopology-0-20240420-23:23:49-14020,scalar,LoRa.server[0],SF: 9,,,0
LoRaSim-MinimalTopology-0-20240420-23:23:49-14020,scalar,LoRa.server[0],rcvCounter: 9,,,0
LoRaSim-MinimalTopology-0-20240420-23:23:49-14020,scalar,LoRa.server[0],noOfCollidedPackets: 9,,,0
LoRaSim-MinimalTopology-0-20240420-23:23:49-14020,scalar,LoRa.server[0],noOfSuccessPackets: 9,,,0
LoRaSim-MinimalTopology-0-20240420-23:23:49-14020,scalar,LoRa.server[0],noOfHostsInSFTier: 9,,,110
LoRaSim-MinimalTopology-0-20240420-23:23:49-14020,scalar,LoRa.server[0],SF: 10,,,0
LoRaSim-MinimalTopology-0-20240420-23:23:49-14020,scalar,LoRa.server[0],rcvCounter: 10,,,0
LoRaSim-MinimalTopology-0-20240420-23:23:49-14020,scalar,LoRa.server[0],noOfCollidedPackets: 10,,,0
LoRaSim-MinimalTopology-0-20240420-23:23:49-14020,scalar,LoRa.server[0],noOfSuccessPackets: 10,,,0
LoRaSim-MinimalTopology-0-20240420-23:23:49-14020,scalar,LoRa.server[0],noOfHostsInSFTier: 10,,,168
LoRaSim-MinimalTopology-0-20240420-23:23:49-14020,scalar,LoRa.server[0],SF: 11,,,0
LoRaSim-MinimalTopology-0-20240420-23:23:49-14020,scalar,LoRa.server[0],rcvCounter: 11,,,0
LoRaSim-MinimalTopology-0-20240420-23:23:49-14020,scalar,LoRa.server[0],noOfCollidedPackets: 11,,,0
LoRaSim-MinimalTopology-0-20240420-23:23:49-14020,scalar,LoRa.server[0],noOfSuccessPackets: 11,,,0
LoRaSim-MinimalTopology-0-20240420-23:23:49-14020,scalar,LoRa.server[0],noOfHostsInSFTier: 11,,,194
LoRaSim-MinimalTopology-0-20240420-23:23:49-14020,scalar,LoRa.server[0],SF: 12,,,0
LoRaSim-MinimalTopology-0-20240420-23:23:49-14020,scalar,LoRa.server[0],rcvCounter: 12,,,0
LoRaSim-MinimalTopology-0-20240420-23:23:49-14020,scalar,LoRa.server[0],noOfCollidedPackets: 12,,,0
LoRaSim-MinimalTopology-0-20240420-23:23:49-14020,scalar,LoRa.server[0],noOfSuccessPackets: 12,,,0
LoRaSim-MinimalTopology-0-20240420-23:23:49-14020,scalar,LoRa.server[0],noOfHostsInSFTier: 12,,,315
LoRaSim-MinimalTopology-0-20240420-23:23:49-14020,scalar,LoRa.server[0],totalSuccessRate,,,0.12996527777778
LoRaSim-MinimalTopology-0-20240420-23:23:49-14020,scalar,LoRa.server[0],totalSuccessProb,,,0.99758355395249
LoRaSim-MinimalTopology-0-20240420-23:23:49-14020,scalar,LoRa.server[0],duration,,,432000
LoRaSim-MinimalTopology-0-20240420-23:23:49-14020,scalar,LoRa.server[1],SF: 7,,,0.12628240740741
LoRaSim-MinimalTopology-0-20240420-23:23:49-14020,scalar,LoRa.server[1],rcvCounter: 7,,,54680
LoRaSim-MinimalTopology-0-20240420-23:23:49-14020,scalar,LoRa.server[1],noOfCollidedPackets: 7,,,126
LoRaSim-MinimalTopology-0-20240420-23:23:49-14020,scalar,LoRa.server[1],noOfSuccessPackets: 7,,,54554
LoRaSim-MinimalTopology-0-20240420-23:23:49-14020,scalar,LoRa.server[1],noOfHostsInSFTier: 7,,,148
LoRaSim-MinimalTopology-0-20240420-23:23:49-14020,scalar,LoRa.server[1],SF: 8,,,0
LoRaSim-MinimalTopology-0-20240420-23:23:49-14020,scalar,LoRa.server[1],rcvCounter: 8,,,0
LoRaSim-MinimalTopology-0-20240420-23:23:49-14020,scalar,LoRa.server[1],noOfCollidedPackets: 8,,,0
LoRaSim-MinimalTopology-0-20240420-23:23:49-14020,scalar,LoRa.server[1],noOfSuccessPackets: 8,,,0
LoRaSim-MinimalTopology-0-20240420-23:23:49-14020,scalar,LoRa.server[1],noOfHostsInSFTier: 8,,,64
LoRaSim-MinimalTopology-0-20240420-23:23:49-14020,scalar,LoRa.server[1],SF: 9,,,0
LoRaSim-MinimalTopology-0-20240420-23:23:49-14020,scalar,LoRa.server[1],rcvCounter: 9,,,0
LoRaSim-MinimalTopology-0-20240420-23:23:49-14020,scalar,LoRa.server[1],noOfCollidedPackets: 9,,,0
LoRaSim-MinimalTopology-0-20240420-23:23:49-14020,scalar,LoRa.server[1],noOfSuccessPackets: 9,,,0
LoRaSim-MinimalTopology-0-20240420-23:23:49-14020,scalar,LoRa.server[1],noOfHostsInSFTier: 9,,,110
LoRaSim-MinimalTopology-0-20240420-23:23:49-14020,scalar,LoRa.server[1],SF: 10,,,0
LoRaSim-MinimalTopology-0-20240420-23:23:49-14020,scalar,LoRa.server[1],rcvCounter: 10,,,0
LoRaSim-MinimalTopology-0-20240420-23:23:49-14020,scalar,LoRa.server[1],noOfCollidedPackets: 10,,,0
LoRaSim-MinimalTopology-0-20240420-23:23:49-14020,scalar,LoRa.server[1],noOfSuccessPackets: 10,,,0
LoRaSim-MinimalTopology-0-20240420-23:23:49-14020,scalar,LoRa.server[1],noOfHostsInSFTier: 10,,,168
LoRaSim-MinimalTopology-0-20240420-23:23:49-14020,scalar,LoRa.server[1],SF: 11,,,0
LoRaSim-MinimalTopology-0-20240420-23:23:49-14020,scalar,LoRa.server[1],rcvCounter: 11,,,0
LoRaSim-MinimalTopology-0-20240420-23:23:49-14020,scalar,LoRa.server[1],noOfCollidedPackets: 11,,,0
LoRaSim-MinimalTopology-0-20240420-23:23:49-14020,scalar,LoRa.server[1],noOfSuccessPackets: 11,,,0
LoRaSim-MinimalTopology-0-20240420-23:23:49-14020,scalar,LoRa.server[1],noOfHostsInSFTier: 11,,,194
LoRaSim-MinimalTopology-0-20240420-23:23:49-14020,scalar,LoRa.server[1],SF: 12,,,0
LoRaSim-MinimalTopology-0-20240420-23:23:49-14020,scalar,LoRa.server[1],rcvCounter: 12,,,0
LoRaSim-MinimalTopology-0-20240420-23:23:49-14020,scalar,LoRa.server[1],noOfCollidedPackets: 12,,,0
LoRaSim-MinimalTopology-0-20240420-23:23:49-14020,scalar,LoRa.server[1],noOfSuccessPackets: 12,,,0
LoRaSim-MinimalTopology-0-20240420-23:23:49-14020,scalar,LoRa.server[1],noOfHostsInSFTier: 12,,,315
LoRaSim-MinimalTopology-0-20240420-23:23:49-14020,scalar,LoRa.server[1],totalSuccessRate,,,0.12628240740741
LoRaSim-MinimalTopology-0-20240420-23:23:49-14020,scalar,LoRa.server[1],totalSuccessProb,,,0.99769568397952
LoRaSim-MinimalTopology-0-20240420-23:23:49-14020,scalar,LoRa.server[1],duration,,,432000
LoRaSim-MinimalTopology-0-20240420-23:23:49-14020,scalar,LoRa.server[2],SF: 7,,,0.10045138888889
LoRaSim-MinimalTopology-0-20240420-23:23:49-14020,scalar,LoRa.server[2],rcvCounter: 7,,,43487
LoRaSim-MinimalTopology-0-20240420-23:23:49-14020,scalar,LoRa.server[2],noOfCollidedPackets: 7,,,92
LoRaSim-MinimalTopology-0-20240420-23:23:49-14020,scalar,LoRa.server[2],noOfSuccessPackets: 7,,,43395
LoRaSim-MinimalTopology-0-20240420-23:23:49-14020,scalar,LoRa.server[2],noOfHostsInSFTier: 7,,,148
LoRaSim-MinimalTopology-0-20240420-23:23:49-14020,scalar,LoRa.server[2],SF: 8,,,0
LoRaSim-MinimalTopology-0-20240420-23:23:49-14020,scalar,LoRa.server[2],rcvCounter: 8,,,0
LoRaSim-MinimalTopology-0-20240420-23:23:49-14020,scalar,LoRa.server[2],noOfCollidedPackets: 8,,,0
LoRaSim-MinimalTopology-0-20240420-23:23:49-14020,scalar,LoRa.server[2],noOfSuccessPackets: 8,,,0
LoRaSim-MinimalTopology-0-20240420-23:23:49-14020,scalar,LoRa.server[2],noOfHostsInSFTier: 8,,,64
LoRaSim-MinimalTopology-0-20240420-23:23:49-14020,scalar,LoRa.server[2],SF: 9,,,0
LoRaSim-MinimalTopology-0-20240420-23:23:49-14020,scalar,LoRa.server[2],rcvCounter: 9,,,0
LoRaSim-MinimalTopology-0-20240420-23:23:49-14020,scalar,LoRa.server[2],noOfCollidedPackets: 9,,,0
LoRaSim-MinimalTopology-0-20240420-23:23:49-14020,scalar,LoRa.server[2],noOfSuccessPackets: 9,,,0
LoRaSim-MinimalTopology-0-20240420-23:23:49-14020,scalar,LoRa.server[2],noOfHostsInSFTier: 9,,,110
LoRaSim-MinimalTopology-0-20240420-23:23:49-14020,scalar,LoRa.server[2],SF: 10,,,0
LoRaSim-MinimalTopology-0-20240420-23:23:49-14020,scalar,LoRa.server[2],rcvCounter: 10,,,0
LoRaSim-MinimalTopology-0-20240420-23:23:49-14020,scalar,LoRa.server[2],noOfCollidedPackets: 10,,,0
LoRaSim-MinimalTopology-0-20240420-23:23:49-14020,scalar,LoRa.server[2],noOfSuccessPackets: 10,,,0
LoRaSim-MinimalTopology-0-20240420-23:23:49-14020,scalar,LoRa.server[2],noOfHostsInSFTier: 10,,,168
LoRaSim-MinimalTopology-0-20240420-23:23:49-14020,scalar,LoRa.server[2],SF: 11,,,0
LoRaSim-MinimalTopology-0-20240420-23:23:49-14020,scalar,LoRa.server[2],rcvCounter: 11,,,0
LoRaSim-MinimalTopology-0-20240420-23:23:49-14020,scalar,LoRa.server[2],noOfCollidedPackets: 11,,,0
LoRaSim-MinimalTopology-0-20240420-23:23:49-14020,scalar,LoRa.server[2],noOfSuccessPackets: 11,,,0
LoRaSim-MinimalTopology-0-20240420-23:23:49-14020,scalar,LoRa.server[2],noOfHostsInSFTier: 11,,,194
LoRaSim-MinimalTopology-0-20240420-23:23:49-14020,scalar,LoRa.server[2],SF: 12,,,0
LoRaSim-MinimalTopology-0-20240420-23:23:49-14020,scalar,LoRa.server[2],rcvCounter: 12,,,0
LoRaSim-MinimalTopology-0-20240420-23:23:49-14020,scalar,LoRa.server[2],noOfCollidedPackets: 12,,,0
LoRaSim-MinimalTopology-0-20240420-23:23:49-14020,scalar,LoRa.server[2],noOfSuccessPackets: 12,,,0
LoRaSim-MinimalTopology-0-20240420-23:23:49-14020,scalar,LoRa.server[2],noOfHostsInSFTier: 12,,,315
LoRaSim-MinimalTopology-0-20240420-23:23:49-14020,scalar,LoRa.server[2],totalSuccessRate,,,0.10045138888889
LoRaSim-MinimalTopology-0-20240420-23:23:49-14020,scalar,LoRa.server[2],totalSuccessProb,,,0.99788442523053
LoRaSim-MinimalTopology-0-20240420-23:23:49-14020,scalar,LoRa.server[2],duration,,,432000
LoRaSim-MinimalTopology-0-20240420-23:23:49-14020,scalar,LoRa.server[3],SF: 7,,,0.096578703703704
LoRaSim-MinimalTopology-0-20240420-23:23:49-14020,scalar,LoRa.server[3],rcvCounter: 7,,,41782
LoRaSim-MinimalTopology-0-20240420-23:23:49-14020,scalar,LoRa.server[3],noOfCollidedPackets: 7,,,60
LoRaSim-MinimalTopology-0-20240420-23:23:49-14020,scalar,LoRa.server[3],noOfSuccessPackets: 7,,,41722
LoRaSim-MinimalTopology-0-20240420-23:23:49-14020,scalar,LoRa.server[3],noOfHostsInSFTier: 7,,,148
LoRaSim-MinimalTopology-0-20240420-23:23:49-14020,scalar,LoRa.server[3],SF: 8,,,0
LoRaSim-MinimalTopology-0-20240420-23:23:49-14020,scalar,LoRa.server[3],rcvCounter: 8,,,0
LoRaSim-MinimalTopology-0-20240420-23:23:49-14020,scalar,LoRa.server[3],noOfCollidedPackets: 8,,,0
LoRaSim-MinimalTopology-0-20240420-23:23:49-14020,scalar,LoRa.server[3],noOfSuccessPackets: 8,,,0
LoRaSim-MinimalTopology-0-20240420-23:23:49-14020,scalar,LoRa.server[3],noOfHostsInSFTier: 8,,,64
LoRaSim-MinimalTopology-0-20240420-23:23:49-14020,scalar,LoRa.server[3],SF: 9,,,0
LoRaSim-MinimalTopology-0-20240420-23:23:49-14020,scalar,LoRa.server[3],rcvCounter: 9,,,0
LoRaSim-MinimalTopology-0-20240420-23:23:49-14020,scalar,LoRa.server[3],noOfCollidedPackets: 9,,,0
LoRaSim-MinimalTopology-0-20240420-23:23:49-14020,scalar,LoRa.server[3],noOfSuccessPackets: 9,,,0
LoRaSim-MinimalTopology-0-20240420-23:23:49-14020,scalar,LoRa.server[3],noOfHostsInSFTier: 9,,,110
LoRaSim-MinimalTopology-0-20240420-23:23:49-14020,scalar,LoRa.server[3],SF: 10,,,0
LoRaSim-MinimalTopology-0-20240420-23:23:49-14020,scalar,LoRa.server[3],rcvCounter: 10,,,0
LoRaSim-MinimalTopology-0-20240420-23:23:49-14020,scalar,LoRa.server[3],noOfCollidedPackets: 10,,,0
LoRaSim-MinimalTopology-0-20240420-23:23:49-14020,scalar,LoRa.server[3],noOfSuccessPackets: 10,,,0
LoRaSim-MinimalTopology-0-20240420-23:23:49-14020,scalar,LoRa.server[3],noOfHostsInSFTier: 10,,,168
LoRaSim-MinimalTopology-0-20240420-23:23:49-14020,scalar,LoRa.server[3],SF: 11,,,0
LoRaSim-MinimalTopology-0-20240420-23:23:49-14020,scalar,LoRa.server[3],rcvCounter: 11,,,0
LoRaSim-MinimalTopology-0-20240420-23:23:49-14020,scalar,LoRa.server[3],noOfCollidedPackets: 11,,,0
LoRaSim-MinimalTopology-0-20240420-23:23:49-14020,scalar,LoRa.server[3],noOfSuccessPackets: 11,,,0
LoRaSim-MinimalTopology-0-20240420-23:23:49-14020,scalar,LoRa.server[3],noOfHostsInSFTier: 11,,,194
LoRaSim-MinimalTopology-0-20240420-23:23:49-14020,scalar,LoRa.server[3],SF: 12,,,0
LoRaSim-MinimalTopology-0-20240420-23:23:49-14020,scalar,LoRa.server[3],rcvCounter: 12,,,0
LoRaSim-MinimalTopology-0-20240420-23:23:49-14020,scalar,LoRa.server[3],noOfCollidedPackets: 12,,,0
LoRaSim-MinimalTopology-0-20240420-23:23:49-14020,scalar,LoRa.server[3],noOfSuccessPackets: 12,,,0
LoRaSim-MinimalTopology-0-20240420-23:23:49-14020,scalar,LoRa.server[3],noOfHostsInSFTier: 12,,,315
LoRaSim-MinimalTopology-0-20240420-23:23:49-14020,scalar,LoRa.server[3],totalSuccessRate,,,0.096578703703704
LoRaSim-MinimalTopology-0-20240420-23:23:49-14020,scalar,LoRa.server[3],totalSuccessProb,,,0.99856397491743
LoRaSim-MinimalTopology-0-20240420-23:23:49-14020,scalar,LoRa.server[3],duration,,,432000
LoRaSim-MinimalTopology-0-20240420-23:23:49-14020,scalar,LoRa.server[4],SF: 7,,,0.14410416666667
LoRaSim-MinimalTopology-0-20240420-23:23:49-14020,scalar,LoRa.server[4],rcvCounter: 7,,,62465
LoRaSim-MinimalTopology-0-20240420-23:23:49-14020,scalar,LoRa.server[4],noOfCollidedPackets: 7,,,212
LoRaSim-MinimalTopology-0-20240420-23:23:49-14020,scalar,LoRa.server[4],noOfSuccessPackets: 7,,,62253
LoRaSim-MinimalTopology-0-20240420-23:23:49-14020,scalar,LoRa.server[4],noOfHostsInSFTier: 7,,,148
LoRaSim-MinimalTopology-0-20240420-23:23:49-14020,scalar,LoRa.server[4],SF: 8,,,0
LoRaSim-MinimalTopology-0-20240420-23:23:49-14020,scalar,LoRa.server[4],rcvCounter: 8,,,0
LoRaSim-MinimalTopology-0-20240420-23:23:49-14020,scalar,LoRa.server[4],noOfCollidedPackets: 8,,,0
LoRaSim-MinimalTopology-0-20240420-23:23:49-14020,scalar,LoRa.server[4],noOfSuccessPackets: 8,,,0
LoRaSim-MinimalTopology-0-20240420-23:23:49-14020,scalar,LoRa.server[4],noOfHostsInSFTier: 8,,,64
LoRaSim-MinimalTopology-0-20240420-23:23:49-14020,scalar,LoRa.server[4],SF: 9,,,0
LoRaSim-MinimalTopology-0-20240420-23:23:49-14020,scalar,LoRa.server[4],rcvCounter: 9,,,0
LoRaSim-MinimalTopology-0-20240420-23:23:49-14020,scalar,LoRa.server[4],noOfCollidedPackets: 9,,,0
LoRaSim-MinimalTopology-0-20240420-23:23:49-14020,scalar,LoRa.server[4],noOfSuccessPackets: 9,,,0
LoRaSim-MinimalTopology-0-20240420-23:23:49-14020,scalar,LoRa.server[4],noOfHostsInSFTier: 9,,,110
LoRaSim-MinimalTopology-0-20240420-23:23:49-14020,scalar,LoRa.server[4],SF: 10,,,0
LoRaSim-MinimalTopology-0-20240420-23:23:49-14020,scalar,LoRa.server[4],rcvCounter: 10,,,0
LoRaSim-MinimalTopology-0-20240420-23:23:49-14020,scalar,LoRa.server[4],noOfCollidedPackets: 10,,,0
LoRaSim-MinimalTopology-0-20240420-23:23:49-14020,scalar,LoRa.server[4],noOfSuccessPackets: 10,,,0
LoRaSim-MinimalTopology-0-20240420-23:23:49-14020,scalar,LoRa.server[4],noOfHostsInSFTier: 10,,,168
LoRaSim-MinimalTopology-0-20240420-23:23:49-14020,scalar,LoRa.server[4],SF: 11,,,0
LoRaSim-MinimalTopology-0-20240420-23:23:49-14020,scalar,LoRa.server[4],rcvCounter: 11,,,0
LoRaSim-MinimalTopology-0-20240420-23:23:49-14020,scalar,LoRa.server[4],noOfCollidedPackets: 11,,,0
LoRaSim-MinimalTopology-0-20240420-23:23:49-14020,scalar,LoRa.server[4],noOfSuccessPackets: 11,,,0
LoRaSim-MinimalTopology-0-20240420-23:23:49-14020,scalar,LoRa.server[4],noOfHostsInSFTier: 11,,,194
LoRaSim-MinimalTopology-0-20240420-23:23:49-14020,scalar,LoRa.server[4],SF: 12,,,0
LoRaSim-MinimalTopology-0-20240420-23:23:49-14020,scalar,LoRa.server[4],rcvCounter: 12,,,0
LoRaSim-MinimalTopology-0-20240420-23:23:49-14020,scalar,LoRa.server[4],noOfCollidedPackets: 12,,,0
LoRaSim-MinimalTopology-0-20240420-23:23:49-14020,scalar,LoRa.server[4],noOfSuccessPackets: 12,,,0
LoRaSim-MinimalTopology-0-20240420-23:23:49-14020,scalar,LoRa.server[4],noOfHostsInSFTier: 12,,,315
LoRaSim-MinimalTopology-0-20240420-23:23:49-14020,scalar,LoRa.server[4],totalSuccessRate,,,0.14410416666667
LoRaSim-MinimalTopology-0-20240420-23:23:49-14020,scalar,LoRa.server[4],totalSuccessProb,,,0.99660609941567
LoRaSim-MinimalTopology-0-20240420-23:23:49-14020,scalar,LoRa.server[4],duration,,,432000
LoRaSim-MinimalTopology-0-20240420-23:23:49-14020,scalar,LoRa.server[5],SF: 7,,,0.12297916666667
LoRaSim-MinimalTopology-0-20240420-23:23:49-14020,scalar,LoRa.server[5],rcvCounter: 7,,,53231
LoRaSim-MinimalTopology-0-20240420-23:23:49-14020,scalar,LoRa.server[5],noOfCollidedPackets: 7,,,104
LoRaSim-MinimalTopology-0-20240420-23:23:49-14020,scalar,LoRa.server[5],noOfSuccessPackets: 7,,,53127
LoRaSim-MinimalTopology-0-20240420-23:23:49-14020,scalar,LoRa.server[5],noOfHostsInSFTier: 7,,,148
LoRaSim-MinimalTopology-0-20240420-23:23:49-14020,scalar,LoRa.server[5],SF: 8,,,0
LoRaSim-MinimalTopology-0-20240420-23:23:49-14020,scalar,LoRa.server[5],rcvCounter: 8,,,0
LoRaSim-MinimalTopology-0-20240420-23:23:49-14020,scalar,LoRa.server[5],noOfCollidedPackets: 8,,,0
LoRaSim-MinimalTopology-0-20240420-23:23:49-14020,scalar,LoRa.server[5],noOfSuccessPackets: 8,,,0
LoRaSim-MinimalTopology-0-20240420-23:23:49-14020,scalar,LoRa.server[5],noOfHostsInSFTier: 8,,,64
LoRaSim-MinimalTopology-0-20240420-23:23:49-14020,scalar,LoRa.server[5],SF: 9,,,0
LoRaSim-MinimalTopology-0-20240420-23:23:49-14020,scalar,LoRa.server[5],rcvCounter: 9,,,0
LoRaSim-MinimalTopology-0-20240420-23:23:49-14020,scalar,LoRa.server[5],noOfCollidedPackets: 9,,,0
LoRaSim-MinimalTopology-0-20240420-23:23:49-14020,scalar,LoRa.server[5],noOfSuccessPackets: 9,,,0
LoRaSim-MinimalTopology-0-20240420-23:23:49-14020,scalar,LoRa.server[5],noOfHostsInSFTier: 9,,,110
LoRaSim-MinimalTopology-0-20240420-23:23:49-14020,scalar,LoRa.server[5],SF: 10,,,0
LoRaSim-MinimalTopology-0-20240420-23:23:49-14020,scalar,LoRa.server[5],rcvCounter: 10,,,0
LoRaSim-MinimalTopology-0-20240420-23:23:49-14020,scalar,LoRa.server[5],noOfCollidedPackets: 10,,,0
LoRaSim-MinimalTopology-0-20240420-23:23:49-14020,scalar,LoRa.server[5],noOfSuccessPackets: 10,,,0
LoRaSim-MinimalTopology-0-20240420-23:23:49-14020,scalar,LoRa.server[5],noOfHostsInSFTier: 10,,,168
LoRaSim-MinimalTopology-0-20240420-23:23:49-14020,scalar,LoRa.server[5],SF: 11,,,0
LoRaSim-MinimalTopology-0-20240420-23:23:49-14020,scalar,LoRa.server[5],rcvCounter: 11,,,0
LoRaSim-MinimalTopology-0-20240420-23:23:49-14020,scalar,LoRa.server[5],noOfCollidedPackets: 11,,,0
LoRaSim-MinimalTopology-0-20240420-23:23:49-14020,scalar,LoRa.server[5],noOfSuccessPackets: 11,,,0
LoRaSim-MinimalTopology-0-20240420-23:23:49-14020,scalar,LoRa.server[5],noOfHostsInSFTier: 11,,,194
LoRaSim-MinimalTopology-0-20240420-23:23:49-14020,scalar,LoRa.server[5],SF: 12,,,0
LoRaSim-MinimalTopology-0-20240420-23:23:49-14020,scalar,LoRa.server[5],rcvCounter: 12,,,0
LoRaSim-MinimalTopology-0-20240420-23:23:49-14020,scalar,LoRa.server[5],noOfCollidedPackets: 12,,,0
LoRaSim-MinimalTopology-0-20240420-23:23:49-14020,scalar,LoRa.server[5],noOfSuccessPackets: 12,,,0
LoRaSim-MinimalTopology-0-20240420-23:23:49-14020,scalar,LoRa.server[5],noOfHostsInSFTier: 12,,,315
LoRaSim-MinimalTopology-0-20240420-23:23:49-14020,scalar,LoRa.server[5],totalSuccessRate,,,0.12297916666667
LoRaSim-MinimalTopology-0-20240420-23:23:49-14020,scalar,LoRa.server[5],totalSuccessProb,,,0.99804625124458
LoRaSim-MinimalTopology-0-20240420-23:23:49-14020,scalar,LoRa.server[5],duration,,,432000
LoRaSim-MinimalTopology-0-20240420-23:23:49-14020,scalar,LoRa.server[6],SF: 7,,,0.13534953703704
LoRaSim-MinimalTopology-0-20240420-23:23:49-14020,scalar,LoRa.server[6],rcvCounter: 7,,,58617
LoRaSim-MinimalTopology-0-20240420-23:23:49-14020,scalar,LoRa.server[6],noOfCollidedPackets: 7,,,146
LoRaSim-MinimalTopology-0-20240420-23:23:49-14020,scalar,LoRa.server[6],noOfSuccessPackets: 7,,,58471
LoRaSim-MinimalTopology-0-20240420-23:23:49-14020,scalar,LoRa.server[6],noOfHostsInSFTier: 7,,,148
LoRaSim-MinimalTopology-0-20240420-23:23:49-14020,scalar,LoRa.server[6],SF: 8,,,0
LoRaSim-MinimalTopology-0-20240420-23:23:49-14020,scalar,LoRa.server[6],rcvCounter: 8,,,0
LoRaSim-MinimalTopology-0-20240420-23:23:49-14020,scalar,LoRa.server[6],noOfCollidedPackets: 8,,,0
LoRaSim-MinimalTopology-0-20240420-23:23:49-14020,scalar,LoRa.server[6],noOfSuccessPackets: 8,,,0
LoRaSim-MinimalTopology-0-20240420-23:23:49-14020,scalar,LoRa.server[6],noOfHostsInSFTier: 8,,,64
LoRaSim-MinimalTopology-0-20240420-23:23:49-14020,scalar,LoRa.server[6],SF: 9,,,0
LoRaSim-MinimalTopology-0-20240420-23:23:49-14020,scalar,LoRa.server[6],rcvCounter: 9,,,0
LoRaSim-MinimalTopology-0-20240420-23:23:49-14020,scalar,LoRa.server[6],noOfCollidedPackets: 9,,,0
LoRaSim-MinimalTopology-0-20240420-23:23:49-14020,scalar,LoRa.server[6],noOfSuccessPackets: 9,,,0
LoRaSim-MinimalTopology-0-20240420-23:23:49-14020,scalar,LoRa.server[6],noOfHostsInSFTier: 9,,,110
LoRaSim-MinimalTopology-0-20240420-23:23:49-14020,scalar,LoRa.server[6],SF: 10,,,0
LoRaSim-MinimalTopology-0-20240420-23:23:49-14020,scalar,LoRa.server[6],rcvCounter: 10,,,0
LoRaSim-MinimalTopology-0-20240420-23:23:49-14020,scalar,LoRa.server[6],noOfCollidedPackets: 10,,,0
LoRaSim-MinimalTopology-0-20240420-23:23:49-14020,scalar,LoRa.server[6],noOfSuccessPackets: 10,,,0
LoRaSim-MinimalTopology-0-20240420-23:23:49-14020,scalar,LoRa.server[6],noOfHostsInSFTier: 10,,,168
LoRaSim-MinimalTopology-0-20240420-23:23:49-14020,scalar,LoRa.server[6],SF: 11,,,0
LoRaSim-MinimalTopology-0-20240420-23:23:49-14020,scalar,LoRa.server[6],rcvCounter: 11,,,0
LoRaSim-MinimalTopology-0-20240420-23:23:49-14020,scalar,LoRa.server[6],noOfCollidedPackets: 11,,,0
LoRaSim-MinimalTopology-0-20240420-23:23:49-14020,scalar,LoRa.server[6],noOfSuccessPackets: 11,,,0
LoRaSim-MinimalTopology-0-20240420-23:23:49-14020,scalar,LoRa.server[6],noOfHostsInSFTier: 11,,,194
LoRaSim-MinimalTopology-0-20240420-23:23:49-14020,scalar,LoRa.server[6],SF: 12,,,0
LoRaSim-MinimalTopology-0-20240420-23:23:49-14020,scalar,LoRa.server[6],rcvCounter: 12,,,0
LoRaSim-MinimalTopology-0-20240420-23:23:49-14020,scalar,LoRa.server[6],noOfCollidedPackets: 12,,,0
LoRaSim-MinimalTopology-0-20240420-23:23:49-14020,scalar,LoRa.server[6],noOfSuccessPackets: 12,,,0
LoRaSim-MinimalTopology-0-20240420-23:23:49-14020,scalar,LoRa.server[6],noOfHostsInSFTier: 12,,,315
LoRaSim-MinimalTopology-0-20240420-23:23:49-14020,scalar,LoRa.server[6],totalSuccessRate,,,0.13534953703704
LoRaSim-MinimalTopology-0-20240420-23:23:49-14020,scalar,LoRa.server[6],totalSuccessProb,,,0.99750925499428
LoRaSim-MinimalTopology-0-20240420-23:23:49-14020,scalar,LoRa.server[6],duration,,,432000
LoRaSim-MinimalTopology-0-20240420-23:23:49-14020,scalar,LoRa.server[7],SF: 7,,,0.13957407407407
LoRaSim-MinimalTopology-0-20240420-23:23:49-14020,scalar,LoRa.server[7],rcvCounter: 7,,,60464
LoRaSim-MinimalTopology-0-20240420-23:23:49-14020,scalar,LoRa.server[7],noOfCollidedPackets: 7,,,168
LoRaSim-MinimalTopology-0-20240420-23:23:49-14020,scalar,LoRa.server[7],noOfSuccessPackets: 7,,,60296
LoRaSim-MinimalTopology-0-20240420-23:23:49-14020,scalar,LoRa.server[7],noOfHostsInSFTier: 7,,,148
LoRaSim-MinimalTopology-0-20240420-23:23:49-14020,scalar,LoRa.server[7],SF: 8,,,0
LoRaSim-MinimalTopology-0-20240420-23:23:49-14020,scalar,LoRa.server[7],rcvCounter: 8,,,0
LoRaSim-MinimalTopology-0-20240420-23:23:49-14020,scalar,LoRa.server[7],noOfCollidedPackets: 8,,,0
LoRaSim-MinimalTopology-0-20240420-23:23:49-14020,scalar,LoRa.server[7],noOfSuccessPackets: 8,,,0
LoRaSim-MinimalTopology-0-20240420-23:23:49-14020,scalar,LoRa.server[7],noOfHostsInSFTier: 8,,,64
LoRaSim-MinimalTopology-0-20240420-23:23:49-14020,scalar,LoRa.server[7],SF: 9,,,0
LoRaSim-MinimalTopology-0-20240420-23:23:49-14020,scalar,LoRa.server[7],rcvCounter: 9,,,0
LoRaSim-MinimalTopology-0-20240420-23:23:49-14020,scalar,LoRa.server[7],noOfCollidedPackets: 9,,,0
LoRaSim-MinimalTopology-0-20240420-23:23:49-14020,scalar,LoRa.server[7],noOfSuccessPackets: 9,,,0
LoRaSim-MinimalTopology-0-20240420-23:23:49-14020,scalar,LoRa.server[7],noOfHostsInSFTier: 9,,,110
LoRaSim-MinimalTopology-0-20240420-23:23:49-14020,scalar,LoRa.server[7],SF: 10,,,0
LoRaSim-MinimalTopology-0-20240420-23:23:49-14020,scalar,LoRa.server[7],rcvCounter: 10,,,0
LoRaSim-MinimalTopology-0-20240420-23:23:49-14020,scalar,LoRa.server[7],noOfCollidedPackets: 10,,,0
LoRaSim-MinimalTopology-0-20240420-23:23:49-14020,scalar,LoRa.server[7],noOfSuccessPackets: 10,,,0
LoRaSim-MinimalTopology-0-20240420-23:23:49-14020,scalar,LoRa.server[7],noOfHostsInSFTier: 10,,,168
LoRaSim-MinimalTopology-0-20240420-23:23:49-14020,scalar,LoRa.server[7],SF: 11,,,0
LoRaSim-MinimalTopology-0-20240420-23:23:49-14020,scalar,LoRa.server[7],rcvCounter: 11,,,0
LoRaSim-MinimalTopology-0-20240420-23:23:49-14020,scalar,LoRa.server[7],noOfCollidedPackets: 11,,,0
LoRaSim-MinimalTopology-0-20240420-23:23:49-14020,scalar,LoRa.server[7],noOfSuccessPackets: 11,,,0
LoRaSim-MinimalTopology-0-20240420-23:23:49-14020,scalar,LoRa.server[7],noOfHostsInSFTier: 11,,,194
LoRaSim-MinimalTopology-0-20240420-23:23:49-14020,scalar,LoRa.server[7],SF: 12,,,0
LoRaSim-MinimalTopology-0-20240420-23:23:49-14020,scalar,LoRa.server[7],rcvCounter: 12,,,0
LoRaSim-MinimalTopology-0-20240420-23:23:49-14020,scalar,LoRa.server[7],noOfCollidedPackets: 12,,,0
LoRaSim-MinimalTopology-0-20240420-23:23:49-14020,scalar,LoRa.server[7],noOfSuccessPackets: 12,,,0
LoRaSim-MinimalTopology-0-20240420-23:23:49-14020,scalar,LoRa.server[7],noOfHostsInSFTier: 12,,,315
LoRaSim-MinimalTopology-0-20240420-23:23:49-14020,scalar,LoRa.server[7],totalSuccessRate,,,0.13957407407407
LoRaSim-MinimalTopology-0-20240420-23:23:49-14020,scalar,LoRa.server[7],totalSuccessProb,,,0.99722148716592
LoRaSim-MinimalTopology-0-20240420-23:23:49-14020,scalar,LoRa.server[7],duration,,,432000
LoRaSim-MinimalTopology-0-20240420-23:23:49-14020,scalar,LoRa.server[8],SF: 7,,,0.08593287037037
LoRaSim-MinimalTopology-0-20240420-23:23:49-14020,scalar,LoRa.server[8],rcvCounter: 7,,,37167
LoRaSim-MinimalTopology-0-20240420-23:23:49-14020,scalar,LoRa.server[8],noOfCollidedPackets: 7,,,44
LoRaSim-MinimalTopology-0-20240420-23:23:49-14020,scalar,LoRa.server[8],noOfSuccessPackets: 7,,,37123
LoRaSim-MinimalTopology-0-20240420-23:23:49-14020,scalar,LoRa.server[8],noOfHostsInSFTier: 7,,,148
LoRaSim-MinimalTopology-0-20240420-23:23:49-14020,scalar,LoRa.server[8],SF: 8,,,0
LoRaSim-MinimalTopology-0-20240420-23:23:49-14020,scalar,LoRa.server[8],rcvCounter: 8,,,0
LoRaSim-MinimalTopology-0-20240420-23:23:49-14020,scalar,LoRa.server[8],noOfCollidedPackets: 8,,,0
LoRaSim-MinimalTopology-0-20240420-23:23:49-14020,scalar,LoRa.server[8],noOfSuccessPackets: 8,,,0
LoRaSim-MinimalTopology-0-20240420-23:23:49-14020,scalar,LoRa.server[8],noOfHostsInSFTier: 8,,,64
LoRaSim-MinimalTopology-0-20240420-23:23:49-14020,scalar,LoRa.server[8],SF: 9,,,0
LoRaSim-MinimalTopology-0-20240420-23:23:49-14020,scalar,LoRa.server[8],rcvCounter: 9,,,0
LoRaSim-MinimalTopology-0-20240420-23:23:49-14020,scalar,LoRa.server[8],noOfCollidedPackets: 9,,,0
LoRaSim-MinimalTopology-0-20240420-23:23:49-14020,scalar,LoRa.server[8],noOfSuccessPackets: 9,,,0
LoRaSim-MinimalTopology-0-20240420-23:23:49-14020,scalar,LoRa.server[8],noOfHostsInSFTier: 9,,,110
LoRaSim-MinimalTopology-0-20240420-23:23:49-14020,scalar,LoRa.server[8],SF: 10,,,0
LoRaSim-MinimalTopology-0-20240420-23:23:49-14020,scalar,LoRa.server[8],rcvCounter: 10,,,0
LoRaSim-MinimalTopology-0-20240420-23:23:49-14020,scalar,LoRa.server[8],noOfCollidedPackets: 10,,,0
LoRaSim-MinimalTopology-0-20240420-23:23:49-14020,scalar,LoRa.server[8],noOfSuccessPackets: 10,,,0
LoRaSim-MinimalTopology-0-20240420-23:23:49-14020,scalar,LoRa.server[8],noOfHostsInSFTier: 10,,,168
LoRaSim-MinimalTopology-0-20240420-23:23:49-14020,scalar,LoRa.server[8],SF: 11,,,0
LoRaSim-MinimalTopology-0-20240420-23:23:49-14020,scalar,LoRa.server[8],rcvCounter: 11,,,0
LoRaSim-MinimalTopology-0-20240420-23:23:49-14020,scalar,LoRa.server[8],noOfCollidedPackets: 11,,,0
LoRaSim-MinimalTopology-0-20240420-23:23:49-14020,scalar,LoRa.server[8],noOfSuccessPackets: 11,,,0
LoRaSim-MinimalTopology-0-20240420-23:23:49-14020,scalar,LoRa.server[8],noOfHostsInSFTier: 11,,,194
LoRaSim-MinimalTopology-0-20240420-23:23:49-14020,scalar,LoRa.server[8],SF: 12,,,0
LoRaSim-MinimalTopology-0-20240420-23:23:49-14020,scalar,LoRa.server[8],rcvCounter: 12,,,0
LoRaSim-MinimalTopology-0-20240420-23:23:49-14020,scalar,LoRa.server[8],noOfCollidedPackets: 12,,,0
LoRaSim-MinimalTopology-0-20240420-23:23:49-14020,scalar,LoRa.server[8],noOfSuccessPackets: 12,,,0
LoRaSim-MinimalTopology-0-20240420-23:23:49-14020,scalar,LoRa.server[8],noOfHostsInSFTier: 12,,,315
LoRaSim-MinimalTopology-0-20240420-23:23:49-14020,scalar,LoRa.server[8],totalSuccessRate,,,0.08593287037037
LoRaSim-MinimalTopology-0-20240420-23:23:49-14020,scalar,LoRa.server[8],totalSuccessProb,,,0.99881615411521
LoRaSim-MinimalTopology-0-20240420-23:23:49-14020,scalar,LoRa.server[8],duration,,,432000
LoRaSim-MinimalTopology-0-20240420-23:23:49-14020,scalar,LoRa.server[9],SF: 7,,,0.1409537037037
LoRaSim-MinimalTopology-0-20240420-23:23:49-14020,scalar,LoRa.server[9],rcvCounter: 7,,,61054
LoRaSim-MinimalTopology-0-20240420-23:23:49-14020,scalar,LoRa.server[9],noOfCollidedPackets: 7,,,162
LoRaSim-MinimalTopology-0-20240420-23:23:49-14020,scalar,LoRa.server[9],noOfSuccessPackets: 7,,,60892
LoRaSim-MinimalTopology-0-20240420-23:23:49-14020,scalar,LoRa.server[9],noOfHostsInSFTier: 7,,,148
LoRaSim-MinimalTopology-0-20240420-23:23:49-14020,scalar,LoRa.server[9],SF: 8,,,0
LoRaSim-MinimalTopology-0-20240420-23:23:49-14020,scalar,LoRa.server[9],rcvCounter: 8,,,0
LoRaSim-MinimalTopology-0-20240420-23:23:49-14020,scalar,LoRa.server[9],noOfCollidedPackets: 8,,,0
LoRaSim-MinimalTopology-0-20240420-23:23:49-14020,scalar,LoRa.server[9],noOfSuccessPackets: 8,,,0
LoRaSim-MinimalTopology-0-20240420-23:23:49-14020,scalar,LoRa.server[9],noOfHostsInSFTier: 8,,,64
LoRaSim-MinimalTopology-0-20240420-23:23:49-14020,scalar,LoRa.server[9],SF: 9,,,0
LoRaSim-MinimalTopology-0-20240420-23:23:49-14020,scalar,LoRa.server[9],rcvCounter: 9,,,0
LoRaSim-MinimalTopology-0-20240420-23:23:49-14020,scalar,LoRa.server[9],noOfCollidedPackets: 9,,,0
LoRaSim-MinimalTopology-0-20240420-23:23:49-14020,scalar,LoRa.server[9],noOfSuccessPackets: 9,,,0
LoRaSim-MinimalTopology-0-20240420-23:23:49-14020,scalar,LoRa.server[9],noOfHostsInSFTier: 9,,,110
LoRaSim-MinimalTopology-0-20240420-23:23:49-14020,scalar,LoRa.server[9],SF: 10,,,0
LoRaSim-MinimalTopology-0-20240420-23:23:49-14020,scalar,LoRa.server[9],rcvCounter: 10,,,0
LoRaSim-MinimalTopology-0-20240420-23:23:49-14020,scalar,LoRa.server[9],noOfCollidedPackets: 10,,,0
LoRaSim-MinimalTopology-0-20240420-23:23:49-14020,scalar,LoRa.server[9],noOfSuccessPackets: 10,,,0
LoRaSim-MinimalTopology-0-20240420-23:23:49-14020,scalar,LoRa.server[9],noOfHostsInSFTier: 10,,,168
LoRaSim-MinimalTopology-0-20240420-23:23:49-14020,scalar,LoRa.server[9],SF: 11,,,0
LoRaSim-MinimalTopology-0-20240420-23:23:49-14020,scalar,LoRa.server[9],rcvCounter: 11,,,0
LoRaSim-MinimalTopology-0-20240420-23:23:49-14020,scalar,LoRa.server[9],noOfCollidedPackets: 11,,,0
LoRaSim-MinimalTopology-0-20240420-23:23:49-14020,scalar,LoRa.server[9],noOfSuccessPackets: 11,,,0
LoRaSim-MinimalTopology-0-20240420-23:23:49-14020,scalar,LoRa.server[9],noOfHostsInSFTier: 11,,,194
LoRaSim-MinimalTopology-0-20240420-23:23:49-14020,scalar,LoRa.server[9],SF: 12,,,0
LoRaSim-MinimalTopology-0-20240420-23:23:49-14020,scalar,LoRa.server[9],rcvCounter: 12,,,0
LoRaSim-MinimalTopology-0-20240420-23:23:49-14020,scalar,LoRa.server[9],noOfCollidedPackets: 12,,,0
LoRaSim-MinimalTopology-0-20240420-23:23:49-14020,scalar,LoRa.server[9],noOfSuccessPackets: 12,,,0
LoRaSim-MinimalTopology-0-20240420-23:23:49-14020,scalar,LoRa.server[9],noOfHostsInSFTier: 12,,,315
LoRaSim-MinimalTopology-0-20240420-23:23:49-14020,scalar,LoRa.server[9],totalSuccessRate,,,0.1409537037037
LoRaSim-MinimalTopology-0-20240420-23:23:49-14020,scalar,LoRa.server[9],totalSuccessProb,,,0.99734661119665
LoRaSim-MinimalTopology-0-20240420-23:23:49-14020,scalar,LoRa.server[9],duration,,,432000
LoRaSim-MinimalTopology-0-20240420-23:23:49-14020,scalar,LoRa.server[10],SF: 7,,,0.42759953703704
LoRaSim-MinimalTopology-0-20240420-23:23:49-14020,scalar,LoRa.server[10],rcvCounter: 7,,,186181
LoRaSim-MinimalTopology-0-20240420-23:23:49-14020,scalar,LoRa.server[10],noOfCollidedPackets: 7,,,1458
LoRaSim-MinimalTopology-0-20240420-23:23:49-14020,scalar,LoRa.server[10],noOfSuccessPackets: 7,,,184723
LoRaSim-MinimalTopology-0-20240420-23:23:49-14020,scalar,LoRa.server[10],noOfHostsInSFTier: 7,,,148
LoRaSim-MinimalTopology-0-20240420-23:23:49-14020,scalar,LoRa.server[10],SF: 8,,,0
LoRaSim-MinimalTopology-0-20240420-23:23:49-14020,scalar,LoRa.server[10],rcvCounter: 8,,,0
LoRaSim-MinimalTopology-0-20240420-23:23:49-14020,scalar,LoRa.server[10],noOfCollidedPackets: 8,,,0
LoRaSim-MinimalTopology-0-20240420-23:23:49-14020,scalar,LoRa.server[10],noOfSuccessPackets: 8,,,0
LoRaSim-MinimalTopology-0-20240420-23:23:49-14020,scalar,LoRa.server[10],noOfHostsInSFTier: 8,,,64
LoRaSim-MinimalTopology-0-20240420-23:23:49-14020,scalar,LoRa.server[10],SF: 9,,,0
LoRaSim-MinimalTopology-0-20240420-23:23:49-14020,scalar,LoRa.server[10],rcvCounter: 9,,,0
LoRaSim-MinimalTopology-0-20240420-23:23:49-14020,scalar,LoRa.server[10],noOfCollidedPackets: 9,,,0
LoRaSim-MinimalTopology-0-20240420-23:23:49-14020,scalar,LoRa.server[10],noOfSuccessPackets: 9,,,0
LoRaSim-MinimalTopology-0-20240420-23:23:49-14020,scalar,LoRa.server[10],noOfHostsInSFTier: 9,,,110
LoRaSim-MinimalTopology-0-20240420-23:23:49-14020,scalar,LoRa.server[10],SF: 10,,,0
LoRaSim-MinimalTopology-0-20240420-23:23:49-14020,scalar,LoRa.server[10],rcvCounter: 10,,,0
LoRaSim-MinimalTopology-0-20240420-23:23:49-14020,scalar,LoRa.server[10],noOfCollidedPackets: 10,,,0
LoRaSim-MinimalTopology-0-20240420-23:23:49-14020,scalar,LoRa.server[10],noOfSuccessPackets: 10,,,0
LoRaSim-MinimalTopology-0-20240420-23:23:49-14020,scalar,LoRa.server[10],noOfHostsInSFTier: 10,,,168
LoRaSim-MinimalTopology-0-20240420-23:23:49-14020,scalar,LoRa.server[10],SF: 11,,,0
LoRaSim-MinimalTopology-0-20240420-23:23:49-14020,scalar,LoRa.server[10],rcvCounter: 11,,,0
LoRaSim-MinimalTopology-0-20240420-23:23:49-14020,scalar,LoRa.server[10],noOfCollidedPackets: 11,,,0
LoRaSim-MinimalTopology-0-20240420-23:23:49-14020,scalar,LoRa.server[10],noOfSuccessPackets: 11,,,0
LoRaSim-MinimalTopology-0-20240420-23:23:49-14020,scalar,LoRa.server[10],noOfHostsInSFTier: 11,,,194
LoRaSim-MinimalTopology-0-20240420-23:23:49-14020,scalar,LoRa.server[10],SF: 12,,,0
LoRaSim-MinimalTopology-0-20240420-23:23:49-14020,scalar,LoRa.server[10],rcvCounter: 12,,,0
LoRaSim-MinimalTopology-0-20240420-23:23:49-14020,scalar,LoRa.server[10],noOfCollidedPackets: 12,,,0
LoRaSim-MinimalTopology-0-20240420-23:23:49-14020,scalar,LoRa.server[10],noOfSuccessPackets: 12,,,0
LoRaSim-MinimalTopology-0-20240420-23:23:49-14020,scalar,LoRa.server[10],noOfHostsInSFTier: 12,,,315
LoRaSim-MinimalTopology-0-20240420-23:23:49-14020,scalar,LoRa.server[10],totalSuccessRate,,,0.42759953703704
LoRaSim-MinimalTopology-0-20240420-23:23:49-14020,scalar,LoRa.server[10],totalSuccessProb,,,0.99216891089853
LoRaSim-MinimalTopology-0-20240420-23:23:49-14020,scalar,LoRa.server[10],duration,,,432000
LoRaSim-MinimalTopology-0-20240420-23:23:49-14020,scalar,LoRa.host[0],numOfHostsPerSF_Server0_SF7,,,61
LoRaSim-MinimalTopology-0-20240420-23:23:49-14020,scalar,LoRa.host[0],numOfHostsPerSF_Server0_SF8,,,15
LoRaSim-MinimalTopology-0-20240420-23:23:49-14020,scalar,LoRa.host[0],numOfHostsPerSF_Server0_SF9,,,3
LoRaSim-MinimalTopology-0-20240420-23:23:49-14020,scalar,LoRa.host[0],numOfHostsPerSF_Server0_SF10,,,0
LoRaSim-MinimalTopology-0-20240420-23:23:49-14020,scalar,LoRa.host[0],numOfHostsPerSF_Server0_SF11,,,0
LoRaSim-MinimalTopology-0-20240420-23:23:49-14020,scalar,LoRa.host[0],numOfHostsPerSF_Server0_SF12,,,0
LoRaSim-MinimalTopology-0-20240420-23:23:49-14020,scalar,LoRa.host[0],numOfHostsPerSF_Server1_SF7,,,53
LoRaSim-MinimalTopology-0-20240420-23:23:49-14020,scalar,LoRa.host[0],numOfHostsPerSF_Server1_SF8,,,14
LoRaSim-MinimalTopology-0-20240420-23:23:49-14020,scalar,LoRa.host[0],numOfHostsPerSF_Server1_SF9,,,9
LoRaSim-MinimalTopology-0-20240420-23:23:49-14020,scalar,LoRa.host[0],numOfHostsPerSF_Server1_SF10,,,0
LoRaSim-MinimalTopology-0-20240420-23:23:49-14020,scalar,LoRa.host[0],numOfHostsPerSF_Server1_SF11,,,0
LoRaSim-MinimalTopology-0-20240420-23:23:49-14020,scalar,LoRa.host[0],numOfHostsPerSF_Server1_SF12,,,0
LoRaSim-MinimalTopology-0-20240420-23:23:49-14020,scalar,LoRa.host[0],numOfHostsPerSF_Server2_SF7,,,47
LoRaSim-MinimalTopology-0-20240420-23:23:49-14020,scalar,LoRa.host[0],numOfHostsPerSF_Server2_SF8,,,9
LoRaSim-MinimalTopology-0-20240420-23:23:49-14020,scalar,LoRa.host[0],numOfHostsPerSF_Server2_SF9,,,5
LoRaSim-MinimalTopology-0-20240420-23:23:49-14020,scalar,LoRa.host[0],numOfHostsPerSF_Server2_SF10,,,0
LoRaSim-MinimalTopology-0-20240420-23:23:49-14020,scalar,LoRa.host[0],numOfHostsPerSF_Server2_SF11,,,0
LoRaSim-MinimalTopology-0-20240420-23:23:49-14020,scalar,LoRa.host[0],numOfHostsPerSF_Server2_SF12,,,0
LoRaSim-MinimalTopology-0-20240420-23:23:49-14020,scalar,LoRa.host[0],numOfHostsPerSF_Server3_SF7,,,43
LoRaSim-MinimalTopology-0-20240420-23:23:49-14020,scalar,LoRa.host[0],numOfHostsPerSF_Server3_SF8,,,11
LoRaSim-MinimalTopology-0-20240420-23:23:49-14020,scalar,LoRa.host[0],numOfHostsPerSF_Server3_SF9,,,4
LoRaSim-MinimalTopology-0-20240420-23:23:49-14020,scalar,LoRa.host[0],numOfHostsPerSF_Server3_SF10,,,0
LoRaSim-MinimalTopology-0-20240420-23:23:49-14020,scalar,LoRa.host[0],numOfHostsPerSF_Server3_SF11,,,0
LoRaSim-MinimalTopology-0-20240420-23:23:49-14020,scalar,LoRa.host[0],numOfHostsPerSF_Server3_SF12,,,0
LoRaSim-MinimalTopology-0-20240420-23:23:49-14020,scalar,LoRa.host[0],numOfHostsPerSF_Server4_SF7,,,70
LoRaSim-MinimalTopology-0-20240420-23:23:49-14020,scalar,LoRa.host[0],numOfHostsPerSF_Server4_SF8,,,12
LoRaSim-MinimalTopology-0-20240420-23:23:49-14020,scalar,LoRa.host[0],numOfHostsPerSF_Server4_SF9,,,5
LoRaSim-MinimalTopology-0-20240420-23:23:49-14020,scalar,LoRa.host[0],numOfHostsPerSF_Server4_SF10,,,0
LoRaSim-MinimalTopology-0-20240420-23:23:49-14020,scalar,LoRa.host[0],numOfHostsPerSF_Server4_SF11,,,0
LoRaSim-MinimalTopology-0-20240420-23:23:49-14020,scalar,LoRa.host[0],numOfHostsPerSF_Server4_SF12,,,0
LoRaSim-MinimalTopology-0-20240420-23:23:49-14020,scalar,LoRa.host[0],numOfHostsPerSF_Server5_SF7,,,56
LoRaSim-MinimalTopology-0-20240420-23:23:49-14020,scalar,LoRa.host[0],numOfHostsPerSF_Server5_SF8,,,12
LoRaSim-MinimalTopology-0-20240420-23:23:49-14020,scalar,LoRa.host[0],numOfHostsPerSF_Server5_SF9,,,6
LoRaSim-MinimalTopology-0-20240420-23:23:49-14020,scalar,LoRa.host[0],numOfHostsPerSF_Server5_SF10,,,0
LoRaSim-MinimalTopology-0-20240420-23:23:49-14020,scalar,LoRa.host[0],numOfHostsPerSF_Server5_SF11,,,0
LoRaSim-MinimalTopology-0-20240420-23:23:49-14020,scalar,LoRa.host[0],numOfHostsPerSF_Server5_SF12,,,0
LoRaSim-MinimalTopology-0-20240420-23:23:49-14020,scalar,LoRa.host[0],numOfHostsPerSF_Server6_SF7,,,63
LoRaSim-MinimalTopology-0-20240420-23:23:49-14020,scalar,LoRa.host[0],numOfHostsPerSF_Server6_SF8,,,17
LoRaSim-MinimalTopology-0-20240420-23:23:49-14020,scalar,LoRa.host[0],numOfHostsPerSF_Server6_SF9,,,2
LoRaSim-MinimalTopology-0-20240420-23:23:49-14020,scalar,LoRa.host[0],numOfHostsPerSF_Server6_SF10,,,0
LoRaSim-MinimalTopology-0-20240420-23:23:49-14020,scalar,LoRa.host[0],numOfHostsPerSF_Server6_SF11,,,0
LoRaSim-MinimalTopology-0-20240420-23:23:49-14020,scalar,LoRa.host[0],numOfHostsPerSF_Server6_SF12,,,0
LoRaSim-MinimalTopology-0-20240420-23:23:49-14020,scalar,LoRa.host[0],numOfHostsPerSF_Server7_SF7,,,65
LoRaSim-MinimalTopology-0-20240420-23:23:49-14020,scalar,LoRa.host[0],numOfHostsPerSF_Server7_SF8,,,12
LoRaSim-MinimalTopology-0-20240420-23:23:49-14020,scalar,LoRa.host[0],numOfHostsPerSF_Server7_SF9,,,8
LoRaSim-MinimalTopology-0-20240420-23:23:49-14020,scalar,LoRa.host[0],numOfHostsPerSF_Server7_SF10,,,0
LoRaSim-MinimalTopology-0-20240420-23:23:49-14020,scalar,LoRa.host[0],numOfHostsPerSF_Server7_SF11,,,0
LoRaSim-MinimalTopology-0-20240420-23:23:49-14020,scalar,LoRa.host[0],numOfHostsPerSF_Server7_SF12,,,0
LoRaSim-MinimalTopology-0-20240420-23:23:49-14020,scalar,LoRa.host[0],numOfHostsPerSF_Server8_SF7,,,39
LoRaSim-MinimalTopology-0-20240420-23:23:49-14020,scalar,LoRa.host[0],numOfHostsPerSF_Server8_SF8,,,7
LoRaSim-MinimalTopology-0-20240420-23:23:49-14020,scalar,LoRa.host[0],numOfHostsPerSF_Server8_SF9,,,6
LoRaSim-MinimalTopology-0-20240420-23:23:49-14020,scalar,LoRa.host[0],numOfHostsPerSF_Server8_SF10,,,0
LoRaSim-MinimalTopology-0-20240420-23:23:49-14020,scalar,LoRa.host[0],numOfHostsPerSF_Server8_SF11,,,0
LoRaSim-MinimalTopology-0-20240420-23:23:49-14020,scalar,LoRa.host[0],numOfHostsPerSF_Server8_SF12,,,0
LoRaSim-MinimalTopology-0-20240420-23:23:49-14020,scalar,LoRa.host[0],numOfHostsPerSF_Server9_SF7,,,63
LoRaSim-MinimalTopology-0-20240420-23:23:49-14020,scalar,LoRa.host[0],numOfHostsPerSF_Server9_SF8,,,18
LoRaSim-MinimalTopology-0-20240420-23:23:49-14020,scalar,LoRa.host[0],numOfHostsPerSF_Server9_SF9,,,4
LoRaSim-MinimalTopology-0-20240420-23:23:49-14020,scalar,LoRa.host[0],numOfHostsPerSF_Server9_SF10,,,0
LoRaSim-MinimalTopology-0-20240420-23:23:49-14020,scalar,LoRa.host[0],numOfHostsPerSF_Server9_SF11,,,0
LoRaSim-MinimalTopology-0-20240420-23:23:49-14020,scalar,LoRa.host[0],numOfHostsPerSF_Server9_SF12,,,0
LoRaSim-MinimalTopology-0-20240420-23:23:49-14020,scalar,LoRa.host[0],numOfHostsPerSF_Server10_SF7,,,148
LoRaSim-MinimalTopology-0-20240420-23:23:49-14020,scalar,LoRa.host[0],numOfHostsPerSF_Server10_SF8,,,64
LoRaSim-MinimalTopology-0-20240420-23:23:49-14020,scalar,LoRa.host[0],numOfHostsPerSF_Server10_SF9,,,49
LoRaSim-MinimalTopology-0-20240420-23:23:49-14020,scalar,LoRa.host[0],numOfHostsPerSF_Server10_SF10,,,0
LoRaSim-MinimalTopology-0-20240420-23:23:49-14020,scalar,LoRa.host[0],numOfHostsPerSF_Server10_SF11,,,0
LoRaSim-MinimalTopology-0-20240420-23:23:49-14020,scalar,LoRa.host[0],numOfHostsPerSF_Server10_SF12,,,0
LoRaSim-MinimalTopology-0-20240420-23:23:49-14020,scalar,_runattrs_,M,,,11
LoRaSim-MinimalTopology-0-20240420-23:23:49-14020,scalar,_runattrs_,N,,,1000
