run,type,module,name,attrname,attrvalue,value
LoRaSim-MinimalTopology-0-20240420-23:27:03-7004,runattr,,,configname,LoRaSim-MinimalTopology,
LoRaSim-MinimalTopology-0-20240420-23:27:03-7004,runattr,,,datetime,20240420-23:27:03,
LoRaSim-MinimalTopology-0-20240420-23:27:03-7004,runattr,,,experiment,LoRaSim-MinimalTopology,
LoRaSim-MinimalTopology-0-20240420-23:27:03-7004,runattr,,,inifile,omnetpp.ini,
LoRaSim-MinimalTopology-0-20240420-23:27:03-7004,runattr,,,iterationvars,"$N=2000, $M=11",
LoRaSim-MinimalTopology-0-20240420-23:27:03-7004,runattr,,,iterationvarsf,"N=2000,M=11-",
LoRaSim-MinimalTopology-0-20240420-23:27:03-7004,runattr,,,measurement,"$N=2000, $M=11",
LoRaSim-MinimalTopology-0-20240420-23:27:03-7004,runattr,,,network,LoRa,
LoRaSim-MinimalTopology-0-20240420-23:27:03-7004,runattr,,,processid,7004,
LoRaSim-MinimalTopology-0-20240420-23:27:03-7004,runattr,,,repetition,0,
LoRaSim-MinimalTopology-0-20240420-23:27:03-7004,runattr,,,replication,#0,
LoRaSim-MinimalTopology-0-20240420-23:27:03-7004,runattr,,,resultdir,results,
LoRaSim-MinimalTopology-0-20240420-23:27:03-7004,runattr,,,runnumber,0,
LoRaSim-MinimalTopology-0-20240420-23:27:03-7004,runattr,,,seedset,0,
LoRaSim-MinimalTopology-0-20240420-23:27:03-7004,itervar,,,M,11,
LoRaSim-MinimalTopology-0-20240420-23:27:03-7004,itervar,,,N,2000,
LoRaSim-MinimalTopology-0-20240420-23:27:03-7004,param,,,LoRa.host[*].isBufferingEvents,false,
LoRaSim-MinimalTopology-0-20240420-23:27:03-7004,param,,,LoRa.host[*].addFrameHeader,false,
LoRaSim-MinimalTopology-0-20240420-23:27:03-7004,param,,,LoRa.host[*].nbOfChannels,3,
LoRaSim-MinimalTopology-0-20240420-23:27:03-7004,param,,,LoRa.numHosts,2000,
LoRaSim-MinimalTopology-0-20240420-23:27:03-7004,param,,,LoRa.host[*].iaTime,exponential(600s),
LoRaSim-MinimalTopology-0-20240420-23:27:03-7004,param,,,LoRa.host[*].pkLenBits,160b,
LoRaSim-MinimalTopology-0-20240420-23:27:03-7004,param,,,LoRa.netR,6333.83 m,
LoRaSim-MinimalTopology-0-20240420-23:27:03-7004,param,,,LoRa.server[*].pathlossExp,3,
LoRaSim-MinimalTopology-0-20240420-23:27:03-7004,param,,,LoRa.server[*].BW,125,
LoRaSim-MinimalTopology-0-20240420-23:27:03-7004,param,,,LoRa.numServers,11,
LoRaSim-MinimalTopology-0-20240420-23:27:03-7004,param,,,LoRa.server[0].x,6333.83m,
LoRaSim-MinimalTopology-0-20240420-23:27:03-7004,param,,,LoRa.server[0].y,0,
LoRaSim-MinimalTopology-0-20240420-23:27:03-7004,param,,,LoRa.server[1].x,5124.66m,
LoRaSim-MinimalTopology-0-20240420-23:27:03-7004,param,,,LoRa.server[1].y,3720.35m,
LoRaSim-MinimalTopology-0-20240420-23:27:03-7004,param,,,LoRa.server[2].x,1955.48m,
LoRaSim-MinimalTopology-0-20240420-23:27:03-7004,param,,,LoRa.server[2].y,6022.43m,
LoRaSim-MinimalTopology-0-20240420-23:27:03-7004,param,,,LoRa.server[3].x,-1955.48m,
LoRaSim-MinimalTopology-0-20240420-23:27:03-7004,param,,,LoRa.server[3].y,6022.43m,
LoRaSim-MinimalTopology-0-20240420-23:27:03-7004,param,,,LoRa.server[4].x,-5124.66m,
LoRaSim-MinimalTopology-0-20240420-23:27:03-7004,param,,,LoRa.server[4].y,3722.39m,
LoRaSim-MinimalTopology-0-20240420-23:27:03-7004,param,,,LoRa.server[5].x,-6333.83m,
LoRaSim-MinimalTopology-0-20240420-23:27:03-7004,param,,,LoRa.server[5].y,0m,
LoRaSim-MinimalTopology-0-20240420-23:27:03-7004,param,,,LoRa.server[6].x,-5124.66m,
LoRaSim-MinimalTopology-0-20240420-23:27:03-7004,param,,,LoRa.server[6].y,-3722.39m,
LoRaSim-MinimalTopology-0-20240420-23:27:03-7004,param,,,LoRa.server[7].x,-1955.48m,
LoRaSim-MinimalTopology-0-20240420-23:27:03-7004,param,,,LoRa.server[7].y,-6022.43m,
LoRaSim-MinimalTopology-0-20240420-23:27:03-7004,param,,,LoRa.server[8].x,1955.48m,
LoRaSim-MinimalTopology-0-20240420-23:27:03-7004,param,,,LoRa.server[8].y,-6022.43m,
LoRaSim-MinimalTopology-0-20240420-23:27:03-7004,param,,,LoRa.server[9].x,5124.66m,
LoRaSim-MinimalTopology-0-20240420-23:27:03-7004,param,,,LoRa.server[9].y,-3720.35m,
LoRaSim-MinimalTopology-0-20240420-23:27:03-7004,param,,,LoRa.server[10].x,0,
LoRaSim-MinimalTopology-0-20240420-23:27:03-7004,param,,,LoRa.server[10].y,0,
LoRaSim-MinimalTopology-0-20240420-23:27:03-7004,param,,,**.animationHoldTimeOnCollision,0s,
LoRaSim-MinimalTopology-0-20240420-23:27:03-7004,param,,,**.idleAnimationSpeed,1,
LoRaSim-MinimalTopology-0-20240420-23:27:03-7004,param,,,**.transmissionEdgeAnimationSpeed,1e-6,
LoRaSim-MinimalTopology-0-20240420-23:27:03-7004,param,,,**.midTransmissionAnimationSpeed,1e-1,
LoRaSim-MinimalTopology-0-20240420-23:27:03-7004,param,,,LoRa.slotTime,0,
LoRaSim-MinimalTopology-0-20240420-23:27:03-7004,param,,,LoRa.dutyCycleActive,true,
LoRaSim-MinimalTopology-0-20240420-23:27:03-7004,scalar,LoRa.server[0],SF: 7,,,0.25141666666667
LoRaSim-MinimalTopology-0-20240420-23:27:03-7004,scalar,LoRa.server[0],rcvCounter: 7,,,109122
LoRaSim-MinimalTopology-0-20240420-23:27:03-7004,scalar,LoRa.server[0],noOfCollidedPackets: 7,,,510
LoRaSim-MinimalTopology-0-20240420-23:27:03-7004,scalar,LoRa.server[0],noOfSuccessPackets: 7,,,108612
LoRaSim-MinimalTopology-0-20240420-23:27:03-7004,scalar,LoRa.server[0],noOfHostsInSFTier: 7,,,305
LoRaSim-MinimalTopology-0-20240420-23:27:03-7004,scalar,LoRa.server[0],SF: 8,,,0
LoRaSim-MinimalTopology-0-20240420-23:27:03-7004,scalar,LoRa.server[0],rcvCounter: 8,,,0
LoRaSim-MinimalTopology-0-20240420-23:27:03-7004,scalar,LoRa.server[0],noOfCollidedPackets: 8,,,0
LoRaSim-MinimalTopology-0-20240420-23:27:03-7004,scalar,LoRa.server[0],noOfSuccessPackets: 8,,,0
LoRaSim-MinimalTopology-0-20240420-23:27:03-7004,scalar,LoRa.server[0],noOfHostsInSFTier: 8,,,131
LoRaSim-MinimalTopology-0-20240420-23:27:03-7004,scalar,LoRa.server[0],SF: 9,,,0
LoRaSim-MinimalTopology-0-20240420-23:27:03-7004,scalar,LoRa.server[0],rcvCounter: 9,,,0
LoRaSim-MinimalTopology-0-20240420-23:27:03-7004,scalar,LoRa.server[0],noOfCollidedPackets: 9,,,0
LoRaSim-MinimalTopology-0-20240420-23:27:03-7004,scalar,LoRa.server[0],noOfSuccessPackets: 9,,,0
LoRaSim-MinimalTopology-0-20240420-23:27:03-7004,scalar,LoRa.server[0],noOfHostsInSFTier: 9,,,204
LoRaSim-MinimalTopology-0-20240420-23:27:03-7004,scalar,LoRa.server[0],SF: 10,,,0
LoRaSim-MinimalTopology-0-20240420-23:27:03-7004,scalar,LoRa.server[0],rcvCounter: 10,,,0
LoRaSim-MinimalTopology-0-20240420-23:27:03-7004,scalar,LoRa.server[0],noOfCollidedPackets: 10,,,0
LoRaSim-MinimalTopology-0-20240420-23:27:03-7004,scalar,LoRa.server[0],noOfSuccessPackets: 10,,,0
LoRaSim-MinimalTopology-0-20240420-23:27:03-7004,scalar,LoRa.server[0],noOfHostsInSFTier: 10,,,301
LoRaSim-MinimalTopology-0-20240420-23:27:03-7004,scalar,LoRa.server[0],SF: 11,,,0
LoRaSim-MinimalTopology-0-20240420-23:27:03-7004,scalar,LoRa.server[0],rcvCounter: 11,,,0
LoRaSim-MinimalTopology-0-20240420-23:27:03-7004,scalar,LoRa.server[0],noOfCollidedPackets: 11,,,0
LoRaSim-MinimalTopology-0-20240420-23:27:03-7004,scalar,LoRa.server[0],noOfSuccessPackets: 11,,,0
LoRaSim-MinimalTopology-0-20240420-23:27:03-7004,scalar,LoRa.server[0],noOfHostsInSFTier: 11,,,391
LoRaSim-MinimalTopology-0-20240420-23:27:03-7004,scalar,LoRa.server[0],SF: 12,,,0
LoRaSim-MinimalTopology-0-20240420-23:27:03-7004,scalar,LoRa.server[0],rcvCounter: 12,,,0
LoRaSim-MinimalTopology-0-20240420-23:27:03-7004,scalar,LoRa.server[0],noOfCollidedPackets: 12,,,0
LoRaSim-MinimalTopology-0-20240420-23:27:03-7004,scalar,LoRa.server[0],noOfSuccessPackets: 12,,,0
LoRaSim-MinimalTopology-0-20240420-23:27:03-7004,scalar,LoRa.server[0],noOfHostsInSFTier: 12,,,667
LoRaSim-MinimalTopology-0-20240420-23:27:03-7004,scalar,LoRa.server[0],totalSuccessRate,,,0.25141666666667
LoRaSim-MinimalTopology-0-20240420-23:27:03-7004,scalar,LoRa.server[0],totalSuccessProb,,,0.99532633199538
LoRaSim-MinimalTopology-0-20240420-23:27:03-7004,scalar,LoRa.server[0],duration,,,432000
LoRaSim-MinimalTopology-0-20240420-23:27:03-7004,scalar,LoRa.server[1],SF: 7,,,0.24646296296296
LoRaSim-MinimalTopology-0-20240420-23:27:03-7004,scalar,LoRa.server[1],rcvCounter: 7,,,106906
LoRaSim-MinimalTopology-0-20240420-23:27:03-7004,scalar,LoRa.server[1],noOfCollidedPackets: 7,,,434
LoRaSim-MinimalTopology-0-20240420-23:27:03-7004,scalar,LoRa.server[1],noOfSuccessPackets: 7,,,106472
LoRaSim-MinimalTopology-0-20240420-23:27:03-7004,scalar,LoRa.server[1],noOfHostsInSFTier: 7,,,305
LoRaSim-MinimalTopology-0-20240420-23:27:03-7004,scalar,LoRa.server[1],SF: 8,,,0
LoRaSim-MinimalTopology-0-20240420-23:27:03-7004,scalar,LoRa.server[1],rcvCounter: 8,,,0
LoRaSim-MinimalTopology-0-20240420-23:27:03-7004,scalar,LoRa.server[1],noOfCollidedPackets: 8,,,0
LoRaSim-MinimalTopology-0-20240420-23:27:03-7004,scalar,LoRa.server[1],noOfSuccessPackets: 8,,,0
LoRaSim-MinimalTopology-0-20240420-23:27:03-7004,scalar,LoRa.server[1],noOfHostsInSFTier: 8,,,131
LoRaSim-MinimalTopology-0-20240420-23:27:03-7004,scalar,LoRa.server[1],SF: 9,,,0
LoRaSim-MinimalTopology-0-20240420-23:27:03-7004,scalar,LoRa.server[1],rcvCounter: 9,,,0
LoRaSim-MinimalTopology-0-20240420-23:27:03-7004,scalar,LoRa.server[1],noOfCollidedPackets: 9,,,0
LoRaSim-MinimalTopology-0-20240420-23:27:03-7004,scalar,LoRa.server[1],noOfSuccessPackets: 9,,,0
LoRaSim-MinimalTopology-0-20240420-23:27:03-7004,scalar,LoRa.server[1],noOfHostsInSFTier: 9,,,204
LoRaSim-MinimalTopology-0-20240420-23:27:03-7004,scalar,LoRa.server[1],SF: 10,,,0
LoRaSim-MinimalTopology-0-20240420-23:27:03-7004,scalar,LoRa.server[1],rcvCounter: 10,,,0
LoRaSim-MinimalTopology-0-20240420-23:27:03-7004,scalar,LoRa.server[1],noOfCollidedPackets: 10,,,0
LoRaSim-MinimalTopology-0-20240420-23:27:03-7004,scalar,LoRa.server[1],noOfSuccessPackets: 10,,,0
LoRaSim-MinimalTopology-0-20240420-23:27:03-7004,scalar,LoRa.server[1],noOfHostsInSFTier: 10,,,301
LoRaSim-MinimalTopology-0-20240420-23:27:03-7004,scalar,LoRa.server[1],SF: 11,,,0
LoRaSim-MinimalTopology-0-20240420-23:27:03-7004,scalar,LoRa.server[1],rcvCounter: 11,,,0
LoRaSim-MinimalTopology-0-20240420-23:27:03-7004,scalar,LoRa.server[1],noOfCollidedPackets: 11,,,0
LoRaSim-MinimalTopology-0-20240420-23:27:03-7004,scalar,LoRa.server[1],noOfSuccessPackets: 11,,,0
LoRaSim-MinimalTopology-0-20240420-23:27:03-7004,scalar,LoRa.server[1],noOfHostsInSFTier: 11,,,391
LoRaSim-MinimalTopology-0-20240420-23:27:03-7004,scalar,LoRa.server[1],SF: 12,,,0
LoRaSim-MinimalTopology-0-20240420-23:27:03-7004,scalar,LoRa.server[1],rcvCounter: 12,,,0
LoRaSim-MinimalTopology-0-20240420-23:27:03-7004,scalar,LoRa.server[1],noOfCollidedPackets: 12,,,0
LoRaSim-MinimalTopology-0-20240420-23:27:03-7004,scalar,LoRa.server[1],noOfSuccessPackets: 12,,,0
LoRaSim-MinimalTopology-0-20240420-23:27:03-7004,scalar,LoRa.server[1],noOfHostsInSFTier: 12,,,667
LoRaSim-MinimalTopology-0-20240420-23:27:03-7004,scalar,LoRa.server[1],totalSuccessRate,,,0.24646296296296
LoRaSim-MinimalTopology-0-20240420-23:27:03-7004,scalar,LoRa.server[1],totalSuccessProb,,,0.9959403588199
LoRaSim-MinimalTopology-0-20240420-23:27:03-7004,scalar,LoRa.server[1],duration,,,432000
LoRaSim-MinimalTopology-0-20240420-23:27:03-7004,scalar,LoRa.server[2],SF: 7,,,0.24052314814815
LoRaSim-MinimalTopology-0-20240420-23:27:03-7004,scalar,LoRa.server[2],rcvCounter: 7,,,104414
LoRaSim-MinimalTopology-0-20240420-23:27:03-7004,scalar,LoRa.server[2],noOfCollidedPackets: 7,,,508
LoRaSim-MinimalTopology-0-20240420-23:27:03-7004,scalar,LoRa.server[2],noOfSuccessPackets: 7,,,103906
LoRaSim-MinimalTopology-0-20240420-23:27:03-7004,scalar,LoRa.server[2],noOfHostsInSFTier: 7,,,305
LoRaSim-MinimalTopology-0-20240420-23:27:03-7004,scalar,LoRa.server[2],SF: 8,,,0
LoRaSim-MinimalTopology-0-20240420-23:27:03-7004,scalar,LoRa.server[2],rcvCounter: 8,,,0
LoRaSim-MinimalTopology-0-20240420-23:27:03-7004,scalar,LoRa.server[2],noOfCollidedPackets: 8,,,0
LoRaSim-MinimalTopology-0-20240420-23:27:03-7004,scalar,LoRa.server[2],noOfSuccessPackets: 8,,,0
LoRaSim-MinimalTopology-0-20240420-23:27:03-7004,scalar,LoRa.server[2],noOfHostsInSFTier: 8,,,131
LoRaSim-MinimalTopology-0-20240420-23:27:03-7004,scalar,LoRa.server[2],SF: 9,,,0
LoRaSim-MinimalTopology-0-20240420-23:27:03-7004,scalar,LoRa.server[2],rcvCounter: 9,,,0
LoRaSim-MinimalTopology-0-20240420-23:27:03-7004,scalar,LoRa.server[2],noOfCollidedPackets: 9,,,0
LoRaSim-MinimalTopology-0-20240420-23:27:03-7004,scalar,LoRa.server[2],noOfSuccessPackets: 9,,,0
LoRaSim-MinimalTopology-0-20240420-23:27:03-7004,scalar,LoRa.server[2],noOfHostsInSFTier: 9,,,204
LoRaSim-MinimalTopology-0-20240420-23:27:03-7004,scalar,LoRa.server[2],SF: 10,,,0
LoRaSim-MinimalTopology-0-20240420-23:27:03-7004,scalar,LoRa.server[2],rcvCounter: 10,,,0
LoRaSim-MinimalTopology-0-20240420-23:27:03-7004,scalar,LoRa.server[2],noOfCollidedPackets: 10,,,0
LoRaSim-MinimalTopology-0-20240420-23:27:03-7004,scalar,LoRa.server[2],noOfSuccessPackets: 10,,,0
LoRaSim-MinimalTopology-0-20240420-23:27:03-7004,scalar,LoRa.server[2],noOfHostsInSFTier: 10,,,301
LoRaSim-MinimalTopology-0-20240420-23:27:03-7004,scalar,LoRa.server[2],SF: 11,,,0
LoRaSim-MinimalTopology-0-20240420-23:27:03-7004,scalar,LoRa.server[2],rcvCounter: 11,,,0
LoRaSim-MinimalTopology-0-20240420-23:27:03-7004,scalar,LoRa.server[2],noOfCollidedPackets: 11,,,0
LoRaSim-MinimalTopology-0-20240420-23:27:03-7004,scalar,LoRa.server[2],noOfSuccessPackets: 11,,,0
LoRaSim-MinimalTopology-0-20240420-23:27:03-7004,scalar,LoRa.server[2],noOfHostsInSFTier: 11,,,391
LoRaSim-MinimalTopology-0-20240420-23:27:03-7004,scalar,LoRa.server[2],SF: 12,,,0
LoRaSim-MinimalTopology-0-20240420-23:27:03-7004,scalar,LoRa.server[2],rcvCounter: 12,,,0
LoRaSim-MinimalTopology-0-20240420-23:27:03-7004,scalar,LoRa.server[2],noOfCollidedPackets: 12,,,0
LoRaSim-MinimalTopology-0-20240420-23:27:03-7004,scalar,LoRa.server[2],noOfSuccessPackets: 12,,,0
LoRaSim-MinimalTopology-0-20240420-23:27:03-7004,scalar,LoRa.server[2],noOfHostsInSFTier: 12,,,667
LoRaSim-MinimalTopology-0-20240420-23:27:03-7004,scalar,LoRa.server[2],totalSuccessRate,,,0.24052314814815
LoRaSim-MinimalTopology-0-20240420-23:27:03-7004,scalar,LoRa.server[2],totalSuccessProb,,,0.99513475204474
LoRaSim-MinimalTopology-0-20240420-23:27:03-7004,scalar,LoRa.server[2],duration,,,432000
LoRaSim-MinimalTopology-0-20240420-23:27:03-7004,scalar,LoRa.server[3],SF: 7,,,0.21568981481481
LoRaSim-MinimalTopology-0-20240420-23:27:03-7004,scalar,LoRa.server[3],rcvCounter: 7,,,93586
LoRaSim-MinimalTopology-0-20240420-23:27:03-7004,scalar,LoRa.server[3],noOfCollidedPackets: 7,,,408
LoRaSim-MinimalTopology-0-20240420-23:27:03-7004,scalar,LoRa.server[3],noOfSuccessPackets: 7,,,93178
LoRaSim-MinimalTopology-0-20240420-23:27:03-7004,scalar,LoRa.server[3],noOfHostsInSFTier: 7,,,305
LoRaSim-MinimalTopology-0-20240420-23:27:03-7004,scalar,LoRa.server[3],SF: 8,,,0
LoRaSim-MinimalTopology-0-20240420-23:27:03-7004,scalar,LoRa.server[3],rcvCounter: 8,,,0
LoRaSim-MinimalTopology-0-20240420-23:27:03-7004,scalar,LoRa.server[3],noOfCollidedPackets: 8,,,0
LoRaSim-MinimalTopology-0-20240420-23:27:03-7004,scalar,LoRa.server[3],noOfSuccessPackets: 8,,,0
LoRaSim-MinimalTopology-0-20240420-23:27:03-7004,scalar,LoRa.server[3],noOfHostsInSFTier: 8,,,131
LoRaSim-MinimalTopology-0-20240420-23:27:03-7004,scalar,LoRa.server[3],SF: 9,,,0
LoRaSim-MinimalTopology-0-20240420-23:27:03-7004,scalar,LoRa.server[3],rcvCounter: 9,,,0
LoRaSim-MinimalTopology-0-20240420-23:27:03-7004,scalar,LoRa.server[3],noOfCollidedPackets: 9,,,0
LoRaSim-MinimalTopology-0-20240420-23:27:03-7004,scalar,LoRa.server[3],noOfSuccessPackets: 9,,,0
LoRaSim-MinimalTopology-0-20240420-23:27:03-7004,scalar,LoRa.server[3],noOfHostsInSFTier: 9,,,204
LoRaSim-MinimalTopology-0-20240420-23:27:03-7004,scalar,LoRa.server[3],SF: 10,,,0
LoRaSim-MinimalTopology-0-20240420-23:27:03-7004,scalar,LoRa.server[3],rcvCounter: 10,,,0
LoRaSim-MinimalTopology-0-20240420-23:27:03-7004,scalar,LoRa.server[3],noOfCollidedPackets: 10,,,0
LoRaSim-MinimalTopology-0-20240420-23:27:03-7004,scalar,LoRa.server[3],noOfSuccessPackets: 10,,,0
LoRaSim-MinimalTopology-0-20240420-23:27:03-7004,scalar,LoRa.server[3],noOfHostsInSFTier: 10,,,301
LoRaSim-MinimalTopology-0-20240420-23:27:03-7004,scalar,LoRa.server[3],SF: 11,,,0
LoRaSim-MinimalTopology-0-20240420-23:27:03-7004,scalar,LoRa.server[3],rcvCounter: 11,,,0
LoRaSim-MinimalTopology-0-20240420-23:27:03-7004,scalar,LoRa.server[3],noOfCollidedPackets: 11,,,0
LoRaSim-MinimalTopology-0-20240420-23:27:03-7004,scalar,LoRa.server[3],noOfSuccessPackets: 11,,,0
LoRaSim-MinimalTopology-0-20240420-23:27:03-7004,scalar,LoRa.server[3],noOfHostsInSFTier: 11,,,391
LoRaSim-MinimalTopology-0-20240420-23:27:03-7004,scalar,LoRa.server[3],SF: 12,,,0
LoRaSim-MinimalTopology-0-20240420-23:27:03-7004,scalar,LoRa.server[3],rcvCounter: 12,,,0
LoRaSim-MinimalTopology-0-20240420-23:27:03-7004,scalar,LoRa.server[3],noOfCollidedPackets: 12,,,0
LoRaSim-MinimalTopology-0-20240420-23:27:03-7004,scalar,LoRa.server[3],noOfSuccessPackets: 12,,,0
LoRaSim-MinimalTopology-0-20240420-23:27:03-7004,scalar,LoRa.server[3],noOfHostsInSFTier: 12,,,667
LoRaSim-MinimalTopology-0-20240420-23:27:03-7004,scalar,LoRa.server[3],totalSuccessRate,,,0.21568981481481
LoRaSim-MinimalTopology-0-20240420-23:27:03-7004,scalar,LoRa.server[3],totalSuccessProb,,,0.99564037356015
LoRaSim-MinimalTopology-0-20240420-23:27:03-7004,scalar,LoRa.server[3],duration,,,432000
LoRaSim-MinimalTopology-0-20240420-23:27:03-7004,scalar,LoRa.server[4],SF: 7,,,0.24346296296296
LoRaSim-MinimalTopology-0-20240420-23:27:03-7004,scalar,LoRa.server[4],rcvCounter: 7,,,105706
LoRaSim-MinimalTopology-0-20240420-23:27:03-7004,scalar,LoRa.server[4],noOfCollidedPackets: 7,,,530
LoRaSim-MinimalTopology-0-20240420-23:27:03-7004,scalar,LoRa.server[4],noOfSuccessPackets: 7,,,105176
LoRaSim-MinimalTopology-0-20240420-23:27:03-7004,scalar,LoRa.server[4],noOfHostsInSFTier: 7,,,305
LoRaSim-MinimalTopology-0-20240420-23:27:03-7004,scalar,LoRa.server[4],SF: 8,,,0
LoRaSim-MinimalTopology-0-20240420-23:27:03-7004,scalar,LoRa.server[4],rcvCounter: 8,,,0
LoRaSim-MinimalTopology-0-20240420-23:27:03-7004,scalar,LoRa.server[4],noOfCollidedPackets: 8,,,0
LoRaSim-MinimalTopology-0-20240420-23:27:03-7004,scalar,LoRa.server[4],noOfSuccessPackets: 8,,,0
LoRaSim-MinimalTopology-0-20240420-23:27:03-7004,scalar,LoRa.server[4],noOfHostsInSFTier: 8,,,131
LoRaSim-MinimalTopology-0-20240420-23:27:03-7004,scalar,LoRa.server[4],SF: 9,,,0
LoRaSim-MinimalTopology-0-20240420-23:27:03-7004,scalar,LoRa.server[4],rcvCounter: 9,,,0
LoRaSim-MinimalTopology-0-20240420-23:27:03-7004,scalar,LoRa.server[4],noOfCollidedPackets: 9,,,0
LoRaSim-MinimalTopology-0-20240420-23:27:03-7004,scalar,LoRa.server[4],noOfSuccessPackets: 9,,,0
LoRaSim-MinimalTopology-0-20240420-23:27:03-7004,scalar,LoRa.server[4],noOfHostsInSFTier: 9,,,204
LoRaSim-MinimalTopology-0-20240420-23:27:03-7004,scalar,LoRa.server[4],SF: 10,,,0
LoRaSim-MinimalTopology-0-20240420-23:27:03-7004,scalar,LoRa.server[4],rcvCounter: 10,,,0
LoRaSim-MinimalTopology-0-20240420-23:27:03-7004,scalar,LoRa.server[4],noOfCollidedPackets: 10,,,0
LoRaSim-MinimalTopology-0-20240420-23:27:03-7004,scalar,LoRa.server[4],noOfSuccessPackets: 10,,,0
LoRaSim-MinimalTopology-0-20240420-23:27:03-7004,scalar,LoRa.server[4],noOfHostsInSFTier: 10,,,301
LoRaSim-MinimalTopology-0-20240420-23:27:03-7004,scalar,LoRa.server[4],SF: 11,,,0
LoRaSim-MinimalTopology-0-20240420-23:27:03-7004,scalar,LoRa.server[4],rcvCounter: 11,,,0
LoRaSim-MinimalTopology-0-20240420-23:27:03-7004,scalar,LoRa.server[4],noOfCollidedPackets: 11,,,0
LoRaSim-MinimalTopology-0-20240420-23:27:03-7004,scalar,LoRa.server[4],noOfSuccessPackets: 11,,,0
LoRaSim-MinimalTopology-0-20240420-23:27:03-7004,scalar,LoRa.server[4],noOfHostsInSFTier: 11,,,391
LoRaSim-MinimalTopology-0-20240420-23:27:03-7004,scalar,LoRa.server[4],SF: 12,,,0
LoRaSim-MinimalTopology-0-20240420-23:27:03-7004,scalar,LoRa.server[4],rcvCounter: 12,,,0
LoRaSim-MinimalTopology-0-20240420-23:27:03-7004,scalar,LoRa.server[4],noOfCollidedPackets: 12,,,0
LoRaSim-MinimalTopology-0-20240420-23:27:03-7004,scalar,LoRa.server[4],noOfSuccessPackets: 12,,,0
LoRaSim-MinimalTopology-0-20240420-23:27:03-7004,scalar,LoRa.server[4],noOfHostsInSFTier: 12,,,667
LoRaSim-MinimalTopology-0-20240420-23:27:03-7004,scalar,LoRa.server[4],totalSuccessRate,,,0.24346296296296
LoRaSim-MinimalTopology-0-20240420-23:27:03-7004,scalar,LoRa.server[4],totalSuccessProb,,,0.99498609350463
LoRaSim-MinimalTopology-0-20240420-23:27:03-7004,scalar,LoRa.server[4],duration,,,432000
LoRaSim-MinimalTopology-0-20240420-23:27:03-7004,scalar,LoRa.server[5],SF: 7,,,0.26824537037037
LoRaSim-MinimalTopology-0-20240420-23:27:03-7004,scalar,LoRa.server[5],rcvCounter: 7,,,116499
LoRaSim-MinimalTopology-0-20240420-23:27:03-7004,scalar,LoRa.server[5],noOfCollidedPackets: 7,,,617
LoRaSim-MinimalTopology-0-20240420-23:27:03-7004,scalar,LoRa.server[5],noOfSuccessPackets: 7,,,115882
LoRaSim-MinimalTopology-0-20240420-23:27:03-7004,scalar,LoRa.server[5],noOfHostsInSFTier: 7,,,305
LoRaSim-MinimalTopology-0-20240420-23:27:03-7004,scalar,LoRa.server[5],SF: 8,,,0
LoRaSim-MinimalTopology-0-20240420-23:27:03-7004,scalar,LoRa.server[5],rcvCounter: 8,,,0
LoRaSim-MinimalTopology-0-20240420-23:27:03-7004,scalar,LoRa.server[5],noOfCollidedPackets: 8,,,0
LoRaSim-MinimalTopology-0-20240420-23:27:03-7004,scalar,LoRa.server[5],noOfSuccessPackets: 8,,,0
LoRaSim-MinimalTopology-0-20240420-23:27:03-7004,scalar,LoRa.server[5],noOfHostsInSFTier: 8,,,131
LoRaSim-MinimalTopology-0-20240420-23:27:03-7004,scalar,LoRa.server[5],SF: 9,,,0
LoRaSim-MinimalTopology-0-20240420-23:27:03-7004,scalar,LoRa.server[5],rcvCounter: 9,,,0
LoRaSim-MinimalTopology-0-20240420-23:27:03-7004,scalar,LoRa.server[5],noOfCollidedPackets: 9,,,0
LoRaSim-MinimalTopology-0-20240420-23:27:03-7004,scalar,LoRa.server[5],noOfSuccessPackets: 9,,,0
LoRaSim-MinimalTopology-0-20240420-23:27:03-7004,scalar,LoRa.server[5],noOfHostsInSFTier: 9,,,204
LoRaSim-MinimalTopology-0-20240420-23:27:03-7004,scalar,LoRa.server[5],SF: 10,,,0
LoRaSim-MinimalTopology-0-20240420-23:27:03-7004,scalar,LoRa.server[5],rcvCounter: 10,,,0
LoRaSim-MinimalTopology-0-20240420-23:27:03-7004,scalar,LoRa.server[5],noOfCollidedPackets: 10,,,0
LoRaSim-MinimalTopology-0-20240420-23:27:03-7004,scalar,LoRa.server[5],noOfSuccessPackets: 10,,,0
LoRaSim-MinimalTopology-0-20240420-23:27:03-7004,scalar,LoRa.server[5],noOfHostsInSFTier: 10,,,301
LoRaSim-MinimalTopology-0-20240420-23:27:03-7004,scalar,LoRa.server[5],SF: 11,,,0
LoRaSim-MinimalTopology-0-20240420-23:27:03-7004,scalar,LoRa.server[5],rcvCounter: 11,,,0
LoRaSim-MinimalTopology-0-20240420-23:27:03-7004,scalar,LoRa.server[5],noOfCollidedPackets: 11,,,0
LoRaSim-MinimalTopology-0-20240420-23:27:03-7004,scalar,LoRa.server[5],noOfSuccessPackets: 11,,,0
LoRaSim-MinimalTopology-0-20240420-23:27:03-7004,scalar,LoRa.server[5],noOfHostsInSFTier: 11,,,391
LoRaSim-MinimalTopology-0-20240420-23:27:03-7004,scalar,LoRa.server[5],SF: 12,,,0
LoRaSim-MinimalTopology-0-20240420-23:27:03-7004,scalar,LoRa.server[5],rcvCounter: 12,,,0
LoRaSim-MinimalTopology-0-20240420-23:27:03-7004,scalar,LoRa.server[5],noOfCollidedPackets: 12,,,0
LoRaSim-MinimalTopology-0-20240420-23:27:03-7004,scalar,LoRa.server[5],noOfSuccessPackets: 12,,,0
LoRaSim-MinimalTopology-0-20240420-23:27:03-7004,scalar,LoRa.server[5],noOfHostsInSFTier: 12,,,667
LoRaSim-MinimalTopology-0-20240420-23:27:03-7004,scalar,LoRa.server[5],totalSuccessRate,,,0.26824537037037
LoRaSim-MinimalTopology-0-20240420-23:27:03-7004,scalar,LoRa.server[5],totalSuccessProb,,,0.99470381720015
LoRaSim-MinimalTopology-0-20240420-23:27:03-7004,scalar,LoRa.server[5],duration,,,432000
LoRaSim-MinimalTopology-0-20240420-23:27:03-7004,scalar,LoRa.server[6],SF: 7,,,0.25234027777778
LoRaSim-MinimalTopology-0-20240420-23:27:03-7004,scalar,LoRa.server[6],rcvCounter: 7,,,109539
LoRaSim-MinimalTopology-0-20240420-23:27:03-7004,scalar,LoRa.server[6],noOfCollidedPackets: 7,,,528
LoRaSim-MinimalTopology-0-20240420-23:27:03-7004,scalar,LoRa.server[6],noOfSuccessPackets: 7,,,109011
LoRaSim-MinimalTopology-0-20240420-23:27:03-7004,scalar,LoRa.server[6],noOfHostsInSFTier: 7,,,305
LoRaSim-MinimalTopology-0-20240420-23:27:03-7004,scalar,LoRa.server[6],SF: 8,,,0
LoRaSim-MinimalTopology-0-20240420-23:27:03-7004,scalar,LoRa.server[6],rcvCounter: 8,,,0
LoRaSim-MinimalTopology-0-20240420-23:27:03-7004,scalar,LoRa.server[6],noOfCollidedPackets: 8,,,0
LoRaSim-MinimalTopology-0-20240420-23:27:03-7004,scalar,LoRa.server[6],noOfSuccessPackets: 8,,,0
LoRaSim-MinimalTopology-0-20240420-23:27:03-7004,scalar,LoRa.server[6],noOfHostsInSFTier: 8,,,131
LoRaSim-MinimalTopology-0-20240420-23:27:03-7004,scalar,LoRa.server[6],SF: 9,,,0
LoRaSim-MinimalTopology-0-20240420-23:27:03-7004,scalar,LoRa.server[6],rcvCounter: 9,,,0
LoRaSim-MinimalTopology-0-20240420-23:27:03-7004,scalar,LoRa.server[6],noOfCollidedPackets: 9,,,0
LoRaSim-MinimalTopology-0-20240420-23:27:03-7004,scalar,LoRa.server[6],noOfSuccessPackets: 9,,,0
LoRaSim-MinimalTopology-0-20240420-23:27:03-7004,scalar,LoRa.server[6],noOfHostsInSFTier: 9,,,204
LoRaSim-MinimalTopology-0-20240420-23:27:03-7004,scalar,LoRa.server[6],SF: 10,,,0
LoRaSim-MinimalTopology-0-20240420-23:27:03-7004,scalar,LoRa.server[6],rcvCounter: 10,,,0
LoRaSim-MinimalTopology-0-20240420-23:27:03-7004,scalar,LoRa.server[6],noOfCollidedPackets: 10,,,0
LoRaSim-MinimalTopology-0-20240420-23:27:03-7004,scalar,LoRa.server[6],noOfSuccessPackets: 10,,,0
LoRaSim-MinimalTopology-0-20240420-23:27:03-7004,scalar,LoRa.server[6],noOfHostsInSFTier: 10,,,301
LoRaSim-MinimalTopology-0-20240420-23:27:03-7004,scalar,LoRa.server[6],SF: 11,,,0
LoRaSim-MinimalTopology-0-20240420-23:27:03-7004,scalar,LoRa.server[6],rcvCounter: 11,,,0
LoRaSim-MinimalTopology-0-20240420-23:27:03-7004,scalar,LoRa.server[6],noOfCollidedPackets: 11,,,0
LoRaSim-MinimalTopology-0-20240420-23:27:03-7004,scalar,LoRa.server[6],noOfSuccessPackets: 11,,,0
LoRaSim-MinimalTopology-0-20240420-23:27:03-7004,scalar,LoRa.server[6],noOfHostsInSFTier: 11,,,391
LoRaSim-MinimalTopology-0-20240420-23:27:03-7004,scalar,LoRa.server[6],SF: 12,,,0
LoRaSim-MinimalTopology-0-20240420-23:27:03-7004,scalar,LoRa.server[6],rcvCounter: 12,,,0
LoRaSim-MinimalTopology-0-20240420-23:27:03-7004,scalar,LoRa.server[6],noOfCollidedPackets: 12,,,0
LoRaSim-MinimalTopology-0-20240420-23:27:03-7004,scalar,LoRa.server[6],noOfSuccessPackets: 12,,,0
LoRaSim-MinimalTopology-0-20240420-23:27:03-7004,scalar,LoRa.server[6],noOfHostsInSFTier: 12,,,667
LoRaSim-MinimalTopology-0-20240420-23:27:03-7004,scalar,LoRa.server[6],totalSuccessRate,,,0.25234027777778
LoRaSim-MinimalTopology-0-20240420-23:27:03-7004,scalar,LoRa.server[6],totalSuccessProb,,,0.99517979897571
LoRaSim-MinimalTopology-0-20240420-23:27:03-7004,scalar,LoRa.server[6],duration,,,432000
LoRaSim-MinimalTopology-0-20240420-23:27:03-7004,scalar,LoRa.server[7],SF: 7,,,0.24381018518519
LoRaSim-MinimalTopology-0-20240420-23:27:03-7004,scalar,LoRa.server[7],rcvCounter: 7,,,105844
LoRaSim-MinimalTopology-0-20240420-23:27:03-7004,scalar,LoRa.server[7],noOfCollidedPackets: 7,,,518
LoRaSim-MinimalTopology-0-20240420-23:27:03-7004,scalar,LoRa.server[7],noOfSuccessPackets: 7,,,105326
LoRaSim-MinimalTopology-0-20240420-23:27:03-7004,scalar,LoRa.server[7],noOfHostsInSFTier: 7,,,305
LoRaSim-MinimalTopology-0-20240420-23:27:03-7004,scalar,LoRa.server[7],SF: 8,,,0
LoRaSim-MinimalTopology-0-20240420-23:27:03-7004,scalar,LoRa.server[7],rcvCounter: 8,,,0
LoRaSim-MinimalTopology-0-20240420-23:27:03-7004,scalar,LoRa.server[7],noOfCollidedPackets: 8,,,0
LoRaSim-MinimalTopology-0-20240420-23:27:03-7004,scalar,LoRa.server[7],noOfSuccessPackets: 8,,,0
LoRaSim-MinimalTopology-0-20240420-23:27:03-7004,scalar,LoRa.server[7],noOfHostsInSFTier: 8,,,131
LoRaSim-MinimalTopology-0-20240420-23:27:03-7004,scalar,LoRa.server[7],SF: 9,,,0
LoRaSim-MinimalTopology-0-20240420-23:27:03-7004,scalar,LoRa.server[7],rcvCounter: 9,,,0
LoRaSim-MinimalTopology-0-20240420-23:27:03-7004,scalar,LoRa.server[7],noOfCollidedPackets: 9,,,0
LoRaSim-MinimalTopology-0-20240420-23:27:03-7004,scalar,LoRa.server[7],noOfSuccessPackets: 9,,,0
LoRaSim-MinimalTopology-0-20240420-23:27:03-7004,scalar,LoRa.server[7],noOfHostsInSFTier: 9,,,204
LoRaSim-MinimalTopology-0-20240420-23:27:03-7004,scalar,LoRa.server[7],SF: 10,,,0
LoRaSim-MinimalTopology-0-20240420-23:27:03-7004,scalar,LoRa.server[7],rcvCounter: 10,,,0
LoRaSim-MinimalTopology-0-20240420-23:27:03-7004,scalar,LoRa.server[7],noOfCollidedPackets: 10,,,0
LoRaSim-MinimalTopology-0-20240420-23:27:03-7004,scalar,LoRa.server[7],noOfSuccessPackets: 10,,,0
LoRaSim-MinimalTopology-0-20240420-23:27:03-7004,scalar,LoRa.server[7],noOfHostsInSFTier: 10,,,301
LoRaSim-MinimalTopology-0-20240420-23:27:03-7004,scalar,LoRa.server[7],SF: 11,,,0
LoRaSim-MinimalTopology-0-20240420-23:27:03-7004,scalar,LoRa.server[7],rcvCounter: 11,,,0
LoRaSim-MinimalTopology-0-20240420-23:27:03-7004,scalar,LoRa.server[7],noOfCollidedPackets: 11,,,0
LoRaSim-MinimalTopology-0-20240420-23:27:03-7004,scalar,LoRa.server[7],noOfSuccessPackets: 11,,,0
LoRaSim-MinimalTopology-0-20240420-23:27:03-7004,scalar,LoRa.server[7],noOfHostsInSFTier: 11,,,391
LoRaSim-MinimalTopology-0-20240420-23:27:03-7004,scalar,LoRa.server[7],SF: 12,,,0
LoRaSim-MinimalTopology-0-20240420-23:27:03-7004,scalar,LoRa.server[7],rcvCounter: 12,,,0
LoRaSim-MinimalTopology-0-20240420-23:27:03-7004,scalar,LoRa.server[7],noOfCollidedPackets: 12,,,0
LoRaSim-MinimalTopology-0-20240420-23:27:03-7004,scalar,LoRa.server[7],noOfSuccessPackets: 12,,,0
LoRaSim-MinimalTopology-0-20240420-23:27:03-7004,scalar,LoRa.server[7],noOfHostsInSFTier: 12,,,667
LoRaSim-MinimalTopology-0-20240420-23:27:03-7004,scalar,LoRa.server[7],totalSuccessRate,,,0.24381018518519
LoRaSim-MinimalTopology-0-20240420-23:27:03-7004,scalar,LoRa.server[7],totalSuccessProb,,,0.99510600506406
LoRaSim-MinimalTopology-0-20240420-23:27:03-7004,scalar,LoRa.server[7],duration,,,432000
LoRaSim-MinimalTopology-0-20240420-23:27:03-7004,scalar,LoRa.server[8],SF: 7,,,0.23785416666667
LoRaSim-MinimalTopology-0-20240420-23:27:03-7004,scalar,LoRa.server[8],rcvCounter: 7,,,103263
LoRaSim-MinimalTopology-0-20240420-23:27:03-7004,scalar,LoRa.server[8],noOfCollidedPackets: 7,,,510
LoRaSim-MinimalTopology-0-20240420-23:27:03-7004,scalar,LoRa.server[8],noOfSuccessPackets: 7,,,102753
LoRaSim-MinimalTopology-0-20240420-23:27:03-7004,scalar,LoRa.server[8],noOfHostsInSFTier: 7,,,305
LoRaSim-MinimalTopology-0-20240420-23:27:03-7004,scalar,LoRa.server[8],SF: 8,,,0
LoRaSim-MinimalTopology-0-20240420-23:27:03-7004,scalar,LoRa.server[8],rcvCounter: 8,,,0
LoRaSim-MinimalTopology-0-20240420-23:27:03-7004,scalar,LoRa.server[8],noOfCollidedPackets: 8,,,0
LoRaSim-MinimalTopology-0-20240420-23:27:03-7004,scalar,LoRa.server[8],noOfSuccessPackets: 8,,,0
LoRaSim-MinimalTopology-0-20240420-23:27:03-7004,scalar,LoRa.server[8],noOfHostsInSFTier: 8,,,131
LoRaSim-MinimalTopology-0-20240420-23:27:03-7004,scalar,LoRa.server[8],SF: 9,,,0
LoRaSim-MinimalTopology-0-20240420-23:27:03-7004,scalar,LoRa.server[8],rcvCounter: 9,,,0
LoRaSim-MinimalTopology-0-20240420-23:27:03-7004,scalar,LoRa.server[8],noOfCollidedPackets: 9,,,0
LoRaSim-MinimalTopology-0-20240420-23:27:03-7004,scalar,LoRa.server[8],noOfSuccessPackets: 9,,,0
LoRaSim-MinimalTopology-0-20240420-23:27:03-7004,scalar,LoRa.server[8],noOfHostsInSFTier: 9,,,204
LoRaSim-MinimalTopology-0-20240420-23:27:03-7004,scalar,LoRa.server[8],SF: 10,,,0
LoRaSim-MinimalTopology-0-20240420-23:27:03-7004,scalar,LoRa.server[8],rcvCounter: 10,,,0
LoRaSim-MinimalTopology-0-20240420-23:27:03-7004,scalar,LoRa.server[8],noOfCollidedPackets: 10,,,0
LoRaSim-MinimalTopology-0-20240420-23:27:03-7004,scalar,LoRa.server[8],noOfSuccessPackets: 10,,,0
LoRaSim-MinimalTopology-0-20240420-23:27:03-7004,scalar,LoRa.server[8],noOfHostsInSFTier: 10,,,301
LoRaSim-MinimalTopology-0-20240420-23:27:03-7004,scalar,LoRa.server[8],SF: 11,,,0
LoRaSim-MinimalTopology-0-20240420-23:27:03-7004,scalar,LoRa.server[8],rcvCounter: 11,,,0
LoRaSim-MinimalTopology-0-20240420-23:27:03-7004,scalar,LoRa.server[8],noOfCollidedPackets: 11,,,0
LoRaSim-MinimalTopology-0-20240420-23:27:03-7004,scalar,LoRa.server[8],noOfSuccessPackets: 11,,,0
LoRaSim-MinimalTopology-0-20240420-23:27:03-7004,scalar,LoRa.server[8],noOfHostsInSFTier: 11,,,391
LoRaSim-MinimalTopology-0-20240420-23:27:03-7004,scalar,LoRa.server[8],SF: 12,,,0
LoRaSim-MinimalTopology-0-20240420-23:27:03-7004,scalar,LoRa.server[8],rcvCounter: 12,,,0
LoRaSim-MinimalTopology-0-20240420-23:27:03-7004,scalar,LoRa.server[8],noOfCollidedPackets: 12,,,0
LoRaSim-MinimalTopology-0-20240420-23:27:03-7004,scalar,LoRa.server[8],noOfSuccessPackets: 12,,,0
LoRaSim-MinimalTopology-0-20240420-23:27:03-7004,scalar,LoRa.server[8],noOfHostsInSFTier: 12,,,667
LoRaSim-MinimalTopology-0-20240420-23:27:03-7004,scalar,LoRa.server[8],totalSuccessRate,,,0.23785416666667
LoRaSim-MinimalTopology-0-20240420-23:27:03-7004,scalar,LoRa.server[8],totalSuccessProb,,,0.99506115452776
LoRaSim-MinimalTopology-0-20240420-23:27:03-7004,scalar,LoRa.server[8],duration,,,432000
LoRaSim-MinimalTopology-0-20240420-23:27:03-7004,scalar,LoRa.server[9],SF: 7,,,0.2504537037037
LoRaSim-MinimalTopology-0-20240420-23:27:03-7004,scalar,LoRa.server[9],rcvCounter: 7,,,108692
LoRaSim-MinimalTopology-0-20240420-23:27:03-7004,scalar,LoRa.server[9],noOfCollidedPackets: 7,,,496
LoRaSim-MinimalTopology-0-20240420-23:27:03-7004,scalar,LoRa.server[9],noOfSuccessPackets: 7,,,108196
LoRaSim-MinimalTopology-0-20240420-23:27:03-7004,scalar,LoRa.server[9],noOfHostsInSFTier: 7,,,305
LoRaSim-MinimalTopology-0-20240420-23:27:03-7004,scalar,LoRa.server[9],SF: 8,,,0
LoRaSim-MinimalTopology-0-20240420-23:27:03-7004,scalar,LoRa.server[9],rcvCounter: 8,,,0
LoRaSim-MinimalTopology-0-20240420-23:27:03-7004,scalar,LoRa.server[9],noOfCollidedPackets: 8,,,0
LoRaSim-MinimalTopology-0-20240420-23:27:03-7004,scalar,LoRa.server[9],noOfSuccessPackets: 8,,,0
LoRaSim-MinimalTopology-0-20240420-23:27:03-7004,scalar,LoRa.server[9],noOfHostsInSFTier: 8,,,131
LoRaSim-MinimalTopology-0-20240420-23:27:03-7004,scalar,LoRa.server[9],SF: 9,,,0
LoRaSim-MinimalTopology-0-20240420-23:27:03-7004,scalar,LoRa.server[9],rcvCounter: 9,,,0
LoRaSim-MinimalTopology-0-20240420-23:27:03-7004,scalar,LoRa.server[9],noOfCollidedPackets: 9,,,0
LoRaSim-MinimalTopology-0-20240420-23:27:03-7004,scalar,LoRa.server[9],noOfSuccessPackets: 9,,,0
LoRaSim-MinimalTopology-0-20240420-23:27:03-7004,scalar,LoRa.server[9],noOfHostsInSFTier: 9,,,204
LoRaSim-MinimalTopology-0-20240420-23:27:03-7004,scalar,LoRa.server[9],SF: 10,,,0
LoRaSim-MinimalTopology-0-20240420-23:27:03-7004,scalar,LoRa.server[9],rcvCounter: 10,,,0
LoRaSim-MinimalTopology-0-20240420-23:27:03-7004,scalar,LoRa.server[9],noOfCollidedPackets: 10,,,0
LoRaSim-MinimalTopology-0-20240420-23:27:03-7004,scalar,LoRa.server[9],noOfSuccessPackets: 10,,,0
LoRaSim-MinimalTopology-0-20240420-23:27:03-7004,scalar,LoRa.server[9],noOfHostsInSFTier: 10,,,301
LoRaSim-MinimalTopology-0-20240420-23:27:03-7004,scalar,LoRa.server[9],SF: 11,,,0
LoRaSim-MinimalTopology-0-20240420-23:27:03-7004,scalar,LoRa.server[9],rcvCounter: 11,,,0
LoRaSim-MinimalTopology-0-20240420-23:27:03-7004,scalar,LoRa.server[9],noOfCollidedPackets: 11,,,0
LoRaSim-MinimalTopology-0-20240420-23:27:03-7004,scalar,LoRa.server[9],noOfSuccessPackets: 11,,,0
LoRaSim-MinimalTopology-0-20240420-23:27:03-7004,scalar,LoRa.server[9],noOfHostsInSFTier: 11,,,391
LoRaSim-MinimalTopology-0-20240420-23:27:03-7004,scalar,LoRa.server[9],SF: 12,,,0
LoRaSim-MinimalTopology-0-20240420-23:27:03-7004,scalar,LoRa.server[9],rcvCounter: 12,,,0
LoRaSim-MinimalTopology-0-20240420-23:27:03-7004,scalar,LoRa.server[9],noOfCollidedPackets: 12,,,0
LoRaSim-MinimalTopology-0-20240420-23:27:03-7004,scalar,LoRa.server[9],noOfSuccessPackets: 12,,,0
LoRaSim-MinimalTopology-0-20240420-23:27:03-7004,scalar,LoRa.server[9],noOfHostsInSFTier: 12,,,667
LoRaSim-MinimalTopology-0-20240420-23:27:03-7004,scalar,LoRa.server[9],totalSuccessRate,,,0.2504537037037
LoRaSim-MinimalTopology-0-20240420-23:27:03-7004,scalar,LoRa.server[9],totalSuccessProb,,,0.99543664667133
LoRaSim-MinimalTopology-0-20240420-23:27:03-7004,scalar,LoRa.server[9],duration,,,432000
LoRaSim-MinimalTopology-0-20240420-23:27:03-7004,scalar,LoRa.server[10],SF: 7,,,0.83445833333333
LoRaSim-MinimalTopology-0-20240420-23:27:03-7004,scalar,LoRa.server[10],rcvCounter: 7,,,366543
LoRaSim-MinimalTopology-0-20240420-23:27:03-7004,scalar,LoRa.server[10],noOfCollidedPackets: 7,,,6057
LoRaSim-MinimalTopology-0-20240420-23:27:03-7004,scalar,LoRa.server[10],noOfSuccessPackets: 7,,,360486
LoRaSim-MinimalTopology-0-20240420-23:27:03-7004,scalar,LoRa.server[10],noOfHostsInSFTier: 7,,,305
LoRaSim-MinimalTopology-0-20240420-23:27:03-7004,scalar,LoRa.server[10],SF: 8,,,0
LoRaSim-MinimalTopology-0-20240420-23:27:03-7004,scalar,LoRa.server[10],rcvCounter: 8,,,0
LoRaSim-MinimalTopology-0-20240420-23:27:03-7004,scalar,LoRa.server[10],noOfCollidedPackets: 8,,,0
LoRaSim-MinimalTopology-0-20240420-23:27:03-7004,scalar,LoRa.server[10],noOfSuccessPackets: 8,,,0
LoRaSim-MinimalTopology-0-20240420-23:27:03-7004,scalar,LoRa.server[10],noOfHostsInSFTier: 8,,,131
LoRaSim-MinimalTopology-0-20240420-23:27:03-7004,scalar,LoRa.server[10],SF: 9,,,0
LoRaSim-MinimalTopology-0-20240420-23:27:03-7004,scalar,LoRa.server[10],rcvCounter: 9,,,0
LoRaSim-MinimalTopology-0-20240420-23:27:03-7004,scalar,LoRa.server[10],noOfCollidedPackets: 9,,,0
LoRaSim-MinimalTopology-0-20240420-23:27:03-7004,scalar,LoRa.server[10],noOfSuccessPackets: 9,,,0
LoRaSim-MinimalTopology-0-20240420-23:27:03-7004,scalar,LoRa.server[10],noOfHostsInSFTier: 9,,,204
LoRaSim-MinimalTopology-0-20240420-23:27:03-7004,scalar,LoRa.server[10],SF: 10,,,0
LoRaSim-MinimalTopology-0-20240420-23:27:03-7004,scalar,LoRa.server[10],rcvCounter: 10,,,0
LoRaSim-MinimalTopology-0-20240420-23:27:03-7004,scalar,LoRa.server[10],noOfCollidedPackets: 10,,,0
LoRaSim-MinimalTopology-0-20240420-23:27:03-7004,scalar,LoRa.server[10],noOfSuccessPackets: 10,,,0
LoRaSim-MinimalTopology-0-20240420-23:27:03-7004,scalar,LoRa.server[10],noOfHostsInSFTier: 10,,,301
LoRaSim-MinimalTopology-0-20240420-23:27:03-7004,scalar,LoRa.server[10],SF: 11,,,0
LoRaSim-MinimalTopology-0-20240420-23:27:03-7004,scalar,LoRa.server[10],rcvCounter: 11,,,0
LoRaSim-MinimalTopology-0-20240420-23:27:03-7004,scalar,LoRa.server[10],noOfCollidedPackets: 11,,,0
LoRaSim-MinimalTopology-0-20240420-23:27:03-7004,scalar,LoRa.server[10],noOfSuccessPackets: 11,,,0
LoRaSim-MinimalTopology-0-20240420-23:27:03-7004,scalar,LoRa.server[10],noOfHostsInSFTier: 11,,,391
LoRaSim-MinimalTopology-0-20240420-23:27:03-7004,scalar,LoRa.server[10],SF: 12,,,0
LoRaSim-MinimalTopology-0-20240420-23:27:03-7004,scalar,LoRa.server[10],rcvCounter: 12,,,0
LoRaSim-MinimalTopology-0-20240420-23:27:03-7004,scalar,LoRa.server[10],noOfCollidedPackets: 12,,,0
LoRaSim-MinimalTopology-0-20240420-23:27:03-7004,scalar,LoRa.server[10],noOfSuccessPackets: 12,,,0
LoRaSim-MinimalTopology-0-20240420-23:27:03-7004,scalar,LoRa.server[10],noOfHostsInSFTier: 12,,,667
LoRaSim-MinimalTopology-0-20240420-23:27:03-7004,scalar,LoRa.server[10],totalSuccessRate,,,0.83445833333333
LoRaSim-MinimalTopology-0-20240420-23:27:03-7004,scalar,LoRa.server[10],totalSuccessProb,,,0.98347533577234
LoRaSim-MinimalTopology-0-20240420-23:27:03-7004,scalar,LoRa.server[10],duration,,,432000
LoRaSim-MinimalTopology-0-20240420-23:27:03-7004,scalar,LoRa.host[0],numOfHostsPerSF_Server0_SF7,,,119
LoRaSim-MinimalTopology-0-20240420-23:27:03-7004,scalar,LoRa.host[0],numOfHostsPerSF_Server0_SF8,,,26
LoRaSim-MinimalTopology-0-20240420-23:27:03-7004,scalar,LoRa.host[0],numOfHostsPerSF_Server0_SF9,,,8
LoRaSim-MinimalTopology-0-20240420-23:27:03-7004,scalar,LoRa.host[0],numOfHostsPerSF_Server0_SF10,,,0
LoRaSim-MinimalTopology-0-20240420-23:27:03-7004,scalar,LoRa.host[0],numOfHostsPerSF_Server0_SF11,,,0
LoRaSim-MinimalTopology-0-20240420-23:27:03-7004,scalar,LoRa.host[0],numOfHostsPerSF_Server0_SF12,,,0
LoRaSim-MinimalTopology-0-20240420-23:27:03-7004,scalar,LoRa.host[0],numOfHostsPerSF_Server1_SF7,,,119
LoRaSim-MinimalTopology-0-20240420-23:27:03-7004,scalar,LoRa.host[0],numOfHostsPerSF_Server1_SF8,,,18
LoRaSim-MinimalTopology-0-20240420-23:27:03-7004,scalar,LoRa.host[0],numOfHostsPerSF_Server1_SF9,,,13
LoRaSim-MinimalTopology-0-20240420-23:27:03-7004,scalar,LoRa.host[0],numOfHostsPerSF_Server1_SF10,,,0
LoRaSim-MinimalTopology-0-20240420-23:27:03-7004,scalar,LoRa.host[0],numOfHostsPerSF_Server1_SF11,,,0
LoRaSim-MinimalTopology-0-20240420-23:27:03-7004,scalar,LoRa.host[0],numOfHostsPerSF_Server1_SF12,,,0
LoRaSim-MinimalTopology-0-20240420-23:27:03-7004,scalar,LoRa.host[0],numOfHostsPerSF_Server2_SF7,,,112
LoRaSim-MinimalTopology-0-20240420-23:27:03-7004,scalar,LoRa.host[0],numOfHostsPerSF_Server2_SF8,,,21
LoRaSim-MinimalTopology-0-20240420-23:27:03-7004,scalar,LoRa.host[0],numOfHostsPerSF_Server2_SF9,,,13
LoRaSim-MinimalTopology-0-20240420-23:27:03-7004,scalar,LoRa.host[0],numOfHostsPerSF_Server2_SF10,,,0
LoRaSim-MinimalTopology-0-20240420-23:27:03-7004,scalar,LoRa.host[0],numOfHostsPerSF_Server2_SF11,,,0
LoRaSim-MinimalTopology-0-20240420-23:27:03-7004,scalar,LoRa.host[0],numOfHostsPerSF_Server2_SF12,,,0
LoRaSim-MinimalTopology-0-20240420-23:27:03-7004,scalar,LoRa.host[0],numOfHostsPerSF_Server3_SF7,,,98
LoRaSim-MinimalTopology-0-20240420-23:27:03-7004,scalar,LoRa.host[0],numOfHostsPerSF_Server3_SF8,,,23
LoRaSim-MinimalTopology-0-20240420-23:27:03-7004,scalar,LoRa.host[0],numOfHostsPerSF_Server3_SF9,,,10
LoRaSim-MinimalTopology-0-20240420-23:27:03-7004,scalar,LoRa.host[0],numOfHostsPerSF_Server3_SF10,,,0
LoRaSim-MinimalTopology-0-20240420-23:27:03-7004,scalar,LoRa.host[0],numOfHostsPerSF_Server3_SF11,,,0
LoRaSim-MinimalTopology-0-20240420-23:27:03-7004,scalar,LoRa.host[0],numOfHostsPerSF_Server3_SF12,,,0
LoRaSim-MinimalTopology-0-20240420-23:27:03-7004,scalar,LoRa.host[0],numOfHostsPerSF_Server4_SF7,,,117
LoRaSim-MinimalTopology-0-20240420-23:27:03-7004,scalar,LoRa.host[0],numOfHostsPerSF_Server4_SF8,,,21
LoRaSim-MinimalTopology-0-20240420-23:27:03-7004,scalar,LoRa.host[0],numOfHostsPerSF_Server4_SF9,,,10
LoRaSim-MinimalTopology-0-20240420-23:27:03-7004,scalar,LoRa.host[0],numOfHostsPerSF_Server4_SF10,,,0
LoRaSim-MinimalTopology-0-20240420-23:27:03-7004,scalar,LoRa.host[0],numOfHostsPerSF_Server4_SF11,,,0
LoRaSim-MinimalTopology-0-20240420-23:27:03-7004,scalar,LoRa.host[0],numOfHostsPerSF_Server4_SF12,,,0
LoRaSim-MinimalTopology-0-20240420-23:27:03-7004,scalar,LoRa.host[0],numOfHostsPerSF_Server5_SF7,,,121
LoRaSim-MinimalTopology-0-20240420-23:27:03-7004,scalar,LoRa.host[0],numOfHostsPerSF_Server5_SF8,,,26
LoRaSim-MinimalTopology-0-20240420-23:27:03-7004,scalar,LoRa.host[0],numOfHostsPerSF_Server5_SF9,,,15
LoRaSim-MinimalTopology-0-20240420-23:27:03-7004,scalar,LoRa.host[0],numOfHostsPerSF_Server5_SF10,,,0
LoRaSim-MinimalTopology-0-20240420-23:27:03-7004,scalar,LoRa.host[0],numOfHostsPerSF_Server5_SF11,,,0
LoRaSim-MinimalTopology-0-20240420-23:27:03-7004,scalar,LoRa.host[0],numOfHostsPerSF_Server5_SF12,,,0
LoRaSim-MinimalTopology-0-20240420-23:27:03-7004,scalar,LoRa.host[0],numOfHostsPerSF_Server6_SF7,,,116
LoRaSim-MinimalTopology-0-20240420-23:27:03-7004,scalar,LoRa.host[0],numOfHostsPerSF_Server6_SF8,,,31
LoRaSim-MinimalTopology-0-20240420-23:27:03-7004,scalar,LoRa.host[0],numOfHostsPerSF_Server6_SF9,,,6
LoRaSim-MinimalTopology-0-20240420-23:27:03-7004,scalar,LoRa.host[0],numOfHostsPerSF_Server6_SF10,,,0
LoRaSim-MinimalTopology-0-20240420-23:27:03-7004,scalar,LoRa.host[0],numOfHostsPerSF_Server6_SF11,,,0
LoRaSim-MinimalTopology-0-20240420-23:27:03-7004,scalar,LoRa.host[0],numOfHostsPerSF_Server6_SF12,,,0
LoRaSim-MinimalTopology-0-20240420-23:27:03-7004,scalar,LoRa.host[0],numOfHostsPerSF_Server7_SF7,,,118
LoRaSim-MinimalTopology-0-20240420-23:27:03-7004,scalar,LoRa.host[0],numOfHostsPerSF_Server7_SF8,,,19
LoRaSim-MinimalTopology-0-20240420-23:27:03-7004,scalar,LoRa.host[0],numOfHostsPerSF_Server7_SF9,,,11
LoRaSim-MinimalTopology-0-20240420-23:27:03-7004,scalar,LoRa.host[0],numOfHostsPerSF_Server7_SF10,,,0
LoRaSim-MinimalTopology-0-20240420-23:27:03-7004,scalar,LoRa.host[0],numOfHostsPerSF_Server7_SF11,,,0
LoRaSim-MinimalTopology-0-20240420-23:27:03-7004,scalar,LoRa.host[0],numOfHostsPerSF_Server7_SF12,,,0
LoRaSim-MinimalTopology-0-20240420-23:27:03-7004,scalar,LoRa.host[0],numOfHostsPerSF_Server8_SF7,,,110
LoRaSim-MinimalTopology-0-20240420-23:27:03-7004,scalar,LoRa.host[0],numOfHostsPerSF_Server8_SF8,,,19
LoRaSim-MinimalTopology-0-20240420-23:27:03-7004,scalar,LoRa.host[0],numOfHostsPerSF_Server8_SF9,,,15
LoRaSim-MinimalTopology-0-20240420-23:27:03-7004,scalar,LoRa.host[0],numOfHostsPerSF_Server8_SF10,,,0
LoRaSim-MinimalTopology-0-20240420-23:27:03-7004,scalar,LoRa.host[0],numOfHostsPerSF_Server8_SF11,,,0
LoRaSim-MinimalTopology-0-20240420-23:27:03-7004,scalar,LoRa.host[0],numOfHostsPerSF_Server8_SF12,,,0
LoRaSim-MinimalTopology-0-20240420-23:27:03-7004,scalar,LoRa.host[0],numOfHostsPerSF_Server9_SF7,,,116
LoRaSim-MinimalTopology-0-20240420-23:27:03-7004,scalar,LoRa.host[0],numOfHostsPerSF_Server9_SF8,,,26
LoRaSim-MinimalTopology-0-20240420-23:27:03-7004,scalar,LoRa.host[0],numOfHostsPerSF_Server9_SF9,,,10
LoRaSim-MinimalTopology-0-20240420-23:27:03-7004,scalar,LoRa.host[0],numOfHostsPerSF_Server9_SF10,,,0
LoRaSim-MinimalTopology-0-20240420-23:27:03-7004,scalar,LoRa.host[0],numOfHostsPerSF_Server9_SF11,,,0
LoRaSim-MinimalTopology-0-20240420-23:27:03-7004,scalar,LoRa.host[0],numOfHostsPerSF_Server9_SF12,,,0
LoRaSim-MinimalTopology-0-20240420-23:27:03-7004,scalar,LoRa.host[0],numOfHostsPerSF_Server10_SF7,,,305
LoRaSim-MinimalTopology-0-20240420-23:27:03-7004,scalar,LoRa.host[0],numOfHostsPerSF_Server10_SF8,,,131
LoRaSim-MinimalTopology-0-20240420-23:27:03-7004,scalar,LoRa.host[0],numOfHostsPerSF_Server10_SF9,,,77
LoRaSim-MinimalTopology-0-20240420-23:27:03-7004,scalar,LoRa.host[0],numOfHostsPerSF_Server10_SF10,,,0
LoRaSim-MinimalTopology-0-20240420-23:27:03-7004,scalar,LoRa.host[0],numOfHostsPerSF_Server10_SF11,,,0
LoRaSim-MinimalTopology-0-20240420-23:27:03-7004,scalar,LoRa.host[0],numOfHostsPerSF_Server10_SF12,,,0
LoRaSim-MinimalTopology-0-20240420-23:27:03-7004,scalar,_runattrs_,M,,,11
LoRaSim-MinimalTopology-0-20240420-23:27:03-7004,scalar,_runattrs_,N,,,2000
