run,type,module,name,attrname,attrvalue,value
LoRaSim-MinimalTopology-0-20240420-23:28:19-11488,runattr,,,configname,LoRaSim-MinimalTopology,
LoRaSim-MinimalTopology-0-20240420-23:28:19-11488,runattr,,,datetime,20240420-23:28:19,
LoRaSim-MinimalTopology-0-20240420-23:28:19-11488,runattr,,,experiment,LoRaSim-MinimalTopology,
LoRaSim-MinimalTopology-0-20240420-23:28:19-11488,runattr,,,inifile,omnetpp.ini,
LoRaSim-MinimalTopology-0-20240420-23:28:19-11488,runattr,,,iterationvars,"$N=3000, $M=11",
LoRaSim-MinimalTopology-0-20240420-23:28:19-11488,runattr,,,iterationvarsf,"N=3000,M=11-",
LoRaSim-MinimalTopology-0-20240420-23:28:19-11488,runattr,,,measurement,"$N=3000, $M=11",
LoRaSim-MinimalTopology-0-20240420-23:28:19-11488,runattr,,,network,LoRa,
LoRaSim-MinimalTopology-0-20240420-23:28:19-11488,runattr,,,processid,11488,
LoRaSim-MinimalTopology-0-20240420-23:28:19-11488,runattr,,,repetition,0,
LoRaSim-MinimalTopology-0-20240420-23:28:19-11488,runattr,,,replication,#0,
LoRaSim-MinimalTopology-0-20240420-23:28:19-11488,runattr,,,resultdir,results,
LoRaSim-MinimalTopology-0-20240420-23:28:19-11488,runattr,,,runnumber,0,
LoRaSim-MinimalTopology-0-20240420-23:28:19-11488,runattr,,,seedset,0,
LoRaSim-MinimalTopology-0-20240420-23:28:19-11488,itervar,,,M,11,
LoRaSim-MinimalTopology-0-20240420-23:28:19-11488,itervar,,,N,3000,
LoRaSim-MinimalTopology-0-20240420-23:28:19-11488,param,,,LoRa.host[*].isBufferingEvents,false,
LoRaSim-MinimalTopology-0-20240420-23:28:19-11488,param,,,LoRa.host[*].addFrameHeader,false,
LoRaSim-MinimalTopology-0-20240420-23:28:19-11488,param,,,LoRa.host[*].nbOfChannels,3,
LoRaSim-MinimalTopology-0-20240420-23:28:19-11488,param,,,LoRa.numHosts,3000,
LoRaSim-MinimalTopology-0-20240420-23:28:19-11488,param,,,LoRa.host[*].iaTime,exponential(600s),
LoRaSim-MinimalTopology-0-20240420-23:28:19-11488,param,,,LoRa.host[*].pkLenBits,160b,
LoRaSim-MinimalTopology-0-20240420-23:28:19-11488,param,,,LoRa.netR,6333.83 m,
LoRaSim-MinimalTopology-0-20240420-23:28:19-11488,param,,,LoRa.server[*].pathlossExp,3,
LoRaSim-MinimalTopology-0-20240420-23:28:19-11488,param,,,LoRa.server[*].BW,125,
LoRaSim-MinimalTopology-0-20240420-23:28:19-11488,param,,,LoRa.numServers,11,
LoRaSim-MinimalTopology-0-20240420-23:28:19-11488,param,,,LoRa.server[0].x,6333.83m,
LoRaSim-MinimalTopology-0-20240420-23:28:19-11488,param,,,LoRa.server[0].y,0,
LoRaSim-MinimalTopology-0-20240420-23:28:19-11488,param,,,LoRa.server[1].x,5124.66m,
LoRaSim-MinimalTopology-0-20240420-23:28:19-11488,param,,,LoRa.server[1].y,3720.35m,
LoRaSim-MinimalTopology-0-20240420-23:28:19-11488,param,,,LoRa.server[2].x,1955.48m,
LoRaSim-MinimalTopology-0-20240420-23:28:19-11488,param,,,LoRa.server[2].y,6022.43m,
LoRaSim-MinimalTopology-0-20240420-23:28:19-11488,param,,,LoRa.server[3].x,-1955.48m,
LoRaSim-MinimalTopology-0-20240420-23:28:19-11488,param,,,LoRa.server[3].y,6022.43m,
LoRaSim-MinimalTopology-0-20240420-23:28:19-11488,param,,,LoRa.server[4].x,-5124.66m,
LoRaSim-MinimalTopology-0-20240420-23:28:19-11488,param,,,LoRa.server[4].y,3722.39m,
LoRaSim-MinimalTopology-0-20240420-23:28:19-11488,param,,,LoRa.server[5].x,-6333.83m,
LoRaSim-MinimalTopology-0-20240420-23:28:19-11488,param,,,LoRa.server[5].y,0m,
LoRaSim-MinimalTopology-0-20240420-23:28:19-11488,param,,,LoRa.server[6].x,-5124.66m,
LoRaSim-MinimalTopology-0-20240420-23:28:19-11488,param,,,LoRa.server[6].y,-3722.39m,
LoRaSim-MinimalTopology-0-20240420-23:28:19-11488,param,,,LoRa.server[7].x,-1955.48m,
LoRaSim-MinimalTopology-0-20240420-23:28:19-11488,param,,,LoRa.server[7].y,-6022.43m,
LoRaSim-MinimalTopology-0-20240420-23:28:19-11488,param,,,LoRa.server[8].x,1955.48m,
LoRaSim-MinimalTopology-0-20240420-23:28:19-11488,param,,,LoRa.server[8].y,-6022.43m,
LoRaSim-MinimalTopology-0-20240420-23:28:19-11488,param,,,LoRa.server[9].x,5124.66m,
LoRaSim-MinimalTopology-0-20240420-23:28:19-11488,param,,,LoRa.server[9].y,-3720.35m,
LoRaSim-MinimalTopology-0-20240420-23:28:19-11488,param,,,LoRa.server[10].x,0,
LoRaSim-MinimalTopology-0-20240420-23:28:19-11488,param,,,LoRa.server[10].y,0,
LoRaSim-MinimalTopology-0-20240420-23:28:19-11488,param,,,**.animationHoldTimeOnCollision,0s,
LoRaSim-MinimalTopology-0-20240420-23:28:19-11488,param,,,**.idleAnimationSpeed,1,
LoRaSim-MinimalTopology-0-20240420-23:28:19-11488,param,,,**.transmissionEdgeAnimationSpeed,1e-6,
LoRaSim-MinimalTopology-0-20240420-23:28:19-11488,param,,,**.midTransmissionAnimationSpeed,1e-1,
LoRaSim-MinimalTopology-0-20240420-23:28:19-11488,param,,,LoRa.slotTime,0,
LoRaSim-MinimalTopology-0-20240420-23:28:19-11488,param,,,LoRa.dutyCycleActive,true,
LoRaSim-MinimalTopology-0-20240420-23:28:19-11488,scalar,LoRa.server[0],SF: 7,,,0.39134259259259
LoRaSim-MinimalTopology-0-20240420-23:28:19-11488,scalar,LoRa.server[0],rcvCounter: 7,,,170407
LoRaSim-MinimalTopology-0-20240420-23:28:19-11488,scalar,LoRa.server[0],noOfCollidedPackets: 7,,,1347
LoRaSim-MinimalTopology-0-20240420-23:28:19-11488,scalar,LoRa.server[0],noOfSuccessPackets: 7,,,169060
LoRaSim-MinimalTopology-0-20240420-23:28:19-11488,scalar,LoRa.server[0],noOfHostsInSFTier: 7,,,446
LoRaSim-MinimalTopology-0-20240420-23:28:19-11488,scalar,LoRa.server[0],SF: 8,,,0
LoRaSim-MinimalTopology-0-20240420-23:28:19-11488,scalar,LoRa.server[0],rcvCounter: 8,,,0
LoRaSim-MinimalTopology-0-20240420-23:28:19-11488,scalar,LoRa.server[0],noOfCollidedPackets: 8,,,0
LoRaSim-MinimalTopology-0-20240420-23:28:19-11488,scalar,LoRa.server[0],noOfSuccessPackets: 8,,,0
LoRaSim-MinimalTopology-0-20240420-23:28:19-11488,scalar,LoRa.server[0],noOfHostsInSFTier: 8,,,182
LoRaSim-MinimalTopology-0-20240420-23:28:19-11488,scalar,LoRa.server[0],SF: 9,,,0
LoRaSim-MinimalTopology-0-20240420-23:28:19-11488,scalar,LoRa.server[0],rcvCounter: 9,,,0
LoRaSim-MinimalTopology-0-20240420-23:28:19-11488,scalar,LoRa.server[0],noOfCollidedPackets: 9,,,0
LoRaSim-MinimalTopology-0-20240420-23:28:19-11488,scalar,LoRa.server[0],noOfSuccessPackets: 9,,,0
LoRaSim-MinimalTopology-0-20240420-23:28:19-11488,scalar,LoRa.server[0],noOfHostsInSFTier: 9,,,317
LoRaSim-MinimalTopology-0-20240420-23:28:19-11488,scalar,LoRa.server[0],SF: 10,,,0
LoRaSim-MinimalTopology-0-20240420-23:28:19-11488,scalar,LoRa.server[0],rcvCounter: 10,,,0
LoRaSim-MinimalTopology-0-20240420-23:28:19-11488,scalar,LoRa.server[0],noOfCollidedPackets: 10,,,0
LoRaSim-MinimalTopology-0-20240420-23:28:19-11488,scalar,LoRa.server[0],noOfSuccessPackets: 10,,,0
LoRaSim-MinimalTopology-0-20240420-23:28:19-11488,scalar,LoRa.server[0],noOfHostsInSFTier: 10,,,459
LoRaSim-MinimalTopology-0-20240420-23:28:19-11488,scalar,LoRa.server[0],SF: 11,,,0
LoRaSim-MinimalTopology-0-20240420-23:28:19-11488,scalar,LoRa.server[0],rcvCounter: 11,,,0
LoRaSim-MinimalTopology-0-20240420-23:28:19-11488,scalar,LoRa.server[0],noOfCollidedPackets: 11,,,0
LoRaSim-MinimalTopology-0-20240420-23:28:19-11488,scalar,LoRa.server[0],noOfSuccessPackets: 11,,,0
LoRaSim-MinimalTopology-0-20240420-23:28:19-11488,scalar,LoRa.server[0],noOfHostsInSFTier: 11,,,602
LoRaSim-MinimalTopology-0-20240420-23:28:19-11488,scalar,LoRa.server[0],SF: 12,,,0
LoRaSim-MinimalTopology-0-20240420-23:28:19-11488,scalar,LoRa.server[0],rcvCounter: 12,,,0
LoRaSim-MinimalTopology-0-20240420-23:28:19-11488,scalar,LoRa.server[0],noOfCollidedPackets: 12,,,0
LoRaSim-MinimalTopology-0-20240420-23:28:19-11488,scalar,LoRa.server[0],noOfSuccessPackets: 12,,,0
LoRaSim-MinimalTopology-0-20240420-23:28:19-11488,scalar,LoRa.server[0],noOfHostsInSFTier: 12,,,991
LoRaSim-MinimalTopology-0-20240420-23:28:19-11488,scalar,LoRa.server[0],totalSuccessRate,,,0.39134259259259
LoRaSim-MinimalTopology-0-20240420-23:28:19-11488,scalar,LoRa.server[0],totalSuccessProb,,,0.99209539514222
LoRaSim-MinimalTopology-0-20240420-23:28:19-11488,scalar,LoRa.server[0],duration,,,432000
LoRaSim-MinimalTopology-0-20240420-23:28:19-11488,scalar,LoRa.server[1],SF: 7,,,0.36208101851852
LoRaSim-MinimalTopology-0-20240420-23:28:19-11488,scalar,LoRa.server[1],rcvCounter: 7,,,157623
LoRaSim-MinimalTopology-0-20240420-23:28:19-11488,scalar,LoRa.server[1],noOfCollidedPackets: 7,,,1204
LoRaSim-MinimalTopology-0-20240420-23:28:19-11488,scalar,LoRa.server[1],noOfSuccessPackets: 7,,,156419
LoRaSim-MinimalTopology-0-20240420-23:28:19-11488,scalar,LoRa.server[1],noOfHostsInSFTier: 7,,,446
LoRaSim-MinimalTopology-0-20240420-23:28:19-11488,scalar,LoRa.server[1],SF: 8,,,0
LoRaSim-MinimalTopology-0-20240420-23:28:19-11488,scalar,LoRa.server[1],rcvCounter: 8,,,0
LoRaSim-MinimalTopology-0-20240420-23:28:19-11488,scalar,LoRa.server[1],noOfCollidedPackets: 8,,,0
LoRaSim-MinimalTopology-0-20240420-23:28:19-11488,scalar,LoRa.server[1],noOfSuccessPackets: 8,,,0
LoRaSim-MinimalTopology-0-20240420-23:28:19-11488,scalar,LoRa.server[1],noOfHostsInSFTier: 8,,,182
LoRaSim-MinimalTopology-0-20240420-23:28:19-11488,scalar,LoRa.server[1],SF: 9,,,0
LoRaSim-MinimalTopology-0-20240420-23:28:19-11488,scalar,LoRa.server[1],rcvCounter: 9,,,0
LoRaSim-MinimalTopology-0-20240420-23:28:19-11488,scalar,LoRa.server[1],noOfCollidedPackets: 9,,,0
LoRaSim-MinimalTopology-0-20240420-23:28:19-11488,scalar,LoRa.server[1],noOfSuccessPackets: 9,,,0
LoRaSim-MinimalTopology-0-20240420-23:28:19-11488,scalar,LoRa.server[1],noOfHostsInSFTier: 9,,,317
LoRaSim-MinimalTopology-0-20240420-23:28:19-11488,scalar,LoRa.server[1],SF: 10,,,0
LoRaSim-MinimalTopology-0-20240420-23:28:19-11488,scalar,LoRa.server[1],rcvCounter: 10,,,0
LoRaSim-MinimalTopology-0-20240420-23:28:19-11488,scalar,LoRa.server[1],noOfCollidedPackets: 10,,,0
LoRaSim-MinimalTopology-0-20240420-23:28:19-11488,scalar,LoRa.server[1],noOfSuccessPackets: 10,,,0
LoRaSim-MinimalTopology-0-20240420-23:28:19-11488,scalar,LoRa.server[1],noOfHostsInSFTier: 10,,,459
LoRaSim-MinimalTopology-0-20240420-23:28:19-11488,scalar,LoRa.server[1],SF: 11,,,0
LoRaSim-MinimalTopology-0-20240420-23:28:19-11488,scalar,LoRa.server[1],rcvCounter: 11,,,0
LoRaSim-MinimalTopology-0-20240420-23:28:19-11488,scalar,LoRa.server[1],noOfCollidedPackets: 11,,,0
LoRaSim-MinimalTopology-0-20240420-23:28:19-11488,scalar,LoRa.server[1],noOfSuccessPackets: 11,,,0
LoRaSim-MinimalTopology-0-20240420-23:28:19-11488,scalar,LoRa.server[1],noOfHostsInSFTier: 11,,,602
LoRaSim-MinimalTopology-0-20240420-23:28:19-11488,scalar,LoRa.server[1],SF: 12,,,0
LoRaSim-MinimalTopology-0-20240420-23:28:19-11488,scalar,LoRa.server[1],rcvCounter: 12,,,0
LoRaSim-MinimalTopology-0-20240420-23:28:19-11488,scalar,LoRa.server[1],noOfCollidedPackets: 12,,,0
LoRaSim-MinimalTopology-0-20240420-23:28:19-11488,scalar,LoRa.server[1],noOfSuccessPackets: 12,,,0
LoRaSim-MinimalTopology-0-20240420-23:28:19-11488,scalar,LoRa.server[1],noOfHostsInSFTier: 12,,,991
LoRaSim-MinimalTopology-0-20240420-23:28:19-11488,scalar,LoRa.server[1],totalSuccessRate,,,0.36208101851852
LoRaSim-MinimalTopology-0-20240420-23:28:19-11488,scalar,LoRa.server[1],totalSuccessProb,,,0.99236152084404
LoRaSim-MinimalTopology-0-20240420-23:28:19-11488,scalar,LoRa.server[1],duration,,,432000
LoRaSim-MinimalTopology-0-20240420-23:28:19-11488,scalar,LoRa.server[2],SF: 7,,,0.36209259259259
LoRaSim-MinimalTopology-0-20240420-23:28:19-11488,scalar,LoRa.server[2],rcvCounter: 7,,,157488
LoRaSim-MinimalTopology-0-20240420-23:28:19-11488,scalar,LoRa.server[2],noOfCollidedPackets: 7,,,1064
LoRaSim-MinimalTopology-0-20240420-23:28:19-11488,scalar,LoRa.server[2],noOfSuccessPackets: 7,,,156424
LoRaSim-MinimalTopology-0-20240420-23:28:19-11488,scalar,LoRa.server[2],noOfHostsInSFTier: 7,,,446
LoRaSim-MinimalTopology-0-20240420-23:28:19-11488,scalar,LoRa.server[2],SF: 8,,,0
LoRaSim-MinimalTopology-0-20240420-23:28:19-11488,scalar,LoRa.server[2],rcvCounter: 8,,,0
LoRaSim-MinimalTopology-0-20240420-23:28:19-11488,scalar,LoRa.server[2],noOfCollidedPackets: 8,,,0
LoRaSim-MinimalTopology-0-20240420-23:28:19-11488,scalar,LoRa.server[2],noOfSuccessPackets: 8,,,0
LoRaSim-MinimalTopology-0-20240420-23:28:19-11488,scalar,LoRa.server[2],noOfHostsInSFTier: 8,,,182
LoRaSim-MinimalTopology-0-20240420-23:28:19-11488,scalar,LoRa.server[2],SF: 9,,,0
LoRaSim-MinimalTopology-0-20240420-23:28:19-11488,scalar,LoRa.server[2],rcvCounter: 9,,,0
LoRaSim-MinimalTopology-0-20240420-23:28:19-11488,scalar,LoRa.server[2],noOfCollidedPackets: 9,,,0
LoRaSim-MinimalTopology-0-20240420-23:28:19-11488,scalar,LoRa.server[2],noOfSuccessPackets: 9,,,0
LoRaSim-MinimalTopology-0-20240420-23:28:19-11488,scalar,LoRa.server[2],noOfHostsInSFTier: 9,,,317
LoRaSim-MinimalTopology-0-20240420-23:28:19-11488,scalar,LoRa.server[2],SF: 10,,,0
LoRaSim-MinimalTopology-0-20240420-23:28:19-11488,scalar,LoRa.server[2],rcvCounter: 10,,,0
LoRaSim-MinimalTopology-0-20240420-23:28:19-11488,scalar,LoRa.server[2],noOfCollidedPackets: 10,,,0
LoRaSim-MinimalTopology-0-20240420-23:28:19-11488,scalar,LoRa.server[2],noOfSuccessPackets: 10,,,0
LoRaSim-MinimalTopology-0-20240420-23:28:19-11488,scalar,LoRa.server[2],noOfHostsInSFTier: 10,,,459
LoRaSim-MinimalTopology-0-20240420-23:28:19-11488,scalar,LoRa.server[2],SF: 11,,,0
LoRaSim-MinimalTopology-0-20240420-23:28:19-11488,scalar,LoRa.server[2],rcvCounter: 11,,,0
LoRaSim-MinimalTopology-0-20240420-23:28:19-11488,scalar,LoRa.server[2],noOfCollidedPackets: 11,,,0
LoRaSim-MinimalTopology-0-20240420-23:28:19-11488,scalar,LoRa.server[2],noOfSuccessPackets: 11,,,0
LoRaSim-MinimalTopology-0-20240420-23:28:19-11488,scalar,LoRa.server[2],noOfHostsInSFTier: 11,,,602
LoRaSim-MinimalTopology-0-20240420-23:28:19-11488,scalar,LoRa.server[2],SF: 12,,,0
LoRaSim-MinimalTopology-0-20240420-23:28:19-11488,scalar,LoRa.server[2],rcvCounter: 12,,,0
LoRaSim-MinimalTopology-0-20240420-23:28:19-11488,scalar,LoRa.server[2],noOfCollidedPackets: 12,,,0
LoRaSim-MinimalTopology-0-20240420-23:28:19-11488,scalar,LoRa.server[2],noOfSuccessPackets: 12,,,0
LoRaSim-MinimalTopology-0-20240420-23:28:19-11488,scalar,LoRa.server[2],noOfHostsInSFTier: 12,,,991
LoRaSim-MinimalTopology-0-20240420-23:28:19-11488,scalar,LoRa.server[2],totalSuccessRate,,,0.36209259259259
LoRaSim-MinimalTopology-0-20240420-23:28:19-11488,scalar,LoRa.server[2],totalSuccessProb,,,0.99324392969623
LoRaSim-MinimalTopology-0-20240420-23:28:19-11488,scalar,LoRa.server[2],duration,,,432000
LoRaSim-MinimalTopology-0-20240420-23:28:19-11488,scalar,LoRa.server[3],SF: 7,,,0.35663194444444
LoRaSim-MinimalTopology-0-20240420-23:28:19-11488,scalar,LoRa.server[3],rcvCounter: 7,,,155110
LoRaSim-MinimalTopology-0-20240420-23:28:19-11488,scalar,LoRa.server[3],noOfCollidedPackets: 7,,,1045
LoRaSim-MinimalTopology-0-20240420-23:28:19-11488,scalar,LoRa.server[3],noOfSuccessPackets: 7,,,154065
LoRaSim-MinimalTopology-0-20240420-23:28:19-11488,scalar,LoRa.server[3],noOfHostsInSFTier: 7,,,446
LoRaSim-MinimalTopology-0-20240420-23:28:19-11488,scalar,LoRa.server[3],SF: 8,,,0
LoRaSim-MinimalTopology-0-20240420-23:28:19-11488,scalar,LoRa.server[3],rcvCounter: 8,,,0
LoRaSim-MinimalTopology-0-20240420-23:28:19-11488,scalar,LoRa.server[3],noOfCollidedPackets: 8,,,0
LoRaSim-MinimalTopology-0-20240420-23:28:19-11488,scalar,LoRa.server[3],noOfSuccessPackets: 8,,,0
LoRaSim-MinimalTopology-0-20240420-23:28:19-11488,scalar,LoRa.server[3],noOfHostsInSFTier: 8,,,182
LoRaSim-MinimalTopology-0-20240420-23:28:19-11488,scalar,LoRa.server[3],SF: 9,,,0
LoRaSim-MinimalTopology-0-20240420-23:28:19-11488,scalar,LoRa.server[3],rcvCounter: 9,,,0
LoRaSim-MinimalTopology-0-20240420-23:28:19-11488,scalar,LoRa.server[3],noOfCollidedPackets: 9,,,0
LoRaSim-MinimalTopology-0-20240420-23:28:19-11488,scalar,LoRa.server[3],noOfSuccessPackets: 9,,,0
LoRaSim-MinimalTopology-0-20240420-23:28:19-11488,scalar,LoRa.server[3],noOfHostsInSFTier: 9,,,317
LoRaSim-MinimalTopology-0-20240420-23:28:19-11488,scalar,LoRa.server[3],SF: 10,,,0
LoRaSim-MinimalTopology-0-20240420-23:28:19-11488,scalar,LoRa.server[3],rcvCounter: 10,,,0
LoRaSim-MinimalTopology-0-20240420-23:28:19-11488,scalar,LoRa.server[3],noOfCollidedPackets: 10,,,0
LoRaSim-MinimalTopology-0-20240420-23:28:19-11488,scalar,LoRa.server[3],noOfSuccessPackets: 10,,,0
LoRaSim-MinimalTopology-0-20240420-23:28:19-11488,scalar,LoRa.server[3],noOfHostsInSFTier: 10,,,459
LoRaSim-MinimalTopology-0-20240420-23:28:19-11488,scalar,LoRa.server[3],SF: 11,,,0
LoRaSim-MinimalTopology-0-20240420-23:28:19-11488,scalar,LoRa.server[3],rcvCounter: 11,,,0
LoRaSim-MinimalTopology-0-20240420-23:28:19-11488,scalar,LoRa.server[3],noOfCollidedPackets: 11,,,0
LoRaSim-MinimalTopology-0-20240420-23:28:19-11488,scalar,LoRa.server[3],noOfSuccessPackets: 11,,,0
LoRaSim-MinimalTopology-0-20240420-23:28:19-11488,scalar,LoRa.server[3],noOfHostsInSFTier: 11,,,602
LoRaSim-MinimalTopology-0-20240420-23:28:19-11488,scalar,LoRa.server[3],SF: 12,,,0
LoRaSim-MinimalTopology-0-20240420-23:28:19-11488,scalar,LoRa.server[3],rcvCounter: 12,,,0
LoRaSim-MinimalTopology-0-20240420-23:28:19-11488,scalar,LoRa.server[3],noOfCollidedPackets: 12,,,0
LoRaSim-MinimalTopology-0-20240420-23:28:19-11488,scalar,LoRa.server[3],noOfSuccessPackets: 12,,,0
LoRaSim-MinimalTopology-0-20240420-23:28:19-11488,scalar,LoRa.server[3],noOfHostsInSFTier: 12,,,991
LoRaSim-MinimalTopology-0-20240420-23:28:19-11488,scalar,LoRa.server[3],totalSuccessRate,,,0.35663194444444
LoRaSim-MinimalTopology-0-20240420-23:28:19-11488,scalar,LoRa.server[3],totalSuccessProb,,,0.99326284572239
LoRaSim-MinimalTopology-0-20240420-23:28:19-11488,scalar,LoRa.server[3],duration,,,432000
LoRaSim-MinimalTopology-0-20240420-23:28:19-11488,scalar,LoRa.server[4],SF: 7,,,0.37439351851852
LoRaSim-MinimalTopology-0-20240420-23:28:19-11488,scalar,LoRa.server[4],rcvCounter: 7,,,162926
LoRaSim-MinimalTopology-0-20240420-23:28:19-11488,scalar,LoRa.server[4],noOfCollidedPackets: 7,,,1188
LoRaSim-MinimalTopology-0-20240420-23:28:19-11488,scalar,LoRa.server[4],noOfSuccessPackets: 7,,,161738
LoRaSim-MinimalTopology-0-20240420-23:28:19-11488,scalar,LoRa.server[4],noOfHostsInSFTier: 7,,,446
LoRaSim-MinimalTopology-0-20240420-23:28:19-11488,scalar,LoRa.server[4],SF: 8,,,0
LoRaSim-MinimalTopology-0-20240420-23:28:19-11488,scalar,LoRa.server[4],rcvCounter: 8,,,0
LoRaSim-MinimalTopology-0-20240420-23:28:19-11488,scalar,LoRa.server[4],noOfCollidedPackets: 8,,,0
LoRaSim-MinimalTopology-0-20240420-23:28:19-11488,scalar,LoRa.server[4],noOfSuccessPackets: 8,,,0
LoRaSim-MinimalTopology-0-20240420-23:28:19-11488,scalar,LoRa.server[4],noOfHostsInSFTier: 8,,,182
LoRaSim-MinimalTopology-0-20240420-23:28:19-11488,scalar,LoRa.server[4],SF: 9,,,0
LoRaSim-MinimalTopology-0-20240420-23:28:19-11488,scalar,LoRa.server[4],rcvCounter: 9,,,0
LoRaSim-MinimalTopology-0-20240420-23:28:19-11488,scalar,LoRa.server[4],noOfCollidedPackets: 9,,,0
LoRaSim-MinimalTopology-0-20240420-23:28:19-11488,scalar,LoRa.server[4],noOfSuccessPackets: 9,,,0
LoRaSim-MinimalTopology-0-20240420-23:28:19-11488,scalar,LoRa.server[4],noOfHostsInSFTier: 9,,,317
LoRaSim-MinimalTopology-0-20240420-23:28:19-11488,scalar,LoRa.server[4],SF: 10,,,0
LoRaSim-MinimalTopology-0-20240420-23:28:19-11488,scalar,LoRa.server[4],rcvCounter: 10,,,0
LoRaSim-MinimalTopology-0-20240420-23:28:19-11488,scalar,LoRa.server[4],noOfCollidedPackets: 10,,,0
LoRaSim-MinimalTopology-0-20240420-23:28:19-11488,scalar,LoRa.server[4],noOfSuccessPackets: 10,,,0
LoRaSim-MinimalTopology-0-20240420-23:28:19-11488,scalar,LoRa.server[4],noOfHostsInSFTier: 10,,,459
LoRaSim-MinimalTopology-0-20240420-23:28:19-11488,scalar,LoRa.server[4],SF: 11,,,0
LoRaSim-MinimalTopology-0-20240420-23:28:19-11488,scalar,LoRa.server[4],rcvCounter: 11,,,0
LoRaSim-MinimalTopology-0-20240420-23:28:19-11488,scalar,LoRa.server[4],noOfCollidedPackets: 11,,,0
LoRaSim-MinimalTopology-0-20240420-23:28:19-11488,scalar,LoRa.server[4],noOfSuccessPackets: 11,,,0
LoRaSim-MinimalTopology-0-20240420-23:28:19-11488,scalar,LoRa.server[4],noOfHostsInSFTier: 11,,,602
LoRaSim-MinimalTopology-0-20240420-23:28:19-11488,scalar,LoRa.server[4],SF: 12,,,0
LoRaSim-MinimalTopology-0-20240420-23:28:19-11488,scalar,LoRa.server[4],rcvCounter: 12,,,0
LoRaSim-MinimalTopology-0-20240420-23:28:19-11488,scalar,LoRa.server[4],noOfCollidedPackets: 12,,,0
LoRaSim-MinimalTopology-0-20240420-23:28:19-11488,scalar,LoRa.server[4],noOfSuccessPackets: 12,,,0
LoRaSim-MinimalTopology-0-20240420-23:28:19-11488,scalar,LoRa.server[4],noOfHostsInSFTier: 12,,,991
LoRaSim-MinimalTopology-0-20240420-23:28:19-11488,scalar,LoRa.server[4],totalSuccessRate,,,0.37439351851852
LoRaSim-MinimalTopology-0-20240420-23:28:19-11488,scalar,LoRa.server[4],totalSuccessProb,,,0.99270834612032
LoRaSim-MinimalTopology-0-20240420-23:28:19-11488,scalar,LoRa.server[4],duration,,,432000
LoRaSim-MinimalTopology-0-20240420-23:28:19-11488,scalar,LoRa.server[5],SF: 7,,,0.39016203703704
LoRaSim-MinimalTopology-0-20240420-23:28:19-11488,scalar,LoRa.server[5],rcvCounter: 7,,,169856
LoRaSim-MinimalTopology-0-20240420-23:28:19-11488,scalar,LoRa.server[5],noOfCollidedPackets: 7,,,1306
LoRaSim-MinimalTopology-0-20240420-23:28:19-11488,scalar,LoRa.server[5],noOfSuccessPackets: 7,,,168550
LoRaSim-MinimalTopology-0-20240420-23:28:19-11488,scalar,LoRa.server[5],noOfHostsInSFTier: 7,,,446
LoRaSim-MinimalTopology-0-20240420-23:28:19-11488,scalar,LoRa.server[5],SF: 8,,,0
LoRaSim-MinimalTopology-0-20240420-23:28:19-11488,scalar,LoRa.server[5],rcvCounter: 8,,,0
LoRaSim-MinimalTopology-0-20240420-23:28:19-11488,scalar,LoRa.server[5],noOfCollidedPackets: 8,,,0
LoRaSim-MinimalTopology-0-20240420-23:28:19-11488,scalar,LoRa.server[5],noOfSuccessPackets: 8,,,0
LoRaSim-MinimalTopology-0-20240420-23:28:19-11488,scalar,LoRa.server[5],noOfHostsInSFTier: 8,,,182
LoRaSim-MinimalTopology-0-20240420-23:28:19-11488,scalar,LoRa.server[5],SF: 9,,,0
LoRaSim-MinimalTopology-0-20240420-23:28:19-11488,scalar,LoRa.server[5],rcvCounter: 9,,,0
LoRaSim-MinimalTopology-0-20240420-23:28:19-11488,scalar,LoRa.server[5],noOfCollidedPackets: 9,,,0
LoRaSim-MinimalTopology-0-20240420-23:28:19-11488,scalar,LoRa.server[5],noOfSuccessPackets: 9,,,0
LoRaSim-MinimalTopology-0-20240420-23:28:19-11488,scalar,LoRa.server[5],noOfHostsInSFTier: 9,,,317
LoRaSim-MinimalTopology-0-20240420-23:28:19-11488,scalar,LoRa.server[5],SF: 10,,,0
LoRaSim-MinimalTopology-0-20240420-23:28:19-11488,scalar,LoRa.server[5],rcvCounter: 10,,,0
LoRaSim-MinimalTopology-0-20240420-23:28:19-11488,scalar,LoRa.server[5],noOfCollidedPackets: 10,,,0
LoRaSim-MinimalTopology-0-20240420-23:28:19-11488,scalar,LoRa.server[5],noOfSuccessPackets: 10,,,0
LoRaSim-MinimalTopology-0-20240420-23:28:19-11488,scalar,LoRa.server[5],noOfHostsInSFTier: 10,,,459
LoRaSim-MinimalTopology-0-20240420-23:28:19-11488,scalar,LoRa.server[5],SF: 11,,,0
LoRaSim-MinimalTopology-0-20240420-23:28:19-11488,scalar,LoRa.server[5],rcvCounter: 11,,,0
LoRaSim-MinimalTopology-0-20240420-23:28:19-11488,scalar,LoRa.server[5],noOfCollidedPackets: 11,,,0
LoRaSim-MinimalTopology-0-20240420-23:28:19-11488,scalar,LoRa.server[5],noOfSuccessPackets: 11,,,0
LoRaSim-MinimalTopology-0-20240420-23:28:19-11488,scalar,LoRa.server[5],noOfHostsInSFTier: 11,,,602
LoRaSim-MinimalTopology-0-20240420-23:28:19-11488,scalar,LoRa.server[5],SF: 12,,,0
LoRaSim-MinimalTopology-0-20240420-23:28:19-11488,scalar,LoRa.server[5],rcvCounter: 12,,,0
LoRaSim-MinimalTopology-0-20240420-23:28:19-11488,scalar,LoRa.server[5],noOfCollidedPackets: 12,,,0
LoRaSim-MinimalTopology-0-20240420-23:28:19-11488,scalar,LoRa.server[5],noOfSuccessPackets: 12,,,0
LoRaSim-MinimalTopology-0-20240420-23:28:19-11488,scalar,LoRa.server[5],noOfHostsInSFTier: 12,,,991
LoRaSim-MinimalTopology-0-20240420-23:28:19-11488,scalar,LoRa.server[5],totalSuccessRate,,,0.39016203703704
LoRaSim-MinimalTopology-0-20240420-23:28:19-11488,scalar,LoRa.server[5],totalSuccessProb,,,0.99231113413715
LoRaSim-MinimalTopology-0-20240420-23:28:19-11488,scalar,LoRa.server[5],duration,,,432000
LoRaSim-MinimalTopology-0-20240420-23:28:19-11488,scalar,LoRa.server[6],SF: 7,,,0.38203703703704
LoRaSim-MinimalTopology-0-20240420-23:28:19-11488,scalar,LoRa.server[6],rcvCounter: 7,,,166259
LoRaSim-MinimalTopology-0-20240420-23:28:19-11488,scalar,LoRa.server[6],noOfCollidedPackets: 7,,,1219
LoRaSim-MinimalTopology-0-20240420-23:28:19-11488,scalar,LoRa.server[6],noOfSuccessPackets: 7,,,165040
LoRaSim-MinimalTopology-0-20240420-23:28:19-11488,scalar,LoRa.server[6],noOfHostsInSFTier: 7,,,446
LoRaSim-MinimalTopology-0-20240420-23:28:19-11488,scalar,LoRa.server[6],SF: 8,,,0
LoRaSim-MinimalTopology-0-20240420-23:28:19-11488,scalar,LoRa.server[6],rcvCounter: 8,,,0
LoRaSim-MinimalTopology-0-20240420-23:28:19-11488,scalar,LoRa.server[6],noOfCollidedPackets: 8,,,0
LoRaSim-MinimalTopology-0-20240420-23:28:19-11488,scalar,LoRa.server[6],noOfSuccessPackets: 8,,,0
LoRaSim-MinimalTopology-0-20240420-23:28:19-11488,scalar,LoRa.server[6],noOfHostsInSFTier: 8,,,182
LoRaSim-MinimalTopology-0-20240420-23:28:19-11488,scalar,LoRa.server[6],SF: 9,,,0
LoRaSim-MinimalTopology-0-20240420-23:28:19-11488,scalar,LoRa.server[6],rcvCounter: 9,,,0
LoRaSim-MinimalTopology-0-20240420-23:28:19-11488,scalar,LoRa.server[6],noOfCollidedPackets: 9,,,0
LoRaSim-MinimalTopology-0-20240420-23:28:19-11488,scalar,LoRa.server[6],noOfSuccessPackets: 9,,,0
LoRaSim-MinimalTopology-0-20240420-23:28:19-11488,scalar,LoRa.server[6],noOfHostsInSFTier: 9,,,317
LoRaSim-MinimalTopology-0-20240420-23:28:19-11488,scalar,LoRa.server[6],SF: 10,,,0
LoRaSim-MinimalTopology-0-20240420-23:28:19-11488,scalar,LoRa.server[6],rcvCounter: 10,,,0
LoRaSim-MinimalTopology-0-20240420-23:28:19-11488,scalar,LoRa.server[6],noOfCollidedPackets: 10,,,0
LoRaSim-MinimalTopology-0-20240420-23:28:19-11488,scalar,LoRa.server[6],noOfSuccessPackets: 10,,,0
LoRaSim-MinimalTopology-0-20240420-23:28:19-11488,scalar,LoRa.server[6],noOfHostsInSFTier: 10,,,459
LoRaSim-MinimalTopology-0-20240420-23:28:19-11488,scalar,LoRa.server[6],SF: 11,,,0
LoRaSim-MinimalTopology-0-20240420-23:28:19-11488,scalar,LoRa.server[6],rcvCounter: 11,,,0
LoRaSim-MinimalTopology-0-20240420-23:28:19-11488,scalar,LoRa.server[6],noOfCollidedPackets: 11,,,0
LoRaSim-MinimalTopology-0-20240420-23:28:19-11488,scalar,LoRa.server[6],noOfSuccessPackets: 11,,,0
LoRaSim-MinimalTopology-0-20240420-23:28:19-11488,scalar,LoRa.server[6],noOfHostsInSFTier: 11,,,602
LoRaSim-MinimalTopology-0-20240420-23:28:19-11488,scalar,LoRa.server[6],SF: 12,,,0
LoRaSim-MinimalTopology-0-20240420-23:28:19-11488,scalar,LoRa.server[6],rcvCounter: 12,,,0
LoRaSim-MinimalTopology-0-20240420-23:28:19-11488,scalar,LoRa.server[6],noOfCollidedPackets: 12,,,0
LoRaSim-MinimalTopology-0-20240420-23:28:19-11488,scalar,LoRa.server[6],noOfSuccessPackets: 12,,,0
LoRaSim-MinimalTopology-0-20240420-23:28:19-11488,scalar,LoRa.server[6],noOfHostsInSFTier: 12,,,991
LoRaSim-MinimalTopology-0-20240420-23:28:19-11488,scalar,LoRa.server[6],totalSuccessRate,,,0.38203703703704
LoRaSim-MinimalTopology-0-20240420-23:28:19-11488,scalar,LoRa.server[6],totalSuccessProb,,,0.99266806608966
LoRaSim-MinimalTopology-0-20240420-23:28:19-11488,scalar,LoRa.server[6],duration,,,432000
LoRaSim-MinimalTopology-0-20240420-23:28:19-11488,scalar,LoRa.server[7],SF: 7,,,0.35974074074074
LoRaSim-MinimalTopology-0-20240420-23:28:19-11488,scalar,LoRa.server[7],rcvCounter: 7,,,156457
LoRaSim-MinimalTopology-0-20240420-23:28:19-11488,scalar,LoRa.server[7],noOfCollidedPackets: 7,,,1049
LoRaSim-MinimalTopology-0-20240420-23:28:19-11488,scalar,LoRa.server[7],noOfSuccessPackets: 7,,,155408
LoRaSim-MinimalTopology-0-20240420-23:28:19-11488,scalar,LoRa.server[7],noOfHostsInSFTier: 7,,,446
LoRaSim-MinimalTopology-0-20240420-23:28:19-11488,scalar,LoRa.server[7],SF: 8,,,0
LoRaSim-MinimalTopology-0-20240420-23:28:19-11488,scalar,LoRa.server[7],rcvCounter: 8,,,0
LoRaSim-MinimalTopology-0-20240420-23:28:19-11488,scalar,LoRa.server[7],noOfCollidedPackets: 8,,,0
LoRaSim-MinimalTopology-0-20240420-23:28:19-11488,scalar,LoRa.server[7],noOfSuccessPackets: 8,,,0
LoRaSim-MinimalTopology-0-20240420-23:28:19-11488,scalar,LoRa.server[7],noOfHostsInSFTier: 8,,,182
LoRaSim-MinimalTopology-0-20240420-23:28:19-11488,scalar,LoRa.server[7],SF: 9,,,0
LoRaSim-MinimalTopology-0-20240420-23:28:19-11488,scalar,LoRa.server[7],rcvCounter: 9,,,0
LoRaSim-MinimalTopology-0-20240420-23:28:19-11488,scalar,LoRa.server[7],noOfCollidedPackets: 9,,,0
LoRaSim-MinimalTopology-0-20240420-23:28:19-11488,scalar,LoRa.server[7],noOfSuccessPackets: 9,,,0
LoRaSim-MinimalTopology-0-20240420-23:28:19-11488,scalar,LoRa.server[7],noOfHostsInSFTier: 9,,,317
LoRaSim-MinimalTopology-0-20240420-23:28:19-11488,scalar,LoRa.server[7],SF: 10,,,0
LoRaSim-MinimalTopology-0-20240420-23:28:19-11488,scalar,LoRa.server[7],rcvCounter: 10,,,0
LoRaSim-MinimalTopology-0-20240420-23:28:19-11488,scalar,LoRa.server[7],noOfCollidedPackets: 10,,,0
LoRaSim-MinimalTopology-0-20240420-23:28:19-11488,scalar,LoRa.server[7],noOfSuccessPackets: 10,,,0
LoRaSim-MinimalTopology-0-20240420-23:28:19-11488,scalar,LoRa.server[7],noOfHostsInSFTier: 10,,,459
LoRaSim-MinimalTopology-0-20240420-23:28:19-11488,scalar,LoRa.server[7],SF: 11,,,0
LoRaSim-MinimalTopology-0-20240420-23:28:19-11488,scalar,LoRa.server[7],rcvCounter: 11,,,0
LoRaSim-MinimalTopology-0-20240420-23:28:19-11488,scalar,LoRa.server[7],noOfCollidedPackets: 11,,,0
LoRaSim-MinimalTopology-0-20240420-23:28:19-11488,scalar,LoRa.server[7],noOfSuccessPackets: 11,,,0
LoRaSim-MinimalTopology-0-20240420-23:28:19-11488,scalar,LoRa.server[7],noOfHostsInSFTier: 11,,,602
LoRaSim-MinimalTopology-0-20240420-23:28:19-11488,scalar,LoRa.server[7],SF: 12,,,0
LoRaSim-MinimalTopology-0-20240420-23:28:19-11488,scalar,LoRa.server[7],rcvCounter: 12,,,0
LoRaSim-MinimalTopology-0-20240420-23:28:19-11488,scalar,LoRa.server[7],noOfCollidedPackets: 12,,,0
LoRaSim-MinimalTopology-0-20240420-23:28:19-11488,scalar,LoRa.server[7],noOfSuccessPackets: 12,,,0
LoRaSim-MinimalTopology-0-20240420-23:28:19-11488,scalar,LoRa.server[7],noOfHostsInSFTier: 12,,,991
LoRaSim-MinimalTopology-0-20240420-23:28:19-11488,scalar,LoRa.server[7],totalSuccessRate,,,0.35974074074074
LoRaSim-MinimalTopology-0-20240420-23:28:19-11488,scalar,LoRa.server[7],totalSuccessProb,,,0.99329528240986
LoRaSim-MinimalTopology-0-20240420-23:28:19-11488,scalar,LoRa.server[7],duration,,,432000
LoRaSim-MinimalTopology-0-20240420-23:28:19-11488,scalar,LoRa.server[8],SF: 7,,,0.35152314814815
LoRaSim-MinimalTopology-0-20240420-23:28:19-11488,scalar,LoRa.server[8],rcvCounter: 7,,,152953
LoRaSim-MinimalTopology-0-20240420-23:28:19-11488,scalar,LoRa.server[8],noOfCollidedPackets: 7,,,1095
LoRaSim-MinimalTopology-0-20240420-23:28:19-11488,scalar,LoRa.server[8],noOfSuccessPackets: 7,,,151858
LoRaSim-MinimalTopology-0-20240420-23:28:19-11488,scalar,LoRa.server[8],noOfHostsInSFTier: 7,,,446
LoRaSim-MinimalTopology-0-20240420-23:28:19-11488,scalar,LoRa.server[8],SF: 8,,,0
LoRaSim-MinimalTopology-0-20240420-23:28:19-11488,scalar,LoRa.server[8],rcvCounter: 8,,,0
LoRaSim-MinimalTopology-0-20240420-23:28:19-11488,scalar,LoRa.server[8],noOfCollidedPackets: 8,,,0
LoRaSim-MinimalTopology-0-20240420-23:28:19-11488,scalar,LoRa.server[8],noOfSuccessPackets: 8,,,0
LoRaSim-MinimalTopology-0-20240420-23:28:19-11488,scalar,LoRa.server[8],noOfHostsInSFTier: 8,,,182
LoRaSim-MinimalTopology-0-20240420-23:28:19-11488,scalar,LoRa.server[8],SF: 9,,,0
LoRaSim-MinimalTopology-0-20240420-23:28:19-11488,scalar,LoRa.server[8],rcvCounter: 9,,,0
LoRaSim-MinimalTopology-0-20240420-23:28:19-11488,scalar,LoRa.server[8],noOfCollidedPackets: 9,,,0
LoRaSim-MinimalTopology-0-20240420-23:28:19-11488,scalar,LoRa.server[8],noOfSuccessPackets: 9,,,0
LoRaSim-MinimalTopology-0-20240420-23:28:19-11488,scalar,LoRa.server[8],noOfHostsInSFTier: 9,,,317
LoRaSim-MinimalTopology-0-20240420-23:28:19-11488,scalar,LoRa.server[8],SF: 10,,,0
LoRaSim-MinimalTopology-0-20240420-23:28:19-11488,scalar,LoRa.server[8],rcvCounter: 10,,,0
LoRaSim-MinimalTopology-0-20240420-23:28:19-11488,scalar,LoRa.server[8],noOfCollidedPackets: 10,,,0
LoRaSim-MinimalTopology-0-20240420-23:28:19-11488,scalar,LoRa.server[8],noOfSuccessPackets: 10,,,0
LoRaSim-MinimalTopology-0-20240420-23:28:19-11488,scalar,LoRa.server[8],noOfHostsInSFTier: 10,,,459
LoRaSim-MinimalTopology-0-20240420-23:28:19-11488,scalar,LoRa.server[8],SF: 11,,,0
LoRaSim-MinimalTopology-0-20240420-23:28:19-11488,scalar,LoRa.server[8],rcvCounter: 11,,,0
LoRaSim-MinimalTopology-0-20240420-23:28:19-11488,scalar,LoRa.server[8],noOfCollidedPackets: 11,,,0
LoRaSim-MinimalTopology-0-20240420-23:28:19-11488,scalar,LoRa.server[8],noOfSuccessPackets: 11,,,0
LoRaSim-MinimalTopology-0-20240420-23:28:19-11488,scalar,LoRa.server[8],noOfHostsInSFTier: 11,,,602
LoRaSim-MinimalTopology-0-20240420-23:28:19-11488,scalar,LoRa.server[8],SF: 12,,,0
LoRaSim-MinimalTopology-0-20240420-23:28:19-11488,scalar,LoRa.server[8],rcvCounter: 12,,,0
LoRaSim-MinimalTopology-0-20240420-23:28:19-11488,scalar,LoRa.server[8],noOfCollidedPackets: 12,,,0
LoRaSim-MinimalTopology-0-20240420-23:28:19-11488,scalar,LoRa.server[8],noOfSuccessPackets: 12,,,0
LoRaSim-MinimalTopology-0-20240420-23:28:19-11488,scalar,LoRa.server[8],noOfHostsInSFTier: 12,,,991
LoRaSim-MinimalTopology-0-20240420-23:28:19-11488,scalar,LoRa.server[8],totalSuccessRate,,,0.35152314814815
LoRaSim-MinimalTopology-0-20240420-23:28:19-11488,scalar,LoRa.server[8],totalSuccessProb,,,0.99284093806594
LoRaSim-MinimalTopology-0-20240420-23:28:19-11488,scalar,LoRa.server[8],duration,,,432000
LoRaSim-MinimalTopology-0-20240420-23:28:19-11488,scalar,LoRa.server[9],SF: 7,,,0.37772222222222
LoRaSim-MinimalTopology-0-20240420-23:28:19-11488,scalar,LoRa.server[9],rcvCounter: 7,,,164341
LoRaSim-MinimalTopology-0-20240420-23:28:19-11488,scalar,LoRa.server[9],noOfCollidedPackets: 7,,,1165
LoRaSim-MinimalTopology-0-20240420-23:28:19-11488,scalar,LoRa.server[9],noOfSuccessPackets: 7,,,163176
LoRaSim-MinimalTopology-0-20240420-23:28:19-11488,scalar,LoRa.server[9],noOfHostsInSFTier: 7,,,446
LoRaSim-MinimalTopology-0-20240420-23:28:19-11488,scalar,LoRa.server[9],SF: 8,,,0
LoRaSim-MinimalTopology-0-20240420-23:28:19-11488,scalar,LoRa.server[9],rcvCounter: 8,,,0
LoRaSim-MinimalTopology-0-20240420-23:28:19-11488,scalar,LoRa.server[9],noOfCollidedPackets: 8,,,0
LoRaSim-MinimalTopology-0-20240420-23:28:19-11488,scalar,LoRa.server[9],noOfSuccessPackets: 8,,,0
LoRaSim-MinimalTopology-0-20240420-23:28:19-11488,scalar,LoRa.server[9],noOfHostsInSFTier: 8,,,182
LoRaSim-MinimalTopology-0-20240420-23:28:19-11488,scalar,LoRa.server[9],SF: 9,,,0
LoRaSim-MinimalTopology-0-20240420-23:28:19-11488,scalar,LoRa.server[9],rcvCounter: 9,,,0
LoRaSim-MinimalTopology-0-20240420-23:28:19-11488,scalar,LoRa.server[9],noOfCollidedPackets: 9,,,0
LoRaSim-MinimalTopology-0-20240420-23:28:19-11488,scalar,LoRa.server[9],noOfSuccessPackets: 9,,,0
LoRaSim-MinimalTopology-0-20240420-23:28:19-11488,scalar,LoRa.server[9],noOfHostsInSFTier: 9,,,317
LoRaSim-MinimalTopology-0-20240420-23:28:19-11488,scalar,LoRa.server[9],SF: 10,,,0
LoRaSim-MinimalTopology-0-20240420-23:28:19-11488,scalar,LoRa.server[9],rcvCounter: 10,,,0
LoRaSim-MinimalTopology-0-20240420-23:28:19-11488,scalar,LoRa.server[9],noOfCollidedPackets: 10,,,0
LoRaSim-MinimalTopology-0-20240420-23:28:19-11488,scalar,LoRa.server[9],noOfSuccessPackets: 10,,,0
LoRaSim-MinimalTopology-0-20240420-23:28:19-11488,scalar,LoRa.server[9],noOfHostsInSFTier: 10,,,459
LoRaSim-MinimalTopology-0-20240420-23:28:19-11488,scalar,LoRa.server[9],SF: 11,,,0
LoRaSim-MinimalTopology-0-20240420-23:28:19-11488,scalar,LoRa.server[9],rcvCounter: 11,,,0
LoRaSim-MinimalTopology-0-20240420-23:28:19-11488,scalar,LoRa.server[9],noOfCollidedPackets: 11,,,0
LoRaSim-MinimalTopology-0-20240420-23:28:19-11488,scalar,LoRa.server[9],noOfSuccessPackets: 11,,,0
LoRaSim-MinimalTopology-0-20240420-23:28:19-11488,scalar,LoRa.server[9],noOfHostsInSFTier: 11,,,602
LoRaSim-MinimalTopology-0-20240420-23:28:19-11488,scalar,LoRa.server[9],SF: 12,,,0
LoRaSim-MinimalTopology-0-20240420-23:28:19-11488,scalar,LoRa.server[9],rcvCounter: 12,,,0
LoRaSim-MinimalTopology-0-20240420-23:28:19-11488,scalar,LoRa.server[9],noOfCollidedPackets: 12,,,0
LoRaSim-MinimalTopology-0-20240420-23:28:19-11488,scalar,LoRa.server[9],noOfSuccessPackets: 12,,,0
LoRaSim-MinimalTopology-0-20240420-23:28:19-11488,scalar,LoRa.server[9],noOfHostsInSFTier: 12,,,991
LoRaSim-MinimalTopology-0-20240420-23:28:19-11488,scalar,LoRa.server[9],totalSuccessRate,,,0.37772222222222
LoRaSim-MinimalTopology-0-20240420-23:28:19-11488,scalar,LoRa.server[9],totalSuccessProb,,,0.99291108122745
LoRaSim-MinimalTopology-0-20240420-23:28:19-11488,scalar,LoRa.server[9],duration,,,432000
LoRaSim-MinimalTopology-0-20240420-23:28:19-11488,scalar,LoRa.server[10],SF: 7,,,1.211099537037
LoRaSim-MinimalTopology-0-20240420-23:28:19-11488,scalar,LoRa.server[10],rcvCounter: 7,,,535955
LoRaSim-MinimalTopology-0-20240420-23:28:19-11488,scalar,LoRa.server[10],noOfCollidedPackets: 7,,,12760
LoRaSim-MinimalTopology-0-20240420-23:28:19-11488,scalar,LoRa.server[10],noOfSuccessPackets: 7,,,523195
LoRaSim-MinimalTopology-0-20240420-23:28:19-11488,scalar,LoRa.server[10],noOfHostsInSFTier: 7,,,446
LoRaSim-MinimalTopology-0-20240420-23:28:19-11488,scalar,LoRa.server[10],SF: 8,,,0
LoRaSim-MinimalTopology-0-20240420-23:28:19-11488,scalar,LoRa.server[10],rcvCounter: 8,,,0
LoRaSim-MinimalTopology-0-20240420-23:28:19-11488,scalar,LoRa.server[10],noOfCollidedPackets: 8,,,0
LoRaSim-MinimalTopology-0-20240420-23:28:19-11488,scalar,LoRa.server[10],noOfSuccessPackets: 8,,,0
LoRaSim-MinimalTopology-0-20240420-23:28:19-11488,scalar,LoRa.server[10],noOfHostsInSFTier: 8,,,182
LoRaSim-MinimalTopology-0-20240420-23:28:19-11488,scalar,LoRa.server[10],SF: 9,,,0
LoRaSim-MinimalTopology-0-20240420-23:28:19-11488,scalar,LoRa.server[10],rcvCounter: 9,,,0
LoRaSim-MinimalTopology-0-20240420-23:28:19-11488,scalar,LoRa.server[10],noOfCollidedPackets: 9,,,0
LoRaSim-MinimalTopology-0-20240420-23:28:19-11488,scalar,LoRa.server[10],noOfSuccessPackets: 9,,,0
LoRaSim-MinimalTopology-0-20240420-23:28:19-11488,scalar,LoRa.server[10],noOfHostsInSFTier: 9,,,317
LoRaSim-MinimalTopology-0-20240420-23:28:19-11488,scalar,LoRa.server[10],SF: 10,,,0
LoRaSim-MinimalTopology-0-20240420-23:28:19-11488,scalar,LoRa.server[10],rcvCounter: 10,,,0
LoRaSim-MinimalTopology-0-20240420-23:28:19-11488,scalar,LoRa.server[10],noOfCollidedPackets: 10,,,0
LoRaSim-MinimalTopology-0-20240420-23:28:19-11488,scalar,LoRa.server[10],noOfSuccessPackets: 10,,,0
LoRaSim-MinimalTopology-0-20240420-23:28:19-11488,scalar,LoRa.server[10],noOfHostsInSFTier: 10,,,459
LoRaSim-MinimalTopology-0-20240420-23:28:19-11488,scalar,LoRa.server[10],SF: 11,,,0
LoRaSim-MinimalTopology-0-20240420-23:28:19-11488,scalar,LoRa.server[10],rcvCounter: 11,,,0
LoRaSim-MinimalTopology-0-20240420-23:28:19-11488,scalar,LoRa.server[10],noOfCollidedPackets: 11,,,0
LoRaSim-MinimalTopology-0-20240420-23:28:19-11488,scalar,LoRa.server[10],noOfSuccessPackets: 11,,,0
LoRaSim-MinimalTopology-0-20240420-23:28:19-11488,scalar,LoRa.server[10],noOfHostsInSFTier: 11,,,602
LoRaSim-MinimalTopology-0-20240420-23:28:19-11488,scalar,LoRa.server[10],SF: 12,,,0
LoRaSim-MinimalTopology-0-20240420-23:28:19-11488,scalar,LoRa.server[10],rcvCounter: 12,,,0
LoRaSim-MinimalTopology-0-20240420-23:28:19-11488,scalar,LoRa.server[10],noOfCollidedPackets: 12,,,0
LoRaSim-MinimalTopology-0-20240420-23:28:19-11488,scalar,LoRa.server[10],noOfSuccessPackets: 12,,,0
LoRaSim-MinimalTopology-0-20240420-23:28:19-11488,scalar,LoRa.server[10],noOfHostsInSFTier: 12,,,991
LoRaSim-MinimalTopology-0-20240420-23:28:19-11488,scalar,LoRa.server[10],totalSuccessRate,,,1.211099537037
LoRaSim-MinimalTopology-0-20240420-23:28:19-11488,scalar,LoRa.server[10],totalSuccessProb,,,0.97619203104738
LoRaSim-MinimalTopology-0-20240420-23:28:19-11488,scalar,LoRa.server[10],duration,,,432000
LoRaSim-MinimalTopology-0-20240420-23:28:19-11488,scalar,LoRa.host[0],numOfHostsPerSF_Server0_SF7,,,182
LoRaSim-MinimalTopology-0-20240420-23:28:19-11488,scalar,LoRa.host[0],numOfHostsPerSF_Server0_SF8,,,39
LoRaSim-MinimalTopology-0-20240420-23:28:19-11488,scalar,LoRa.host[0],numOfHostsPerSF_Server0_SF9,,,17
LoRaSim-MinimalTopology-0-20240420-23:28:19-11488,scalar,LoRa.host[0],numOfHostsPerSF_Server0_SF10,,,0
LoRaSim-MinimalTopology-0-20240420-23:28:19-11488,scalar,LoRa.host[0],numOfHostsPerSF_Server0_SF11,,,0
LoRaSim-MinimalTopology-0-20240420-23:28:19-11488,scalar,LoRa.host[0],numOfHostsPerSF_Server0_SF12,,,0
LoRaSim-MinimalTopology-0-20240420-23:28:19-11488,scalar,LoRa.host[0],numOfHostsPerSF_Server1_SF7,,,170
LoRaSim-MinimalTopology-0-20240420-23:28:19-11488,scalar,LoRa.host[0],numOfHostsPerSF_Server1_SF8,,,25
LoRaSim-MinimalTopology-0-20240420-23:28:19-11488,scalar,LoRa.host[0],numOfHostsPerSF_Server1_SF9,,,25
LoRaSim-MinimalTopology-0-20240420-23:28:19-11488,scalar,LoRa.host[0],numOfHostsPerSF_Server1_SF10,,,0
LoRaSim-MinimalTopology-0-20240420-23:28:19-11488,scalar,LoRa.host[0],numOfHostsPerSF_Server1_SF11,,,0
LoRaSim-MinimalTopology-0-20240420-23:28:19-11488,scalar,LoRa.host[0],numOfHostsPerSF_Server1_SF12,,,0
LoRaSim-MinimalTopology-0-20240420-23:28:19-11488,scalar,LoRa.host[0],numOfHostsPerSF_Server2_SF7,,,168
LoRaSim-MinimalTopology-0-20240420-23:28:19-11488,scalar,LoRa.host[0],numOfHostsPerSF_Server2_SF8,,,37
LoRaSim-MinimalTopology-0-20240420-23:28:19-11488,scalar,LoRa.host[0],numOfHostsPerSF_Server2_SF9,,,15
LoRaSim-MinimalTopology-0-20240420-23:28:19-11488,scalar,LoRa.host[0],numOfHostsPerSF_Server2_SF10,,,0
LoRaSim-MinimalTopology-0-20240420-23:28:19-11488,scalar,LoRa.host[0],numOfHostsPerSF_Server2_SF11,,,0
LoRaSim-MinimalTopology-0-20240420-23:28:19-11488,scalar,LoRa.host[0],numOfHostsPerSF_Server2_SF12,,,0
LoRaSim-MinimalTopology-0-20240420-23:28:19-11488,scalar,LoRa.host[0],numOfHostsPerSF_Server3_SF7,,,160
LoRaSim-MinimalTopology-0-20240420-23:28:19-11488,scalar,LoRa.host[0],numOfHostsPerSF_Server3_SF8,,,35
LoRaSim-MinimalTopology-0-20240420-23:28:19-11488,scalar,LoRa.host[0],numOfHostsPerSF_Server3_SF9,,,22
LoRaSim-MinimalTopology-0-20240420-23:28:19-11488,scalar,LoRa.host[0],numOfHostsPerSF_Server3_SF10,,,0
LoRaSim-MinimalTopology-0-20240420-23:28:19-11488,scalar,LoRa.host[0],numOfHostsPerSF_Server3_SF11,,,0
LoRaSim-MinimalTopology-0-20240420-23:28:19-11488,scalar,LoRa.host[0],numOfHostsPerSF_Server3_SF12,,,0
LoRaSim-MinimalTopology-0-20240420-23:28:19-11488,scalar,LoRa.host[0],numOfHostsPerSF_Server4_SF7,,,181
LoRaSim-MinimalTopology-0-20240420-23:28:19-11488,scalar,LoRa.host[0],numOfHostsPerSF_Server4_SF8,,,32
LoRaSim-MinimalTopology-0-20240420-23:28:19-11488,scalar,LoRa.host[0],numOfHostsPerSF_Server4_SF9,,,14
LoRaSim-MinimalTopology-0-20240420-23:28:19-11488,scalar,LoRa.host[0],numOfHostsPerSF_Server4_SF10,,,0
LoRaSim-MinimalTopology-0-20240420-23:28:19-11488,scalar,LoRa.host[0],numOfHostsPerSF_Server4_SF11,,,0
LoRaSim-MinimalTopology-0-20240420-23:28:19-11488,scalar,LoRa.host[0],numOfHostsPerSF_Server4_SF12,,,0
LoRaSim-MinimalTopology-0-20240420-23:28:19-11488,scalar,LoRa.host[0],numOfHostsPerSF_Server5_SF7,,,177
LoRaSim-MinimalTopology-0-20240420-23:28:19-11488,scalar,LoRa.host[0],numOfHostsPerSF_Server5_SF8,,,37
LoRaSim-MinimalTopology-0-20240420-23:28:19-11488,scalar,LoRa.host[0],numOfHostsPerSF_Server5_SF9,,,23
LoRaSim-MinimalTopology-0-20240420-23:28:19-11488,scalar,LoRa.host[0],numOfHostsPerSF_Server5_SF10,,,0
LoRaSim-MinimalTopology-0-20240420-23:28:19-11488,scalar,LoRa.host[0],numOfHostsPerSF_Server5_SF11,,,0
LoRaSim-MinimalTopology-0-20240420-23:28:19-11488,scalar,LoRa.host[0],numOfHostsPerSF_Server5_SF12,,,0
LoRaSim-MinimalTopology-0-20240420-23:28:19-11488,scalar,LoRa.host[0],numOfHostsPerSF_Server6_SF7,,,177
LoRaSim-MinimalTopology-0-20240420-23:28:19-11488,scalar,LoRa.host[0],numOfHostsPerSF_Server6_SF8,,,42
LoRaSim-MinimalTopology-0-20240420-23:28:19-11488,scalar,LoRa.host[0],numOfHostsPerSF_Server6_SF9,,,13
LoRaSim-MinimalTopology-0-20240420-23:28:19-11488,scalar,LoRa.host[0],numOfHostsPerSF_Server6_SF10,,,0
LoRaSim-MinimalTopology-0-20240420-23:28:19-11488,scalar,LoRa.host[0],numOfHostsPerSF_Server6_SF11,,,0
LoRaSim-MinimalTopology-0-20240420-23:28:19-11488,scalar,LoRa.host[0],numOfHostsPerSF_Server6_SF12,,,0
LoRaSim-MinimalTopology-0-20240420-23:28:19-11488,scalar,LoRa.host[0],numOfHostsPerSF_Server7_SF7,,,175
LoRaSim-MinimalTopology-0-20240420-23:28:19-11488,scalar,LoRa.host[0],numOfHostsPerSF_Server7_SF8,,,27
LoRaSim-MinimalTopology-0-20240420-23:28:19-11488,scalar,LoRa.host[0],numOfHostsPerSF_Server7_SF9,,,16
LoRaSim-MinimalTopology-0-20240420-23:28:19-11488,scalar,LoRa.host[0],numOfHostsPerSF_Server7_SF10,,,0
LoRaSim-MinimalTopology-0-20240420-23:28:19-11488,scalar,LoRa.host[0],numOfHostsPerSF_Server7_SF11,,,0
LoRaSim-MinimalTopology-0-20240420-23:28:19-11488,scalar,LoRa.host[0],numOfHostsPerSF_Server7_SF12,,,0
LoRaSim-MinimalTopology-0-20240420-23:28:19-11488,scalar,LoRa.host[0],numOfHostsPerSF_Server8_SF7,,,156
LoRaSim-MinimalTopology-0-20240420-23:28:19-11488,scalar,LoRa.host[0],numOfHostsPerSF_Server8_SF8,,,35
LoRaSim-MinimalTopology-0-20240420-23:28:19-11488,scalar,LoRa.host[0],numOfHostsPerSF_Server8_SF9,,,22
LoRaSim-MinimalTopology-0-20240420-23:28:19-11488,scalar,LoRa.host[0],numOfHostsPerSF_Server8_SF10,,,0
LoRaSim-MinimalTopology-0-20240420-23:28:19-11488,scalar,LoRa.host[0],numOfHostsPerSF_Server8_SF11,,,0
LoRaSim-MinimalTopology-0-20240420-23:28:19-11488,scalar,LoRa.host[0],numOfHostsPerSF_Server8_SF12,,,0
LoRaSim-MinimalTopology-0-20240420-23:28:19-11488,scalar,LoRa.host[0],numOfHostsPerSF_Server9_SF7,,,176
LoRaSim-MinimalTopology-0-20240420-23:28:19-11488,scalar,LoRa.host[0],numOfHostsPerSF_Server9_SF8,,,39
LoRaSim-MinimalTopology-0-20240420-23:28:19-11488,scalar,LoRa.host[0],numOfHostsPerSF_Server9_SF9,,,15
LoRaSim-MinimalTopology-0-20240420-23:28:19-11488,scalar,LoRa.host[0],numOfHostsPerSF_Server9_SF10,,,0
LoRaSim-MinimalTopology-0-20240420-23:28:19-11488,scalar,LoRa.host[0],numOfHostsPerSF_Server9_SF11,,,0
LoRaSim-MinimalTopology-0-20240420-23:28:19-11488,scalar,LoRa.host[0],numOfHostsPerSF_Server9_SF12,,,0
LoRaSim-MinimalTopology-0-20240420-23:28:19-11488,scalar,LoRa.host[0],numOfHostsPerSF_Server10_SF7,,,446
LoRaSim-MinimalTopology-0-20240420-23:28:19-11488,scalar,LoRa.host[0],numOfHostsPerSF_Server10_SF8,,,182
LoRaSim-MinimalTopology-0-20240420-23:28:19-11488,scalar,LoRa.host[0],numOfHostsPerSF_Server10_SF9,,,120
LoRaSim-MinimalTopology-0-20240420-23:28:19-11488,scalar,LoRa.host[0],numOfHostsPerSF_Server10_SF10,,,0
LoRaSim-MinimalTopology-0-20240420-23:28:19-11488,scalar,LoRa.host[0],numOfHostsPerSF_Server10_SF11,,,0
LoRaSim-MinimalTopology-0-20240420-23:28:19-11488,scalar,LoRa.host[0],numOfHostsPerSF_Server10_SF12,,,0
LoRaSim-MinimalTopology-0-20240420-23:28:19-11488,scalar,_runattrs_,M,,,11
LoRaSim-MinimalTopology-0-20240420-23:28:19-11488,scalar,_runattrs_,N,,,3000
