run,type,module,name,attrname,attrvalue,value
LoRaSim-MinimalTopology-0-20240420-22:31:54-13928,runattr,,,configname,LoRaSim-MinimalTopology,
LoRaSim-MinimalTopology-0-20240420-22:31:54-13928,runattr,,,datetime,20240420-22:31:54,
LoRaSim-MinimalTopology-0-20240420-22:31:54-13928,runattr,,,experiment,LoRaSim-MinimalTopology,
LoRaSim-MinimalTopology-0-20240420-22:31:54-13928,runattr,,,inifile,omnetpp.ini,
LoRaSim-MinimalTopology-0-20240420-22:31:54-13928,runattr,,,iterationvars,"$N=5000, $M=4",
LoRaSim-MinimalTopology-0-20240420-22:31:54-13928,runattr,,,iterationvarsf,"N=5000,M=4-",
LoRaSim-MinimalTopology-0-20240420-22:31:54-13928,runattr,,,measurement,"$N=5000, $M=4",
LoRaSim-MinimalTopology-0-20240420-22:31:54-13928,runattr,,,network,LoRa,
LoRaSim-MinimalTopology-0-20240420-22:31:54-13928,runattr,,,processid,13928,
LoRaSim-MinimalTopology-0-20240420-22:31:54-13928,runattr,,,repetition,0,
LoRaSim-MinimalTopology-0-20240420-22:31:54-13928,runattr,,,replication,#0,
LoRaSim-MinimalTopology-0-20240420-22:31:54-13928,runattr,,,resultdir,results,
LoRaSim-MinimalTopology-0-20240420-22:31:54-13928,runattr,,,runnumber,0,
LoRaSim-MinimalTopology-0-20240420-22:31:54-13928,runattr,,,seedset,0,
LoRaSim-MinimalTopology-0-20240420-22:31:54-13928,itervar,,,M,4,
LoRaSim-MinimalTopology-0-20240420-22:31:54-13928,itervar,,,N,5000,
LoRaSim-MinimalTopology-0-20240420-22:31:54-13928,param,,,LoRa.host[*].isBufferingEvents,false,
LoRaSim-MinimalTopology-0-20240420-22:31:54-13928,param,,,LoRa.host[*].addFrameHeader,false,
LoRaSim-MinimalTopology-0-20240420-22:31:54-13928,param,,,LoRa.host[*].nbOfChannels,3,
LoRaSim-MinimalTopology-0-20240420-22:31:54-13928,param,,,LoRa.numHosts,5000,
LoRaSim-MinimalTopology-0-20240420-22:31:54-13928,param,,,LoRa.host[*].iaTime,exponential(600s),
LoRaSim-MinimalTopology-0-20240420-22:31:54-13928,param,,,LoRa.host[*].pkLenBits,160b,
LoRaSim-MinimalTopology-0-20240420-22:31:54-13928,param,,,LoRa.netR,6333.83 m,
LoRaSim-MinimalTopology-0-20240420-22:31:54-13928,param,,,LoRa.server[*].pathlossExp,3,
LoRaSim-MinimalTopology-0-20240420-22:31:54-13928,param,,,LoRa.server[*].BW,125,
LoRaSim-MinimalTopology-0-20240420-22:31:54-13928,param,,,LoRa.numServers,4,
LoRaSim-MinimalTopology-0-20240420-22:31:54-13928,param,,,LoRa.server[0].x,-6333.83m,
LoRaSim-MinimalTopology-0-20240420-22:31:54-13928,param,,,LoRa.server[0].y,0,
LoRaSim-MinimalTopology-0-20240420-22:31:54-13928,param,,,LoRa.server[1].x,6333.83m,
LoRaSim-MinimalTopology-0-20240420-22:31:54-13928,param,,,LoRa.server[1].y,0,
LoRaSim-MinimalTopology-0-20240420-22:31:54-13928,param,,,LoRa.server[2].x,0,
LoRaSim-MinimalTopology-0-20240420-22:31:54-13928,param,,,LoRa.server[2].y,6333.83m,
LoRaSim-MinimalTopology-0-20240420-22:31:54-13928,param,,,LoRa.server[3].x,0,
LoRaSim-MinimalTopology-0-20240420-22:31:54-13928,param,,,LoRa.server[3].y,-6333.83m,
LoRaSim-MinimalTopology-0-20240420-22:31:54-13928,param,,,**.animationHoldTimeOnCollision,0s,
LoRaSim-MinimalTopology-0-20240420-22:31:54-13928,param,,,**.idleAnimationSpeed,1,
LoRaSim-MinimalTopology-0-20240420-22:31:54-13928,param,,,**.transmissionEdgeAnimationSpeed,1e-6,
LoRaSim-MinimalTopology-0-20240420-22:31:54-13928,param,,,**.midTransmissionAnimationSpeed,1e-1,
LoRaSim-MinimalTopology-0-20240420-22:31:54-13928,param,,,LoRa.slotTime,0,
LoRaSim-MinimalTopology-0-20240420-22:31:54-13928,param,,,LoRa.dutyCycleActive,true,
LoRaSim-MinimalTopology-0-20240420-22:31:54-13928,scalar,LoRa.server[0],SF: 7,,,0
LoRaSim-MinimalTopology-0-20240420-22:31:54-13928,scalar,LoRa.server[0],rcvCounter: 7,,,0
LoRaSim-MinimalTopology-0-20240420-22:31:54-13928,scalar,LoRa.server[0],noOfCollidedPackets: 7,,,0
LoRaSim-MinimalTopology-0-20240420-22:31:54-13928,scalar,LoRa.server[0],noOfSuccessPackets: 7,,,0
LoRaSim-MinimalTopology-0-20240420-22:31:54-13928,scalar,LoRa.server[0],noOfHostsInSFTier: 7,,,739
LoRaSim-MinimalTopology-0-20240420-22:31:54-13928,scalar,LoRa.server[0],SF: 8,,,0
LoRaSim-MinimalTopology-0-20240420-22:31:54-13928,scalar,LoRa.server[0],rcvCounter: 8,,,0
LoRaSim-MinimalTopology-0-20240420-22:31:54-13928,scalar,LoRa.server[0],noOfCollidedPackets: 8,,,0
LoRaSim-MinimalTopology-0-20240420-22:31:54-13928,scalar,LoRa.server[0],noOfSuccessPackets: 8,,,0
LoRaSim-MinimalTopology-0-20240420-22:31:54-13928,scalar,LoRa.server[0],noOfHostsInSFTier: 8,,,331
LoRaSim-MinimalTopology-0-20240420-22:31:54-13928,scalar,LoRa.server[0],SF: 9,,,0
LoRaSim-MinimalTopology-0-20240420-22:31:54-13928,scalar,LoRa.server[0],rcvCounter: 9,,,0
LoRaSim-MinimalTopology-0-20240420-22:31:54-13928,scalar,LoRa.server[0],noOfCollidedPackets: 9,,,0
LoRaSim-MinimalTopology-0-20240420-22:31:54-13928,scalar,LoRa.server[0],noOfSuccessPackets: 9,,,0
LoRaSim-MinimalTopology-0-20240420-22:31:54-13928,scalar,LoRa.server[0],noOfHostsInSFTier: 9,,,539
LoRaSim-MinimalTopology-0-20240420-22:31:54-13928,scalar,LoRa.server[0],SF: 10,,,0
LoRaSim-MinimalTopology-0-20240420-22:31:54-13928,scalar,LoRa.server[0],rcvCounter: 10,,,0
LoRaSim-MinimalTopology-0-20240420-22:31:54-13928,scalar,LoRa.server[0],noOfCollidedPackets: 10,,,0
LoRaSim-MinimalTopology-0-20240420-22:31:54-13928,scalar,LoRa.server[0],noOfSuccessPackets: 10,,,0
LoRaSim-MinimalTopology-0-20240420-22:31:54-13928,scalar,LoRa.server[0],noOfHostsInSFTier: 10,,,767
LoRaSim-MinimalTopology-0-20240420-22:31:54-13928,scalar,LoRa.server[0],SF: 11,,,0
LoRaSim-MinimalTopology-0-20240420-22:31:54-13928,scalar,LoRa.server[0],rcvCounter: 11,,,0
LoRaSim-MinimalTopology-0-20240420-22:31:54-13928,scalar,LoRa.server[0],noOfCollidedPackets: 11,,,0
LoRaSim-MinimalTopology-0-20240420-22:31:54-13928,scalar,LoRa.server[0],noOfSuccessPackets: 11,,,0
LoRaSim-MinimalTopology-0-20240420-22:31:54-13928,scalar,LoRa.server[0],noOfHostsInSFTier: 11,,,1043
LoRaSim-MinimalTopology-0-20240420-22:31:54-13928,scalar,LoRa.server[0],SF: 12,,,0.9837662037037
LoRaSim-MinimalTopology-0-20240420-22:31:54-13928,scalar,LoRa.server[0],rcvCounter: 12,,,817209
LoRaSim-MinimalTopology-0-20240420-22:31:54-13928,scalar,LoRa.server[0],noOfCollidedPackets: 12,,,392222
LoRaSim-MinimalTopology-0-20240420-22:31:54-13928,scalar,LoRa.server[0],noOfSuccessPackets: 12,,,424987
LoRaSim-MinimalTopology-0-20240420-22:31:54-13928,scalar,LoRa.server[0],noOfHostsInSFTier: 12,,,1577
LoRaSim-MinimalTopology-0-20240420-22:31:54-13928,scalar,LoRa.server[0],totalSuccessRate,,,0.9837662037037
LoRaSim-MinimalTopology-0-20240420-22:31:54-13928,scalar,LoRa.server[0],totalSuccessProb,,,0.52004689130932
LoRaSim-MinimalTopology-0-20240420-22:31:54-13928,scalar,LoRa.server[0],duration,,,432000
LoRaSim-MinimalTopology-0-20240420-22:31:54-13928,scalar,LoRa.server[1],SF: 7,,,0
LoRaSim-MinimalTopology-0-20240420-22:31:54-13928,scalar,LoRa.server[1],rcvCounter: 7,,,0
LoRaSim-MinimalTopology-0-20240420-22:31:54-13928,scalar,LoRa.server[1],noOfCollidedPackets: 7,,,0
LoRaSim-MinimalTopology-0-20240420-22:31:54-13928,scalar,LoRa.server[1],noOfSuccessPackets: 7,,,0
LoRaSim-MinimalTopology-0-20240420-22:31:54-13928,scalar,LoRa.server[1],noOfHostsInSFTier: 7,,,739
LoRaSim-MinimalTopology-0-20240420-22:31:54-13928,scalar,LoRa.server[1],SF: 8,,,0
LoRaSim-MinimalTopology-0-20240420-22:31:54-13928,scalar,LoRa.server[1],rcvCounter: 8,,,0
LoRaSim-MinimalTopology-0-20240420-22:31:54-13928,scalar,LoRa.server[1],noOfCollidedPackets: 8,,,0
LoRaSim-MinimalTopology-0-20240420-22:31:54-13928,scalar,LoRa.server[1],noOfSuccessPackets: 8,,,0
LoRaSim-MinimalTopology-0-20240420-22:31:54-13928,scalar,LoRa.server[1],noOfHostsInSFTier: 8,,,331
LoRaSim-MinimalTopology-0-20240420-22:31:54-13928,scalar,LoRa.server[1],SF: 9,,,0
LoRaSim-MinimalTopology-0-20240420-22:31:54-13928,scalar,LoRa.server[1],rcvCounter: 9,,,0
LoRaSim-MinimalTopology-0-20240420-22:31:54-13928,scalar,LoRa.server[1],noOfCollidedPackets: 9,,,0
LoRaSim-MinimalTopology-0-20240420-22:31:54-13928,scalar,LoRa.server[1],noOfSuccessPackets: 9,,,0
LoRaSim-MinimalTopology-0-20240420-22:31:54-13928,scalar,LoRa.server[1],noOfHostsInSFTier: 9,,,539
LoRaSim-MinimalTopology-0-20240420-22:31:54-13928,scalar,LoRa.server[1],SF: 10,,,0
LoRaSim-MinimalTopology-0-20240420-22:31:54-13928,scalar,LoRa.server[1],rcvCounter: 10,,,0
LoRaSim-MinimalTopology-0-20240420-22:31:54-13928,scalar,LoRa.server[1],noOfCollidedPackets: 10,,,0
LoRaSim-MinimalTopology-0-20240420-22:31:54-13928,scalar,LoRa.server[1],noOfSuccessPackets: 10,,,0
LoRaSim-MinimalTopology-0-20240420-22:31:54-13928,scalar,LoRa.server[1],noOfHostsInSFTier: 10,,,767
LoRaSim-MinimalTopology-0-20240420-22:31:54-13928,scalar,LoRa.server[1],SF: 11,,,0
LoRaSim-MinimalTopology-0-20240420-22:31:54-13928,scalar,LoRa.server[1],rcvCounter: 11,,,0
LoRaSim-MinimalTopology-0-20240420-22:31:54-13928,scalar,LoRa.server[1],noOfCollidedPackets: 11,,,0
LoRaSim-MinimalTopology-0-20240420-22:31:54-13928,scalar,LoRa.server[1],noOfSuccessPackets: 11,,,0
LoRaSim-MinimalTopology-0-20240420-22:31:54-13928,scalar,LoRa.server[1],noOfHostsInSFTier: 11,,,1043
LoRaSim-MinimalTopology-0-20240420-22:31:54-13928,scalar,LoRa.server[1],SF: 12,,,0.99412037037037
LoRaSim-MinimalTopology-0-20240420-22:31:54-13928,scalar,LoRa.server[1],rcvCounter: 12,,,840372
LoRaSim-MinimalTopology-0-20240420-22:31:54-13928,scalar,LoRa.server[1],noOfCollidedPackets: 12,,,410912
LoRaSim-MinimalTopology-0-20240420-22:31:54-13928,scalar,LoRa.server[1],noOfSuccessPackets: 12,,,429460
LoRaSim-MinimalTopology-0-20240420-22:31:54-13928,scalar,LoRa.server[1],noOfHostsInSFTier: 12,,,1577
LoRaSim-MinimalTopology-0-20240420-22:31:54-13928,scalar,LoRa.server[1],totalSuccessRate,,,0.99412037037037
LoRaSim-MinimalTopology-0-20240420-22:31:54-13928,scalar,LoRa.server[1],totalSuccessProb,,,0.51103558900106
LoRaSim-MinimalTopology-0-20240420-22:31:54-13928,scalar,LoRa.server[1],duration,,,432000
LoRaSim-MinimalTopology-0-20240420-22:31:54-13928,scalar,LoRa.server[2],SF: 7,,,0
LoRaSim-MinimalTopology-0-20240420-22:31:54-13928,scalar,LoRa.server[2],rcvCounter: 7,,,0
LoRaSim-MinimalTopology-0-20240420-22:31:54-13928,scalar,LoRa.server[2],noOfCollidedPackets: 7,,,0
LoRaSim-MinimalTopology-0-20240420-22:31:54-13928,scalar,LoRa.server[2],noOfSuccessPackets: 7,,,0
LoRaSim-MinimalTopology-0-20240420-22:31:54-13928,scalar,LoRa.server[2],noOfHostsInSFTier: 7,,,739
LoRaSim-MinimalTopology-0-20240420-22:31:54-13928,scalar,LoRa.server[2],SF: 8,,,0
LoRaSim-MinimalTopology-0-20240420-22:31:54-13928,scalar,LoRa.server[2],rcvCounter: 8,,,0
LoRaSim-MinimalTopology-0-20240420-22:31:54-13928,scalar,LoRa.server[2],noOfCollidedPackets: 8,,,0
LoRaSim-MinimalTopology-0-20240420-22:31:54-13928,scalar,LoRa.server[2],noOfSuccessPackets: 8,,,0
LoRaSim-MinimalTopology-0-20240420-22:31:54-13928,scalar,LoRa.server[2],noOfHostsInSFTier: 8,,,331
LoRaSim-MinimalTopology-0-20240420-22:31:54-13928,scalar,LoRa.server[2],SF: 9,,,0
LoRaSim-MinimalTopology-0-20240420-22:31:54-13928,scalar,LoRa.server[2],rcvCounter: 9,,,0
LoRaSim-MinimalTopology-0-20240420-22:31:54-13928,scalar,LoRa.server[2],noOfCollidedPackets: 9,,,0
LoRaSim-MinimalTopology-0-20240420-22:31:54-13928,scalar,LoRa.server[2],noOfSuccessPackets: 9,,,0
LoRaSim-MinimalTopology-0-20240420-22:31:54-13928,scalar,LoRa.server[2],noOfHostsInSFTier: 9,,,539
LoRaSim-MinimalTopology-0-20240420-22:31:54-13928,scalar,LoRa.server[2],SF: 10,,,0
LoRaSim-MinimalTopology-0-20240420-22:31:54-13928,scalar,LoRa.server[2],rcvCounter: 10,,,0
LoRaSim-MinimalTopology-0-20240420-22:31:54-13928,scalar,LoRa.server[2],noOfCollidedPackets: 10,,,0
LoRaSim-MinimalTopology-0-20240420-22:31:54-13928,scalar,LoRa.server[2],noOfSuccessPackets: 10,,,0
LoRaSim-MinimalTopology-0-20240420-22:31:54-13928,scalar,LoRa.server[2],noOfHostsInSFTier: 10,,,767
LoRaSim-MinimalTopology-0-20240420-22:31:54-13928,scalar,LoRa.server[2],SF: 11,,,0
LoRaSim-MinimalTopology-0-20240420-22:31:54-13928,scalar,LoRa.server[2],rcvCounter: 11,,,0
LoRaSim-MinimalTopology-0-20240420-22:31:54-13928,scalar,LoRa.server[2],noOfCollidedPackets: 11,,,0
LoRaSim-MinimalTopology-0-20240420-22:31:54-13928,scalar,LoRa.server[2],noOfSuccessPackets: 11,,,0
LoRaSim-MinimalTopology-0-20240420-22:31:54-13928,scalar,LoRa.server[2],noOfHostsInSFTier: 11,,,1043
LoRaSim-MinimalTopology-0-20240420-22:31:54-13928,scalar,LoRa.server[2],SF: 12,,,0.98515277777778
LoRaSim-MinimalTopology-0-20240420-22:31:54-13928,scalar,LoRa.server[2],rcvCounter: 12,,,820742
LoRaSim-MinimalTopology-0-20240420-22:31:54-13928,scalar,LoRa.server[2],noOfCollidedPackets: 12,,,395156
LoRaSim-MinimalTopology-0-20240420-22:31:54-13928,scalar,LoRa.server[2],noOfSuccessPackets: 12,,,425586
LoRaSim-MinimalTopology-0-20240420-22:31:54-13928,scalar,LoRa.server[2],noOfHostsInSFTier: 12,,,1577
LoRaSim-MinimalTopology-0-20240420-22:31:54-13928,scalar,LoRa.server[2],totalSuccessRate,,,0.98515277777778
LoRaSim-MinimalTopology-0-20240420-22:31:54-13928,scalar,LoRa.server[2],totalSuccessProb,,,0.51853810332601
LoRaSim-MinimalTopology-0-20240420-22:31:54-13928,scalar,LoRa.server[2],duration,,,432000
LoRaSim-MinimalTopology-0-20240420-22:31:54-13928,scalar,LoRa.server[3],SF: 7,,,0
LoRaSim-MinimalTopology-0-20240420-22:31:54-13928,scalar,LoRa.server[3],rcvCounter: 7,,,0
LoRaSim-MinimalTopology-0-20240420-22:31:54-13928,scalar,LoRa.server[3],noOfCollidedPackets: 7,,,0
LoRaSim-MinimalTopology-0-20240420-22:31:54-13928,scalar,LoRa.server[3],noOfSuccessPackets: 7,,,0
LoRaSim-MinimalTopology-0-20240420-22:31:54-13928,scalar,LoRa.server[3],noOfHostsInSFTier: 7,,,739
LoRaSim-MinimalTopology-0-20240420-22:31:54-13928,scalar,LoRa.server[3],SF: 8,,,0
LoRaSim-MinimalTopology-0-20240420-22:31:54-13928,scalar,LoRa.server[3],rcvCounter: 8,,,0
LoRaSim-MinimalTopology-0-20240420-22:31:54-13928,scalar,LoRa.server[3],noOfCollidedPackets: 8,,,0
LoRaSim-MinimalTopology-0-20240420-22:31:54-13928,scalar,LoRa.server[3],noOfSuccessPackets: 8,,,0
LoRaSim-MinimalTopology-0-20240420-22:31:54-13928,scalar,LoRa.server[3],noOfHostsInSFTier: 8,,,331
LoRaSim-MinimalTopology-0-20240420-22:31:54-13928,scalar,LoRa.server[3],SF: 9,,,0
LoRaSim-MinimalTopology-0-20240420-22:31:54-13928,scalar,LoRa.server[3],rcvCounter: 9,,,0
LoRaSim-MinimalTopology-0-20240420-22:31:54-13928,scalar,LoRa.server[3],noOfCollidedPackets: 9,,,0
LoRaSim-MinimalTopology-0-20240420-22:31:54-13928,scalar,LoRa.server[3],noOfSuccessPackets: 9,,,0
LoRaSim-MinimalTopology-0-20240420-22:31:54-13928,scalar,LoRa.server[3],noOfHostsInSFTier: 9,,,539
LoRaSim-MinimalTopology-0-20240420-22:31:54-13928,scalar,LoRa.server[3],SF: 10,,,0
LoRaSim-MinimalTopology-0-20240420-22:31:54-13928,scalar,LoRa.server[3],rcvCounter: 10,,,0
LoRaSim-MinimalTopology-0-20240420-22:31:54-13928,scalar,LoRa.server[3],noOfCollidedPackets: 10,,,0
LoRaSim-MinimalTopology-0-20240420-22:31:54-13928,scalar,LoRa.server[3],noOfSuccessPackets: 10,,,0
LoRaSim-MinimalTopology-0-20240420-22:31:54-13928,scalar,LoRa.server[3],noOfHostsInSFTier: 10,,,767
LoRaSim-MinimalTopology-0-20240420-22:31:54-13928,scalar,LoRa.server[3],SF: 11,,,0
LoRaSim-MinimalTopology-0-20240420-22:31:54-13928,scalar,LoRa.server[3],rcvCounter: 11,,,0
LoRaSim-MinimalTopology-0-20240420-22:31:54-13928,scalar,LoRa.server[3],noOfCollidedPackets: 11,,,0
LoRaSim-MinimalTopology-0-20240420-22:31:54-13928,scalar,LoRa.server[3],noOfSuccessPackets: 11,,,0
LoRaSim-MinimalTopology-0-20240420-22:31:54-13928,scalar,LoRa.server[3],noOfHostsInSFTier: 11,,,1043
LoRaSim-MinimalTopology-0-20240420-22:31:54-13928,scalar,LoRa.server[3],SF: 12,,,0.98754861111111
LoRaSim-MinimalTopology-0-20240420-22:31:54-13928,scalar,LoRa.server[3],rcvCounter: 12,,,823513
LoRaSim-MinimalTopology-0-20240420-22:31:54-13928,scalar,LoRa.server[3],noOfCollidedPackets: 12,,,396892
LoRaSim-MinimalTopology-0-20240420-22:31:54-13928,scalar,LoRa.server[3],noOfSuccessPackets: 12,,,426621
LoRaSim-MinimalTopology-0-20240420-22:31:54-13928,scalar,LoRa.server[3],noOfHostsInSFTier: 12,,,1577
LoRaSim-MinimalTopology-0-20240420-22:31:54-13928,scalar,LoRa.server[3],totalSuccessRate,,,0.98754861111111
LoRaSim-MinimalTopology-0-20240420-22:31:54-13928,scalar,LoRa.server[3],totalSuccessProb,,,0.5180501097129
LoRaSim-MinimalTopology-0-20240420-22:31:54-13928,scalar,LoRa.server[3],duration,,,432000
LoRaSim-MinimalTopology-0-20240420-22:31:54-13928,scalar,LoRa.host[0],numOfHostsPerSF_Server0_SF7,,,329
LoRaSim-MinimalTopology-0-20240420-22:31:54-13928,scalar,LoRa.host[0],numOfHostsPerSF_Server0_SF8,,,159
LoRaSim-MinimalTopology-0-20240420-22:31:54-13928,scalar,LoRa.host[0],numOfHostsPerSF_Server0_SF9,,,212
LoRaSim-MinimalTopology-0-20240420-22:31:54-13928,scalar,LoRa.host[0],numOfHostsPerSF_Server0_SF10,,,291
LoRaSim-MinimalTopology-0-20240420-22:31:54-13928,scalar,LoRa.host[0],numOfHostsPerSF_Server0_SF11,,,191
LoRaSim-MinimalTopology-0-20240420-22:31:54-13928,scalar,LoRa.host[0],numOfHostsPerSF_Server0_SF12,,,55
LoRaSim-MinimalTopology-0-20240420-22:31:54-13928,scalar,LoRa.host[0],numOfHostsPerSF_Server1_SF7,,,342
LoRaSim-MinimalTopology-0-20240420-22:31:54-13928,scalar,LoRa.host[0],numOfHostsPerSF_Server1_SF8,,,153
LoRaSim-MinimalTopology-0-20240420-22:31:54-13928,scalar,LoRa.host[0],numOfHostsPerSF_Server1_SF9,,,201
LoRaSim-MinimalTopology-0-20240420-22:31:54-13928,scalar,LoRa.host[0],numOfHostsPerSF_Server1_SF10,,,311
LoRaSim-MinimalTopology-0-20240420-22:31:54-13928,scalar,LoRa.host[0],numOfHostsPerSF_Server1_SF11,,,211
LoRaSim-MinimalTopology-0-20240420-22:31:54-13928,scalar,LoRa.host[0],numOfHostsPerSF_Server1_SF12,,,54
LoRaSim-MinimalTopology-0-20240420-22:31:54-13928,scalar,LoRa.host[0],numOfHostsPerSF_Server2_SF7,,,346
LoRaSim-MinimalTopology-0-20240420-22:31:54-13928,scalar,LoRa.host[0],numOfHostsPerSF_Server2_SF8,,,148
LoRaSim-MinimalTopology-0-20240420-22:31:54-13928,scalar,LoRa.host[0],numOfHostsPerSF_Server2_SF9,,,206
LoRaSim-MinimalTopology-0-20240420-22:31:54-13928,scalar,LoRa.host[0],numOfHostsPerSF_Server2_SF10,,,283
LoRaSim-MinimalTopology-0-20240420-22:31:54-13928,scalar,LoRa.host[0],numOfHostsPerSF_Server2_SF11,,,212
LoRaSim-MinimalTopology-0-20240420-22:31:54-13928,scalar,LoRa.host[0],numOfHostsPerSF_Server2_SF12,,,48
LoRaSim-MinimalTopology-0-20240420-22:31:54-13928,scalar,LoRa.host[0],numOfHostsPerSF_Server3_SF7,,,312
LoRaSim-MinimalTopology-0-20240420-22:31:54-13928,scalar,LoRa.host[0],numOfHostsPerSF_Server3_SF8,,,150
LoRaSim-MinimalTopology-0-20240420-22:31:54-13928,scalar,LoRa.host[0],numOfHostsPerSF_Server3_SF9,,,216
LoRaSim-MinimalTopology-0-20240420-22:31:54-13928,scalar,LoRa.host[0],numOfHostsPerSF_Server3_SF10,,,314
LoRaSim-MinimalTopology-0-20240420-22:31:54-13928,scalar,LoRa.host[0],numOfHostsPerSF_Server3_SF11,,,196
LoRaSim-MinimalTopology-0-20240420-22:31:54-13928,scalar,LoRa.host[0],numOfHostsPerSF_Server3_SF12,,,60
LoRaSim-MinimalTopology-0-20240420-22:31:54-13928,scalar,_runattrs_,M,,,4
LoRaSim-MinimalTopology-0-20240420-22:31:54-13928,scalar,_runattrs_,N,,,5000
