run,type,module,name,attrname,attrvalue,value
LoRaSim-MinimalTopology-0-20240420-22:26:28-4604,runattr,,,configname,LoRaSim-MinimalTopology,
LoRaSim-MinimalTopology-0-20240420-22:26:28-4604,runattr,,,datetime,20240420-22:26:28,
LoRaSim-MinimalTopology-0-20240420-22:26:28-4604,runattr,,,experiment,LoRaSim-MinimalTopology,
LoRaSim-MinimalTopology-0-20240420-22:26:28-4604,runattr,,,inifile,omnetpp.ini,
LoRaSim-MinimalTopology-0-20240420-22:26:28-4604,runattr,,,iterationvars,"$N=1000, $M=4",
LoRaSim-MinimalTopology-0-20240420-22:26:28-4604,runattr,,,iterationvarsf,"N=1000,M=4-",
LoRaSim-MinimalTopology-0-20240420-22:26:28-4604,runattr,,,measurement,"$N=1000, $M=4",
LoRaSim-MinimalTopology-0-20240420-22:26:28-4604,runattr,,,network,LoRa,
LoRaSim-MinimalTopology-0-20240420-22:26:28-4604,runattr,,,processid,4604,
LoRaSim-MinimalTopology-0-20240420-22:26:28-4604,runattr,,,repetition,0,
LoRaSim-MinimalTopology-0-20240420-22:26:28-4604,runattr,,,replication,#0,
LoRaSim-MinimalTopology-0-20240420-22:26:28-4604,runattr,,,resultdir,results,
LoRaSim-MinimalTopology-0-20240420-22:26:28-4604,runattr,,,runnumber,0,
LoRaSim-MinimalTopology-0-20240420-22:26:28-4604,runattr,,,seedset,0,
LoRaSim-MinimalTopology-0-20240420-22:26:28-4604,itervar,,,M,4,
LoRaSim-MinimalTopology-0-20240420-22:26:28-4604,itervar,,,N,1000,
LoRaSim-MinimalTopology-0-20240420-22:26:28-4604,param,,,LoRa.host[*].isBufferingEvents,false,
LoRaSim-MinimalTopology-0-20240420-22:26:28-4604,param,,,LoRa.host[*].addFrameHeader,false,
LoRaSim-MinimalTopology-0-20240420-22:26:28-4604,param,,,LoRa.host[*].nbOfChannels,3,
LoRaSim-MinimalTopology-0-20240420-22:26:28-4604,param,,,LoRa.numHosts,1000,
LoRaSim-MinimalTopology-0-20240420-22:26:28-4604,param,,,LoRa.host[*].iaTime,exponential(600s),
LoRaSim-MinimalTopology-0-20240420-22:26:28-4604,param,,,LoRa.host[*].pkLenBits,160b,
LoRaSim-MinimalTopology-0-20240420-22:26:28-4604,param,,,LoRa.netR,6333.83 m,
LoRaSim-MinimalTopology-0-20240420-22:26:28-4604,param,,,LoRa.server[*].pathlossExp,3,
LoRaSim-MinimalTopology-0-20240420-22:26:28-4604,param,,,LoRa.server[*].BW,125,
LoRaSim-MinimalTopology-0-20240420-22:26:28-4604,param,,,LoRa.numServers,4,
LoRaSim-MinimalTopology-0-20240420-22:26:28-4604,param,,,LoRa.server[0].x,-6333.83m,
LoRaSim-MinimalTopology-0-20240420-22:26:28-4604,param,,,LoRa.server[0].y,0,
LoRaSim-MinimalTopology-0-20240420-22:26:28-4604,param,,,LoRa.server[1].x,6333.83m,
LoRaSim-MinimalTopology-0-20240420-22:26:28-4604,param,,,LoRa.server[1].y,0,
LoRaSim-MinimalTopology-0-20240420-22:26:28-4604,param,,,LoRa.server[2].x,0,
LoRaSim-MinimalTopology-0-20240420-22:26:28-4604,param,,,LoRa.server[2].y,6333.83m,
LoRaSim-MinimalTopology-0-20240420-22:26:28-4604,param,,,LoRa.server[3].x,0,
LoRaSim-MinimalTopology-0-20240420-22:26:28-4604,param,,,LoRa.server[3].y,-6333.83m,
LoRaSim-MinimalTopology-0-20240420-22:26:28-4604,param,,,**.animationHoldTimeOnCollision,0s,
LoRaSim-MinimalTopology-0-20240420-22:26:28-4604,param,,,**.idleAnimationSpeed,1,
LoRaSim-MinimalTopology-0-20240420-22:26:28-4604,param,,,**.transmissionEdgeAnimationSpeed,1e-6,
LoRaSim-MinimalTopology-0-20240420-22:26:28-4604,param,,,**.midTransmissionAnimationSpeed,1e-1,
LoRaSim-MinimalTopology-0-20240420-22:26:28-4604,param,,,LoRa.slotTime,0,
LoRaSim-MinimalTopology-0-20240420-22:26:28-4604,param,,,LoRa.dutyCycleActive,true,
LoRaSim-MinimalTopology-0-20240420-22:26:28-4604,scalar,LoRa.server[0],SF: 7,,,0
LoRaSim-MinimalTopology-0-20240420-22:26:28-4604,scalar,LoRa.server[0],rcvCounter: 7,,,0
LoRaSim-MinimalTopology-0-20240420-22:26:28-4604,scalar,LoRa.server[0],noOfCollidedPackets: 7,,,0
LoRaSim-MinimalTopology-0-20240420-22:26:28-4604,scalar,LoRa.server[0],noOfSuccessPackets: 7,,,0
LoRaSim-MinimalTopology-0-20240420-22:26:28-4604,scalar,LoRa.server[0],noOfHostsInSFTier: 7,,,148
LoRaSim-MinimalTopology-0-20240420-22:26:28-4604,scalar,LoRa.server[0],SF: 8,,,0
LoRaSim-MinimalTopology-0-20240420-22:26:28-4604,scalar,LoRa.server[0],rcvCounter: 8,,,0
LoRaSim-MinimalTopology-0-20240420-22:26:28-4604,scalar,LoRa.server[0],noOfCollidedPackets: 8,,,0
LoRaSim-MinimalTopology-0-20240420-22:26:28-4604,scalar,LoRa.server[0],noOfSuccessPackets: 8,,,0
LoRaSim-MinimalTopology-0-20240420-22:26:28-4604,scalar,LoRa.server[0],noOfHostsInSFTier: 8,,,64
LoRaSim-MinimalTopology-0-20240420-22:26:28-4604,scalar,LoRa.server[0],SF: 9,,,0
LoRaSim-MinimalTopology-0-20240420-22:26:28-4604,scalar,LoRa.server[0],rcvCounter: 9,,,0
LoRaSim-MinimalTopology-0-20240420-22:26:28-4604,scalar,LoRa.server[0],noOfCollidedPackets: 9,,,0
LoRaSim-MinimalTopology-0-20240420-22:26:28-4604,scalar,LoRa.server[0],noOfSuccessPackets: 9,,,0
LoRaSim-MinimalTopology-0-20240420-22:26:28-4604,scalar,LoRa.server[0],noOfHostsInSFTier: 9,,,110
LoRaSim-MinimalTopology-0-20240420-22:26:28-4604,scalar,LoRa.server[0],SF: 10,,,0
LoRaSim-MinimalTopology-0-20240420-22:26:28-4604,scalar,LoRa.server[0],rcvCounter: 10,,,0
LoRaSim-MinimalTopology-0-20240420-22:26:28-4604,scalar,LoRa.server[0],noOfCollidedPackets: 10,,,0
LoRaSim-MinimalTopology-0-20240420-22:26:28-4604,scalar,LoRa.server[0],noOfSuccessPackets: 10,,,0
LoRaSim-MinimalTopology-0-20240420-22:26:28-4604,scalar,LoRa.server[0],noOfHostsInSFTier: 10,,,168
LoRaSim-MinimalTopology-0-20240420-22:26:28-4604,scalar,LoRa.server[0],SF: 11,,,0
LoRaSim-MinimalTopology-0-20240420-22:26:28-4604,scalar,LoRa.server[0],rcvCounter: 11,,,0
LoRaSim-MinimalTopology-0-20240420-22:26:28-4604,scalar,LoRa.server[0],noOfCollidedPackets: 11,,,0
LoRaSim-MinimalTopology-0-20240420-22:26:28-4604,scalar,LoRa.server[0],noOfSuccessPackets: 11,,,0
LoRaSim-MinimalTopology-0-20240420-22:26:28-4604,scalar,LoRa.server[0],noOfHostsInSFTier: 11,,,194
LoRaSim-MinimalTopology-0-20240420-22:26:28-4604,scalar,LoRa.server[0],SF: 12,,,0.35555324074074
LoRaSim-MinimalTopology-0-20240420-22:26:28-4604,scalar,LoRa.server[0],rcvCounter: 12,,,177641
LoRaSim-MinimalTopology-0-20240420-22:26:28-4604,scalar,LoRa.server[0],noOfCollidedPackets: 12,,,24042
LoRaSim-MinimalTopology-0-20240420-22:26:28-4604,scalar,LoRa.server[0],noOfSuccessPackets: 12,,,153599
LoRaSim-MinimalTopology-0-20240420-22:26:28-4604,scalar,LoRa.server[0],noOfHostsInSFTier: 12,,,315
LoRaSim-MinimalTopology-0-20240420-22:26:28-4604,scalar,LoRa.server[0],totalSuccessRate,,,0.35555324074074
LoRaSim-MinimalTopology-0-20240420-22:26:28-4604,scalar,LoRa.server[0],totalSuccessProb,,,0.86465962249706
LoRaSim-MinimalTopology-0-20240420-22:26:28-4604,scalar,LoRa.server[0],duration,,,432000
LoRaSim-MinimalTopology-0-20240420-22:26:28-4604,scalar,LoRa.server[1],SF: 7,,,0
LoRaSim-MinimalTopology-0-20240420-22:26:28-4604,scalar,LoRa.server[1],rcvCounter: 7,,,0
LoRaSim-MinimalTopology-0-20240420-22:26:28-4604,scalar,LoRa.server[1],noOfCollidedPackets: 7,,,0
LoRaSim-MinimalTopology-0-20240420-22:26:28-4604,scalar,LoRa.server[1],noOfSuccessPackets: 7,,,0
LoRaSim-MinimalTopology-0-20240420-22:26:28-4604,scalar,LoRa.server[1],noOfHostsInSFTier: 7,,,148
LoRaSim-MinimalTopology-0-20240420-22:26:28-4604,scalar,LoRa.server[1],SF: 8,,,0
LoRaSim-MinimalTopology-0-20240420-22:26:28-4604,scalar,LoRa.server[1],rcvCounter: 8,,,0
LoRaSim-MinimalTopology-0-20240420-22:26:28-4604,scalar,LoRa.server[1],noOfCollidedPackets: 8,,,0
LoRaSim-MinimalTopology-0-20240420-22:26:28-4604,scalar,LoRa.server[1],noOfSuccessPackets: 8,,,0
LoRaSim-MinimalTopology-0-20240420-22:26:28-4604,scalar,LoRa.server[1],noOfHostsInSFTier: 8,,,64
LoRaSim-MinimalTopology-0-20240420-22:26:28-4604,scalar,LoRa.server[1],SF: 9,,,0
LoRaSim-MinimalTopology-0-20240420-22:26:28-4604,scalar,LoRa.server[1],rcvCounter: 9,,,0
LoRaSim-MinimalTopology-0-20240420-22:26:28-4604,scalar,LoRa.server[1],noOfCollidedPackets: 9,,,0
LoRaSim-MinimalTopology-0-20240420-22:26:28-4604,scalar,LoRa.server[1],noOfSuccessPackets: 9,,,0
LoRaSim-MinimalTopology-0-20240420-22:26:28-4604,scalar,LoRa.server[1],noOfHostsInSFTier: 9,,,110
LoRaSim-MinimalTopology-0-20240420-22:26:28-4604,scalar,LoRa.server[1],SF: 10,,,0
LoRaSim-MinimalTopology-0-20240420-22:26:28-4604,scalar,LoRa.server[1],rcvCounter: 10,,,0
LoRaSim-MinimalTopology-0-20240420-22:26:28-4604,scalar,LoRa.server[1],noOfCollidedPackets: 10,,,0
LoRaSim-MinimalTopology-0-20240420-22:26:28-4604,scalar,LoRa.server[1],noOfSuccessPackets: 10,,,0
LoRaSim-MinimalTopology-0-20240420-22:26:28-4604,scalar,LoRa.server[1],noOfHostsInSFTier: 10,,,168
LoRaSim-MinimalTopology-0-20240420-22:26:28-4604,scalar,LoRa.server[1],SF: 11,,,0
LoRaSim-MinimalTopology-0-20240420-22:26:28-4604,scalar,LoRa.server[1],rcvCounter: 11,,,0
LoRaSim-MinimalTopology-0-20240420-22:26:28-4604,scalar,LoRa.server[1],noOfCollidedPackets: 11,,,0
LoRaSim-MinimalTopology-0-20240420-22:26:28-4604,scalar,LoRa.server[1],noOfSuccessPackets: 11,,,0
LoRaSim-MinimalTopology-0-20240420-22:26:28-4604,scalar,LoRa.server[1],noOfHostsInSFTier: 11,,,194
LoRaSim-MinimalTopology-0-20240420-22:26:28-4604,scalar,LoRa.server[1],SF: 12,,,0.34737731481481
LoRaSim-MinimalTopology-0-20240420-22:26:28-4604,scalar,LoRa.server[1],rcvCounter: 12,,,173912
LoRaSim-MinimalTopology-0-20240420-22:26:28-4604,scalar,LoRa.server[1],noOfCollidedPackets: 12,,,23845
LoRaSim-MinimalTopology-0-20240420-22:26:28-4604,scalar,LoRa.server[1],noOfSuccessPackets: 12,,,150067
LoRaSim-MinimalTopology-0-20240420-22:26:28-4604,scalar,LoRa.server[1],noOfHostsInSFTier: 12,,,315
LoRaSim-MinimalTopology-0-20240420-22:26:28-4604,scalar,LoRa.server[1],totalSuccessRate,,,0.34737731481481
LoRaSim-MinimalTopology-0-20240420-22:26:28-4604,scalar,LoRa.server[1],totalSuccessProb,,,0.86289042734256
LoRaSim-MinimalTopology-0-20240420-22:26:28-4604,scalar,LoRa.server[1],duration,,,432000
LoRaSim-MinimalTopology-0-20240420-22:26:28-4604,scalar,LoRa.server[2],SF: 7,,,0
LoRaSim-MinimalTopology-0-20240420-22:26:28-4604,scalar,LoRa.server[2],rcvCounter: 7,,,0
LoRaSim-MinimalTopology-0-20240420-22:26:28-4604,scalar,LoRa.server[2],noOfCollidedPackets: 7,,,0
LoRaSim-MinimalTopology-0-20240420-22:26:28-4604,scalar,LoRa.server[2],noOfSuccessPackets: 7,,,0
LoRaSim-MinimalTopology-0-20240420-22:26:28-4604,scalar,LoRa.server[2],noOfHostsInSFTier: 7,,,148
LoRaSim-MinimalTopology-0-20240420-22:26:28-4604,scalar,LoRa.server[2],SF: 8,,,0
LoRaSim-MinimalTopology-0-20240420-22:26:28-4604,scalar,LoRa.server[2],rcvCounter: 8,,,0
LoRaSim-MinimalTopology-0-20240420-22:26:28-4604,scalar,LoRa.server[2],noOfCollidedPackets: 8,,,0
LoRaSim-MinimalTopology-0-20240420-22:26:28-4604,scalar,LoRa.server[2],noOfSuccessPackets: 8,,,0
LoRaSim-MinimalTopology-0-20240420-22:26:28-4604,scalar,LoRa.server[2],noOfHostsInSFTier: 8,,,64
LoRaSim-MinimalTopology-0-20240420-22:26:28-4604,scalar,LoRa.server[2],SF: 9,,,0
LoRaSim-MinimalTopology-0-20240420-22:26:28-4604,scalar,LoRa.server[2],rcvCounter: 9,,,0
LoRaSim-MinimalTopology-0-20240420-22:26:28-4604,scalar,LoRa.server[2],noOfCollidedPackets: 9,,,0
LoRaSim-MinimalTopology-0-20240420-22:26:28-4604,scalar,LoRa.server[2],noOfSuccessPackets: 9,,,0
LoRaSim-MinimalTopology-0-20240420-22:26:28-4604,scalar,LoRa.server[2],noOfHostsInSFTier: 9,,,110
LoRaSim-MinimalTopology-0-20240420-22:26:28-4604,scalar,LoRa.server[2],SF: 10,,,0
LoRaSim-MinimalTopology-0-20240420-22:26:28-4604,scalar,LoRa.server[2],rcvCounter: 10,,,0
LoRaSim-MinimalTopology-0-20240420-22:26:28-4604,scalar,LoRa.server[2],noOfCollidedPackets: 10,,,0
LoRaSim-MinimalTopology-0-20240420-22:26:28-4604,scalar,LoRa.server[2],noOfSuccessPackets: 10,,,0
LoRaSim-MinimalTopology-0-20240420-22:26:28-4604,scalar,LoRa.server[2],noOfHostsInSFTier: 10,,,168
LoRaSim-MinimalTopology-0-20240420-22:26:28-4604,scalar,LoRa.server[2],SF: 11,,,0
LoRaSim-MinimalTopology-0-20240420-22:26:28-4604,scalar,LoRa.server[2],rcvCounter: 11,,,0
LoRaSim-MinimalTopology-0-20240420-22:26:28-4604,scalar,LoRa.server[2],noOfCollidedPackets: 11,,,0
LoRaSim-MinimalTopology-0-20240420-22:26:28-4604,scalar,LoRa.server[2],noOfSuccessPackets: 11,,,0
LoRaSim-MinimalTopology-0-20240420-22:26:28-4604,scalar,LoRa.server[2],noOfHostsInSFTier: 11,,,194
LoRaSim-MinimalTopology-0-20240420-22:26:28-4604,scalar,LoRa.server[2],SF: 12,,,0.3030462962963
LoRaSim-MinimalTopology-0-20240420-22:26:28-4604,scalar,LoRa.server[2],rcvCounter: 12,,,148067
LoRaSim-MinimalTopology-0-20240420-22:26:28-4604,scalar,LoRa.server[2],noOfCollidedPackets: 12,,,17151
LoRaSim-MinimalTopology-0-20240420-22:26:28-4604,scalar,LoRa.server[2],noOfSuccessPackets: 12,,,130916
LoRaSim-MinimalTopology-0-20240420-22:26:28-4604,scalar,LoRa.server[2],noOfHostsInSFTier: 12,,,315
LoRaSim-MinimalTopology-0-20240420-22:26:28-4604,scalar,LoRa.server[2],totalSuccessRate,,,0.3030462962963
LoRaSim-MinimalTopology-0-20240420-22:26:28-4604,scalar,LoRa.server[2],totalSuccessProb,,,0.88416730264002
LoRaSim-MinimalTopology-0-20240420-22:26:28-4604,scalar,LoRa.server[2],duration,,,432000
LoRaSim-MinimalTopology-0-20240420-22:26:28-4604,scalar,LoRa.server[3],SF: 7,,,0
LoRaSim-MinimalTopology-0-20240420-22:26:28-4604,scalar,LoRa.server[3],rcvCounter: 7,,,0
LoRaSim-MinimalTopology-0-20240420-22:26:28-4604,scalar,LoRa.server[3],noOfCollidedPackets: 7,,,0
LoRaSim-MinimalTopology-0-20240420-22:26:28-4604,scalar,LoRa.server[3],noOfSuccessPackets: 7,,,0
LoRaSim-MinimalTopology-0-20240420-22:26:28-4604,scalar,LoRa.server[3],noOfHostsInSFTier: 7,,,148
LoRaSim-MinimalTopology-0-20240420-22:26:28-4604,scalar,LoRa.server[3],SF: 8,,,0
LoRaSim-MinimalTopology-0-20240420-22:26:28-4604,scalar,LoRa.server[3],rcvCounter: 8,,,0
LoRaSim-MinimalTopology-0-20240420-22:26:28-4604,scalar,LoRa.server[3],noOfCollidedPackets: 8,,,0
LoRaSim-MinimalTopology-0-20240420-22:26:28-4604,scalar,LoRa.server[3],noOfSuccessPackets: 8,,,0
LoRaSim-MinimalTopology-0-20240420-22:26:28-4604,scalar,LoRa.server[3],noOfHostsInSFTier: 8,,,64
LoRaSim-MinimalTopology-0-20240420-22:26:28-4604,scalar,LoRa.server[3],SF: 9,,,0
LoRaSim-MinimalTopology-0-20240420-22:26:28-4604,scalar,LoRa.server[3],rcvCounter: 9,,,0
LoRaSim-MinimalTopology-0-20240420-22:26:28-4604,scalar,LoRa.server[3],noOfCollidedPackets: 9,,,0
LoRaSim-MinimalTopology-0-20240420-22:26:28-4604,scalar,LoRa.server[3],noOfSuccessPackets: 9,,,0
LoRaSim-MinimalTopology-0-20240420-22:26:28-4604,scalar,LoRa.server[3],noOfHostsInSFTier: 9,,,110
LoRaSim-MinimalTopology-0-20240420-22:26:28-4604,scalar,LoRa.server[3],SF: 10,,,0
LoRaSim-MinimalTopology-0-20240420-22:26:28-4604,scalar,LoRa.server[3],rcvCounter: 10,,,0
LoRaSim-MinimalTopology-0-20240420-22:26:28-4604,scalar,LoRa.server[3],noOfCollidedPackets: 10,,,0
LoRaSim-MinimalTopology-0-20240420-22:26:28-4604,scalar,LoRa.server[3],noOfSuccessPackets: 10,,,0
LoRaSim-MinimalTopology-0-20240420-22:26:28-4604,scalar,LoRa.server[3],noOfHostsInSFTier: 10,,,168
LoRaSim-MinimalTopology-0-20240420-22:26:28-4604,scalar,LoRa.server[3],SF: 11,,,0
LoRaSim-MinimalTopology-0-20240420-22:26:28-4604,scalar,LoRa.server[3],rcvCounter: 11,,,0
LoRaSim-MinimalTopology-0-20240420-22:26:28-4604,scalar,LoRa.server[3],noOfCollidedPackets: 11,,,0
LoRaSim-MinimalTopology-0-20240420-22:26:28-4604,scalar,LoRa.server[3],noOfSuccessPackets: 11,,,0
LoRaSim-MinimalTopology-0-20240420-22:26:28-4604,scalar,LoRa.server[3],noOfHostsInSFTier: 11,,,194
LoRaSim-MinimalTopology-0-20240420-22:26:28-4604,scalar,LoRa.server[3],SF: 12,,,0.32370833333333
LoRaSim-MinimalTopology-0-20240420-22:26:28-4604,scalar,LoRa.server[3],rcvCounter: 12,,,159617
LoRaSim-MinimalTopology-0-20240420-22:26:28-4604,scalar,LoRa.server[3],noOfCollidedPackets: 12,,,19775
LoRaSim-MinimalTopology-0-20240420-22:26:28-4604,scalar,LoRa.server[3],noOfSuccessPackets: 12,,,139842
LoRaSim-MinimalTopology-0-20240420-22:26:28-4604,scalar,LoRa.server[3],noOfHostsInSFTier: 12,,,315
LoRaSim-MinimalTopology-0-20240420-22:26:28-4604,scalar,LoRa.server[3],totalSuccessRate,,,0.32370833333333
LoRaSim-MinimalTopology-0-20240420-22:26:28-4604,scalar,LoRa.server[3],totalSuccessProb,,,0.87610968756461
LoRaSim-MinimalTopology-0-20240420-22:26:28-4604,scalar,LoRa.server[3],duration,,,432000
LoRaSim-MinimalTopology-0-20240420-22:26:28-4604,scalar,LoRa.host[0],numOfHostsPerSF_Server0_SF7,,,66
LoRaSim-MinimalTopology-0-20240420-22:26:28-4604,scalar,LoRa.host[0],numOfHostsPerSF_Server0_SF8,,,35
LoRaSim-MinimalTopology-0-20240420-22:26:28-4604,scalar,LoRa.host[0],numOfHostsPerSF_Server0_SF9,,,44
LoRaSim-MinimalTopology-0-20240420-22:26:28-4604,scalar,LoRa.host[0],numOfHostsPerSF_Server0_SF10,,,66
LoRaSim-MinimalTopology-0-20240420-22:26:28-4604,scalar,LoRa.host[0],numOfHostsPerSF_Server0_SF11,,,49
LoRaSim-MinimalTopology-0-20240420-22:26:28-4604,scalar,LoRa.host[0],numOfHostsPerSF_Server0_SF12,,,10
LoRaSim-MinimalTopology-0-20240420-22:26:28-4604,scalar,LoRa.host[0],numOfHostsPerSF_Server1_SF7,,,68
LoRaSim-MinimalTopology-0-20240420-22:26:28-4604,scalar,LoRa.host[0],numOfHostsPerSF_Server1_SF8,,,30
LoRaSim-MinimalTopology-0-20240420-22:26:28-4604,scalar,LoRa.host[0],numOfHostsPerSF_Server1_SF9,,,45
LoRaSim-MinimalTopology-0-20240420-22:26:28-4604,scalar,LoRa.host[0],numOfHostsPerSF_Server1_SF10,,,64
LoRaSim-MinimalTopology-0-20240420-22:26:28-4604,scalar,LoRa.host[0],numOfHostsPerSF_Server1_SF11,,,51
LoRaSim-MinimalTopology-0-20240420-22:26:28-4604,scalar,LoRa.host[0],numOfHostsPerSF_Server1_SF12,,,6
LoRaSim-MinimalTopology-0-20240420-22:26:28-4604,scalar,LoRa.host[0],numOfHostsPerSF_Server2_SF7,,,54
LoRaSim-MinimalTopology-0-20240420-22:26:28-4604,scalar,LoRa.host[0],numOfHostsPerSF_Server2_SF8,,,25
LoRaSim-MinimalTopology-0-20240420-22:26:28-4604,scalar,LoRa.host[0],numOfHostsPerSF_Server2_SF9,,,39
LoRaSim-MinimalTopology-0-20240420-22:26:28-4604,scalar,LoRa.host[0],numOfHostsPerSF_Server2_SF10,,,47
LoRaSim-MinimalTopology-0-20240420-22:26:28-4604,scalar,LoRa.host[0],numOfHostsPerSF_Server2_SF11,,,47
LoRaSim-MinimalTopology-0-20240420-22:26:28-4604,scalar,LoRa.host[0],numOfHostsPerSF_Server2_SF12,,,12
LoRaSim-MinimalTopology-0-20240420-22:26:28-4604,scalar,LoRa.host[0],numOfHostsPerSF_Server3_SF7,,,60
LoRaSim-MinimalTopology-0-20240420-22:26:28-4604,scalar,LoRa.host[0],numOfHostsPerSF_Server3_SF8,,,30
LoRaSim-MinimalTopology-0-20240420-22:26:28-4604,scalar,LoRa.host[0],numOfHostsPerSF_Server3_SF9,,,40
LoRaSim-MinimalTopology-0-20240420-22:26:28-4604,scalar,LoRa.host[0],numOfHostsPerSF_Server3_SF10,,,68
LoRaSim-MinimalTopology-0-20240420-22:26:28-4604,scalar,LoRa.host[0],numOfHostsPerSF_Server3_SF11,,,36
LoRaSim-MinimalTopology-0-20240420-22:26:28-4604,scalar,LoRa.host[0],numOfHostsPerSF_Server3_SF12,,,8
LoRaSim-MinimalTopology-0-20240420-22:26:28-4604,scalar,_runattrs_,M,,,4
LoRaSim-MinimalTopology-0-20240420-22:26:28-4604,scalar,_runattrs_,N,,,1000
