run,type,module,name,attrname,attrvalue,value
LoRaSim-MinimalTopology-0-20240420-22:30:16-10040,runattr,,,configname,LoRaSim-MinimalTopology,
LoRaSim-MinimalTopology-0-20240420-22:30:16-10040,runattr,,,datetime,20240420-22:30:16,
LoRaSim-MinimalTopology-0-20240420-22:30:16-10040,runattr,,,experiment,LoRaSim-MinimalTopology,
LoRaSim-MinimalTopology-0-20240420-22:30:16-10040,runattr,,,inifile,omnetpp.ini,
LoRaSim-MinimalTopology-0-20240420-22:30:16-10040,runattr,,,iterationvars,"$N=4000, $M=4",
LoRaSim-MinimalTopology-0-20240420-22:30:16-10040,runattr,,,iterationvarsf,"N=4000,M=4-",
LoRaSim-MinimalTopology-0-20240420-22:30:16-10040,runattr,,,measurement,"$N=4000, $M=4",
LoRaSim-MinimalTopology-0-20240420-22:30:16-10040,runattr,,,network,LoRa,
LoRaSim-MinimalTopology-0-20240420-22:30:16-10040,runattr,,,processid,10040,
LoRaSim-MinimalTopology-0-20240420-22:30:16-10040,runattr,,,repetition,0,
LoRaSim-MinimalTopology-0-20240420-22:30:16-10040,runattr,,,replication,#0,
LoRaSim-MinimalTopology-0-20240420-22:30:16-10040,runattr,,,resultdir,results,
LoRaSim-MinimalTopology-0-20240420-22:30:16-10040,runattr,,,runnumber,0,
LoRaSim-MinimalTopology-0-20240420-22:30:16-10040,runattr,,,seedset,0,
LoRaSim-MinimalTopology-0-20240420-22:30:16-10040,itervar,,,M,4,
LoRaSim-MinimalTopology-0-20240420-22:30:16-10040,itervar,,,N,4000,
LoRaSim-MinimalTopology-0-20240420-22:30:16-10040,param,,,LoRa.host[*].isBufferingEvents,false,
LoRaSim-MinimalTopology-0-20240420-22:30:16-10040,param,,,LoRa.host[*].addFrameHeader,false,
LoRaSim-MinimalTopology-0-20240420-22:30:16-10040,param,,,LoRa.host[*].nbOfChannels,3,
LoRaSim-MinimalTopology-0-20240420-22:30:16-10040,param,,,LoRa.numHosts,4000,
LoRaSim-MinimalTopology-0-20240420-22:30:16-10040,param,,,LoRa.host[*].iaTime,exponential(600s),
LoRaSim-MinimalTopology-0-20240420-22:30:16-10040,param,,,LoRa.host[*].pkLenBits,160b,
LoRaSim-MinimalTopology-0-20240420-22:30:16-10040,param,,,LoRa.netR,6333.83 m,
LoRaSim-MinimalTopology-0-20240420-22:30:16-10040,param,,,LoRa.server[*].pathlossExp,3,
LoRaSim-MinimalTopology-0-20240420-22:30:16-10040,param,,,LoRa.server[*].BW,125,
LoRaSim-MinimalTopology-0-20240420-22:30:16-10040,param,,,LoRa.numServers,4,
LoRaSim-MinimalTopology-0-20240420-22:30:16-10040,param,,,LoRa.server[0].x,-6333.83m,
LoRaSim-MinimalTopology-0-20240420-22:30:16-10040,param,,,LoRa.server[0].y,0,
LoRaSim-MinimalTopology-0-20240420-22:30:16-10040,param,,,LoRa.server[1].x,6333.83m,
LoRaSim-MinimalTopology-0-20240420-22:30:16-10040,param,,,LoRa.server[1].y,0,
LoRaSim-MinimalTopology-0-20240420-22:30:16-10040,param,,,LoRa.server[2].x,0,
LoRaSim-MinimalTopology-0-20240420-22:30:16-10040,param,,,LoRa.server[2].y,6333.83m,
LoRaSim-MinimalTopology-0-20240420-22:30:16-10040,param,,,LoRa.server[3].x,0,
LoRaSim-MinimalTopology-0-20240420-22:30:16-10040,param,,,LoRa.server[3].y,-6333.83m,
LoRaSim-MinimalTopology-0-20240420-22:30:16-10040,param,,,**.animationHoldTimeOnCollision,0s,
LoRaSim-MinimalTopology-0-20240420-22:30:16-10040,param,,,**.idleAnimationSpeed,1,
LoRaSim-MinimalTopology-0-20240420-22:30:16-10040,param,,,**.transmissionEdgeAnimationSpeed,1e-6,
LoRaSim-MinimalTopology-0-20240420-22:30:16-10040,param,,,**.midTransmissionAnimationSpeed,1e-1,
LoRaSim-MinimalTopology-0-20240420-22:30:16-10040,param,,,LoRa.slotTime,0,
LoRaSim-MinimalTopology-0-20240420-22:30:16-10040,param,,,LoRa.dutyCycleActive,true,
LoRaSim-MinimalTopology-0-20240420-22:30:16-10040,scalar,LoRa.server[0],SF: 7,,,0
LoRaSim-MinimalTopology-0-20240420-22:30:16-10040,scalar,LoRa.server[0],rcvCounter: 7,,,0
LoRaSim-MinimalTopology-0-20240420-22:30:16-10040,scalar,LoRa.server[0],noOfCollidedPackets: 7,,,0
LoRaSim-MinimalTopology-0-20240420-22:30:16-10040,scalar,LoRa.server[0],noOfSuccessPackets: 7,,,0
LoRaSim-MinimalTopology-0-20240420-22:30:16-10040,scalar,LoRa.server[0],noOfHostsInSFTier: 7,,,592
LoRaSim-MinimalTopology-0-20240420-22:30:16-10040,scalar,LoRa.server[0],SF: 8,,,0
LoRaSim-MinimalTopology-0-20240420-22:30:16-10040,scalar,LoRa.server[0],rcvCounter: 8,,,0
LoRaSim-MinimalTopology-0-20240420-22:30:16-10040,scalar,LoRa.server[0],noOfCollidedPackets: 8,,,0
LoRaSim-MinimalTopology-0-20240420-22:30:16-10040,scalar,LoRa.server[0],noOfSuccessPackets: 8,,,0
LoRaSim-MinimalTopology-0-20240420-22:30:16-10040,scalar,LoRa.server[0],noOfHostsInSFTier: 8,,,262
LoRaSim-MinimalTopology-0-20240420-22:30:16-10040,scalar,LoRa.server[0],SF: 9,,,0
LoRaSim-MinimalTopology-0-20240420-22:30:16-10040,scalar,LoRa.server[0],rcvCounter: 9,,,0
LoRaSim-MinimalTopology-0-20240420-22:30:16-10040,scalar,LoRa.server[0],noOfCollidedPackets: 9,,,0
LoRaSim-MinimalTopology-0-20240420-22:30:16-10040,scalar,LoRa.server[0],noOfSuccessPackets: 9,,,0
LoRaSim-MinimalTopology-0-20240420-22:30:16-10040,scalar,LoRa.server[0],noOfHostsInSFTier: 9,,,429
LoRaSim-MinimalTopology-0-20240420-22:30:16-10040,scalar,LoRa.server[0],SF: 10,,,0
LoRaSim-MinimalTopology-0-20240420-22:30:16-10040,scalar,LoRa.server[0],rcvCounter: 10,,,0
LoRaSim-MinimalTopology-0-20240420-22:30:16-10040,scalar,LoRa.server[0],noOfCollidedPackets: 10,,,0
LoRaSim-MinimalTopology-0-20240420-22:30:16-10040,scalar,LoRa.server[0],noOfSuccessPackets: 10,,,0
LoRaSim-MinimalTopology-0-20240420-22:30:16-10040,scalar,LoRa.server[0],noOfHostsInSFTier: 10,,,623
LoRaSim-MinimalTopology-0-20240420-22:30:16-10040,scalar,LoRa.server[0],SF: 11,,,0
LoRaSim-MinimalTopology-0-20240420-22:30:16-10040,scalar,LoRa.server[0],rcvCounter: 11,,,0
LoRaSim-MinimalTopology-0-20240420-22:30:16-10040,scalar,LoRa.server[0],noOfCollidedPackets: 11,,,0
LoRaSim-MinimalTopology-0-20240420-22:30:16-10040,scalar,LoRa.server[0],noOfSuccessPackets: 11,,,0
LoRaSim-MinimalTopology-0-20240420-22:30:16-10040,scalar,LoRa.server[0],noOfHostsInSFTier: 11,,,801
LoRaSim-MinimalTopology-0-20240420-22:30:16-10040,scalar,LoRa.server[0],SF: 12,,,0.89436111111111
LoRaSim-MinimalTopology-0-20240420-22:30:16-10040,scalar,LoRa.server[0],rcvCounter: 12,,,661047
LoRaSim-MinimalTopology-0-20240420-22:30:16-10040,scalar,LoRa.server[0],noOfCollidedPackets: 12,,,274683
LoRaSim-MinimalTopology-0-20240420-22:30:16-10040,scalar,LoRa.server[0],noOfSuccessPackets: 12,,,386364
LoRaSim-MinimalTopology-0-20240420-22:30:16-10040,scalar,LoRa.server[0],noOfHostsInSFTier: 12,,,1289
LoRaSim-MinimalTopology-0-20240420-22:30:16-10040,scalar,LoRa.server[0],totalSuccessRate,,,0.89436111111111
LoRaSim-MinimalTopology-0-20240420-22:30:16-10040,scalar,LoRa.server[0],totalSuccessProb,,,0.58447281358209
LoRaSim-MinimalTopology-0-20240420-22:30:16-10040,scalar,LoRa.server[0],duration,,,432000
LoRaSim-MinimalTopology-0-20240420-22:30:16-10040,scalar,LoRa.server[1],SF: 7,,,0
LoRaSim-MinimalTopology-0-20240420-22:30:16-10040,scalar,LoRa.server[1],rcvCounter: 7,,,0
LoRaSim-MinimalTopology-0-20240420-22:30:16-10040,scalar,LoRa.server[1],noOfCollidedPackets: 7,,,0
LoRaSim-MinimalTopology-0-20240420-22:30:16-10040,scalar,LoRa.server[1],noOfSuccessPackets: 7,,,0
LoRaSim-MinimalTopology-0-20240420-22:30:16-10040,scalar,LoRa.server[1],noOfHostsInSFTier: 7,,,592
LoRaSim-MinimalTopology-0-20240420-22:30:16-10040,scalar,LoRa.server[1],SF: 8,,,0
LoRaSim-MinimalTopology-0-20240420-22:30:16-10040,scalar,LoRa.server[1],rcvCounter: 8,,,0
LoRaSim-MinimalTopology-0-20240420-22:30:16-10040,scalar,LoRa.server[1],noOfCollidedPackets: 8,,,0
LoRaSim-MinimalTopology-0-20240420-22:30:16-10040,scalar,LoRa.server[1],noOfSuccessPackets: 8,,,0
LoRaSim-MinimalTopology-0-20240420-22:30:16-10040,scalar,LoRa.server[1],noOfHostsInSFTier: 8,,,262
LoRaSim-MinimalTopology-0-20240420-22:30:16-10040,scalar,LoRa.server[1],SF: 9,,,0
LoRaSim-MinimalTopology-0-20240420-22:30:16-10040,scalar,LoRa.server[1],rcvCounter: 9,,,0
LoRaSim-MinimalTopology-0-20240420-22:30:16-10040,scalar,LoRa.server[1],noOfCollidedPackets: 9,,,0
LoRaSim-MinimalTopology-0-20240420-22:30:16-10040,scalar,LoRa.server[1],noOfSuccessPackets: 9,,,0
LoRaSim-MinimalTopology-0-20240420-22:30:16-10040,scalar,LoRa.server[1],noOfHostsInSFTier: 9,,,429
LoRaSim-MinimalTopology-0-20240420-22:30:16-10040,scalar,LoRa.server[1],SF: 10,,,0
LoRaSim-MinimalTopology-0-20240420-22:30:16-10040,scalar,LoRa.server[1],rcvCounter: 10,,,0
LoRaSim-MinimalTopology-0-20240420-22:30:16-10040,scalar,LoRa.server[1],noOfCollidedPackets: 10,,,0
LoRaSim-MinimalTopology-0-20240420-22:30:16-10040,scalar,LoRa.server[1],noOfSuccessPackets: 10,,,0
LoRaSim-MinimalTopology-0-20240420-22:30:16-10040,scalar,LoRa.server[1],noOfHostsInSFTier: 10,,,623
LoRaSim-MinimalTopology-0-20240420-22:30:16-10040,scalar,LoRa.server[1],SF: 11,,,0
LoRaSim-MinimalTopology-0-20240420-22:30:16-10040,scalar,LoRa.server[1],rcvCounter: 11,,,0
LoRaSim-MinimalTopology-0-20240420-22:30:16-10040,scalar,LoRa.server[1],noOfCollidedPackets: 11,,,0
LoRaSim-MinimalTopology-0-20240420-22:30:16-10040,scalar,LoRa.server[1],noOfSuccessPackets: 11,,,0
LoRaSim-MinimalTopology-0-20240420-22:30:16-10040,scalar,LoRa.server[1],noOfHostsInSFTier: 11,,,801
LoRaSim-MinimalTopology-0-20240420-22:30:16-10040,scalar,LoRa.server[1],SF: 12,,,0.90295601851852
LoRaSim-MinimalTopology-0-20240420-22:30:16-10040,scalar,LoRa.server[1],rcvCounter: 12,,,672504
LoRaSim-MinimalTopology-0-20240420-22:30:16-10040,scalar,LoRa.server[1],noOfCollidedPackets: 12,,,282427
LoRaSim-MinimalTopology-0-20240420-22:30:16-10040,scalar,LoRa.server[1],noOfSuccessPackets: 12,,,390077
LoRaSim-MinimalTopology-0-20240420-22:30:16-10040,scalar,LoRa.server[1],noOfHostsInSFTier: 12,,,1289
LoRaSim-MinimalTopology-0-20240420-22:30:16-10040,scalar,LoRa.server[1],totalSuccessRate,,,0.90295601851852
LoRaSim-MinimalTopology-0-20240420-22:30:16-10040,scalar,LoRa.server[1],totalSuccessProb,,,0.58003669866648
LoRaSim-MinimalTopology-0-20240420-22:30:16-10040,scalar,LoRa.server[1],duration,,,432000
LoRaSim-MinimalTopology-0-20240420-22:30:16-10040,scalar,LoRa.server[2],SF: 7,,,0
LoRaSim-MinimalTopology-0-20240420-22:30:16-10040,scalar,LoRa.server[2],rcvCounter: 7,,,0
LoRaSim-MinimalTopology-0-20240420-22:30:16-10040,scalar,LoRa.server[2],noOfCollidedPackets: 7,,,0
LoRaSim-MinimalTopology-0-20240420-22:30:16-10040,scalar,LoRa.server[2],noOfSuccessPackets: 7,,,0
LoRaSim-MinimalTopology-0-20240420-22:30:16-10040,scalar,LoRa.server[2],noOfHostsInSFTier: 7,,,592
LoRaSim-MinimalTopology-0-20240420-22:30:16-10040,scalar,LoRa.server[2],SF: 8,,,0
LoRaSim-MinimalTopology-0-20240420-22:30:16-10040,scalar,LoRa.server[2],rcvCounter: 8,,,0
LoRaSim-MinimalTopology-0-20240420-22:30:16-10040,scalar,LoRa.server[2],noOfCollidedPackets: 8,,,0
LoRaSim-MinimalTopology-0-20240420-22:30:16-10040,scalar,LoRa.server[2],noOfSuccessPackets: 8,,,0
LoRaSim-MinimalTopology-0-20240420-22:30:16-10040,scalar,LoRa.server[2],noOfHostsInSFTier: 8,,,262
LoRaSim-MinimalTopology-0-20240420-22:30:16-10040,scalar,LoRa.server[2],SF: 9,,,0
LoRaSim-MinimalTopology-0-20240420-22:30:16-10040,scalar,LoRa.server[2],rcvCounter: 9,,,0
LoRaSim-MinimalTopology-0-20240420-22:30:16-10040,scalar,LoRa.server[2],noOfCollidedPackets: 9,,,0
LoRaSim-MinimalTopology-0-20240420-22:30:16-10040,scalar,LoRa.server[2],noOfSuccessPackets: 9,,,0
LoRaSim-MinimalTopology-0-20240420-22:30:16-10040,scalar,LoRa.server[2],noOfHostsInSFTier: 9,,,429
LoRaSim-MinimalTopology-0-20240420-22:30:16-10040,scalar,LoRa.server[2],SF: 10,,,0
LoRaSim-MinimalTopology-0-20240420-22:30:16-10040,scalar,LoRa.server[2],rcvCounter: 10,,,0
LoRaSim-MinimalTopology-0-20240420-22:30:16-10040,scalar,LoRa.server[2],noOfCollidedPackets: 10,,,0
LoRaSim-MinimalTopology-0-20240420-22:30:16-10040,scalar,LoRa.server[2],noOfSuccessPackets: 10,,,0
LoRaSim-MinimalTopology-0-20240420-22:30:16-10040,scalar,LoRa.server[2],noOfHostsInSFTier: 10,,,623
LoRaSim-MinimalTopology-0-20240420-22:30:16-10040,scalar,LoRa.server[2],SF: 11,,,0
LoRaSim-MinimalTopology-0-20240420-22:30:16-10040,scalar,LoRa.server[2],rcvCounter: 11,,,0
LoRaSim-MinimalTopology-0-20240420-22:30:16-10040,scalar,LoRa.server[2],noOfCollidedPackets: 11,,,0
LoRaSim-MinimalTopology-0-20240420-22:30:16-10040,scalar,LoRa.server[2],noOfSuccessPackets: 11,,,0
LoRaSim-MinimalTopology-0-20240420-22:30:16-10040,scalar,LoRa.server[2],noOfHostsInSFTier: 11,,,801
LoRaSim-MinimalTopology-0-20240420-22:30:16-10040,scalar,LoRa.server[2],SF: 12,,,0.88018055555556
LoRaSim-MinimalTopology-0-20240420-22:30:16-10040,scalar,LoRa.server[2],rcvCounter: 12,,,641584
LoRaSim-MinimalTopology-0-20240420-22:30:16-10040,scalar,LoRa.server[2],noOfCollidedPackets: 12,,,261346
LoRaSim-MinimalTopology-0-20240420-22:30:16-10040,scalar,LoRa.server[2],noOfSuccessPackets: 12,,,380238
LoRaSim-MinimalTopology-0-20240420-22:30:16-10040,scalar,LoRa.server[2],noOfHostsInSFTier: 12,,,1289
LoRaSim-MinimalTopology-0-20240420-22:30:16-10040,scalar,LoRa.server[2],totalSuccessRate,,,0.88018055555556
LoRaSim-MinimalTopology-0-20240420-22:30:16-10040,scalar,LoRa.server[2],totalSuccessProb,,,0.59265505374199
LoRaSim-MinimalTopology-0-20240420-22:30:16-10040,scalar,LoRa.server[2],duration,,,432000
LoRaSim-MinimalTopology-0-20240420-22:30:16-10040,scalar,LoRa.server[3],SF: 7,,,0
LoRaSim-MinimalTopology-0-20240420-22:30:16-10040,scalar,LoRa.server[3],rcvCounter: 7,,,0
LoRaSim-MinimalTopology-0-20240420-22:30:16-10040,scalar,LoRa.server[3],noOfCollidedPackets: 7,,,0
LoRaSim-MinimalTopology-0-20240420-22:30:16-10040,scalar,LoRa.server[3],noOfSuccessPackets: 7,,,0
LoRaSim-MinimalTopology-0-20240420-22:30:16-10040,scalar,LoRa.server[3],noOfHostsInSFTier: 7,,,592
LoRaSim-MinimalTopology-0-20240420-22:30:16-10040,scalar,LoRa.server[3],SF: 8,,,0
LoRaSim-MinimalTopology-0-20240420-22:30:16-10040,scalar,LoRa.server[3],rcvCounter: 8,,,0
LoRaSim-MinimalTopology-0-20240420-22:30:16-10040,scalar,LoRa.server[3],noOfCollidedPackets: 8,,,0
LoRaSim-MinimalTopology-0-20240420-22:30:16-10040,scalar,LoRa.server[3],noOfSuccessPackets: 8,,,0
LoRaSim-MinimalTopology-0-20240420-22:30:16-10040,scalar,LoRa.server[3],noOfHostsInSFTier: 8,,,262
LoRaSim-MinimalTopology-0-20240420-22:30:16-10040,scalar,LoRa.server[3],SF: 9,,,0
LoRaSim-MinimalTopology-0-20240420-22:30:16-10040,scalar,LoRa.server[3],rcvCounter: 9,,,0
LoRaSim-MinimalTopology-0-20240420-22:30:16-10040,scalar,LoRa.server[3],noOfCollidedPackets: 9,,,0
LoRaSim-MinimalTopology-0-20240420-22:30:16-10040,scalar,LoRa.server[3],noOfSuccessPackets: 9,,,0
LoRaSim-MinimalTopology-0-20240420-22:30:16-10040,scalar,LoRa.server[3],noOfHostsInSFTier: 9,,,429
LoRaSim-MinimalTopology-0-20240420-22:30:16-10040,scalar,LoRa.server[3],SF: 10,,,0
LoRaSim-MinimalTopology-0-20240420-22:30:16-10040,scalar,LoRa.server[3],rcvCounter: 10,,,0
LoRaSim-MinimalTopology-0-20240420-22:30:16-10040,scalar,LoRa.server[3],noOfCollidedPackets: 10,,,0
LoRaSim-MinimalTopology-0-20240420-22:30:16-10040,scalar,LoRa.server[3],noOfSuccessPackets: 10,,,0
LoRaSim-MinimalTopology-0-20240420-22:30:16-10040,scalar,LoRa.server[3],noOfHostsInSFTier: 10,,,623
LoRaSim-MinimalTopology-0-20240420-22:30:16-10040,scalar,LoRa.server[3],SF: 11,,,0
LoRaSim-MinimalTopology-0-20240420-22:30:16-10040,scalar,LoRa.server[3],rcvCounter: 11,,,0
LoRaSim-MinimalTopology-0-20240420-22:30:16-10040,scalar,LoRa.server[3],noOfCollidedPackets: 11,,,0
LoRaSim-MinimalTopology-0-20240420-22:30:16-10040,scalar,LoRa.server[3],noOfSuccessPackets: 11,,,0
LoRaSim-MinimalTopology-0-20240420-22:30:16-10040,scalar,LoRa.server[3],noOfHostsInSFTier: 11,,,801
LoRaSim-MinimalTopology-0-20240420-22:30:16-10040,scalar,LoRa.server[3],SF: 12,,,0.89903472222222
LoRaSim-MinimalTopology-0-20240420-22:30:16-10040,scalar,LoRa.server[3],rcvCounter: 12,,,666675
LoRaSim-MinimalTopology-0-20240420-22:30:16-10040,scalar,LoRa.server[3],noOfCollidedPackets: 12,,,278292
LoRaSim-MinimalTopology-0-20240420-22:30:16-10040,scalar,LoRa.server[3],noOfSuccessPackets: 12,,,388383
LoRaSim-MinimalTopology-0-20240420-22:30:16-10040,scalar,LoRa.server[3],noOfHostsInSFTier: 12,,,1289
LoRaSim-MinimalTopology-0-20240420-22:30:16-10040,scalar,LoRa.server[3],totalSuccessRate,,,0.89903472222222
LoRaSim-MinimalTopology-0-20240420-22:30:16-10040,scalar,LoRa.server[3],totalSuccessProb,,,0.58256721790978
LoRaSim-MinimalTopology-0-20240420-22:30:16-10040,scalar,LoRa.server[3],duration,,,432000
LoRaSim-MinimalTopology-0-20240420-22:30:16-10040,scalar,LoRa.host[0],numOfHostsPerSF_Server0_SF7,,,271
LoRaSim-MinimalTopology-0-20240420-22:30:16-10040,scalar,LoRa.host[0],numOfHostsPerSF_Server0_SF8,,,126
LoRaSim-MinimalTopology-0-20240420-22:30:16-10040,scalar,LoRa.host[0],numOfHostsPerSF_Server0_SF9,,,175
LoRaSim-MinimalTopology-0-20240420-22:30:16-10040,scalar,LoRa.host[0],numOfHostsPerSF_Server0_SF10,,,231
LoRaSim-MinimalTopology-0-20240420-22:30:16-10040,scalar,LoRa.host[0],numOfHostsPerSF_Server0_SF11,,,159
LoRaSim-MinimalTopology-0-20240420-22:30:16-10040,scalar,LoRa.host[0],numOfHostsPerSF_Server0_SF12,,,40
LoRaSim-MinimalTopology-0-20240420-22:30:16-10040,scalar,LoRa.host[0],numOfHostsPerSF_Server1_SF7,,,273
LoRaSim-MinimalTopology-0-20240420-22:30:16-10040,scalar,LoRa.host[0],numOfHostsPerSF_Server1_SF8,,,122
LoRaSim-MinimalTopology-0-20240420-22:30:16-10040,scalar,LoRa.host[0],numOfHostsPerSF_Server1_SF9,,,168
LoRaSim-MinimalTopology-0-20240420-22:30:16-10040,scalar,LoRa.host[0],numOfHostsPerSF_Server1_SF10,,,243
LoRaSim-MinimalTopology-0-20240420-22:30:16-10040,scalar,LoRa.host[0],numOfHostsPerSF_Server1_SF11,,,173
LoRaSim-MinimalTopology-0-20240420-22:30:16-10040,scalar,LoRa.host[0],numOfHostsPerSF_Server1_SF12,,,40
LoRaSim-MinimalTopology-0-20240420-22:30:16-10040,scalar,LoRa.host[0],numOfHostsPerSF_Server2_SF7,,,264
LoRaSim-MinimalTopology-0-20240420-22:30:16-10040,scalar,LoRa.host[0],numOfHostsPerSF_Server2_SF8,,,113
LoRaSim-MinimalTopology-0-20240420-22:30:16-10040,scalar,LoRa.host[0],numOfHostsPerSF_Server2_SF9,,,164
LoRaSim-MinimalTopology-0-20240420-22:30:16-10040,scalar,LoRa.host[0],numOfHostsPerSF_Server2_SF10,,,221
LoRaSim-MinimalTopology-0-20240420-22:30:16-10040,scalar,LoRa.host[0],numOfHostsPerSF_Server2_SF11,,,168
LoRaSim-MinimalTopology-0-20240420-22:30:16-10040,scalar,LoRa.host[0],numOfHostsPerSF_Server2_SF12,,,41
LoRaSim-MinimalTopology-0-20240420-22:30:16-10040,scalar,LoRa.host[0],numOfHostsPerSF_Server3_SF7,,,252
LoRaSim-MinimalTopology-0-20240420-22:30:16-10040,scalar,LoRa.host[0],numOfHostsPerSF_Server3_SF8,,,120
LoRaSim-MinimalTopology-0-20240420-22:30:16-10040,scalar,LoRa.host[0],numOfHostsPerSF_Server3_SF9,,,172
LoRaSim-MinimalTopology-0-20240420-22:30:16-10040,scalar,LoRa.host[0],numOfHostsPerSF_Server3_SF10,,,252
LoRaSim-MinimalTopology-0-20240420-22:30:16-10040,scalar,LoRa.host[0],numOfHostsPerSF_Server3_SF11,,,161
LoRaSim-MinimalTopology-0-20240420-22:30:16-10040,scalar,LoRa.host[0],numOfHostsPerSF_Server3_SF12,,,51
LoRaSim-MinimalTopology-0-20240420-22:30:16-10040,scalar,_runattrs_,M,,,4
LoRaSim-MinimalTopology-0-20240420-22:30:16-10040,scalar,_runattrs_,N,,,4000
