run,type,module,name,attrname,attrvalue,value
LoRaSim-MinimalTopology-0-20240420-22:27:15-10628,runattr,,,configname,LoRaSim-MinimalTopology,
LoRaSim-MinimalTopology-0-20240420-22:27:15-10628,runattr,,,datetime,20240420-22:27:15,
LoRaSim-MinimalTopology-0-20240420-22:27:15-10628,runattr,,,experiment,LoRaSim-MinimalTopology,
LoRaSim-MinimalTopology-0-20240420-22:27:15-10628,runattr,,,inifile,omnetpp.ini,
LoRaSim-MinimalTopology-0-20240420-22:27:15-10628,runattr,,,iterationvars,"$N=2000, $M=4",
LoRaSim-MinimalTopology-0-20240420-22:27:15-10628,runattr,,,iterationvarsf,"N=2000,M=4-",
LoRaSim-MinimalTopology-0-20240420-22:27:15-10628,runattr,,,measurement,"$N=2000, $M=4",
LoRaSim-MinimalTopology-0-20240420-22:27:15-10628,runattr,,,network,LoRa,
LoRaSim-MinimalTopology-0-20240420-22:27:15-10628,runattr,,,processid,10628,
LoRaSim-MinimalTopology-0-20240420-22:27:15-10628,runattr,,,repetition,0,
LoRaSim-MinimalTopology-0-20240420-22:27:15-10628,runattr,,,replication,#0,
LoRaSim-MinimalTopology-0-20240420-22:27:15-10628,runattr,,,resultdir,results,
LoRaSim-MinimalTopology-0-20240420-22:27:15-10628,runattr,,,runnumber,0,
LoRaSim-MinimalTopology-0-20240420-22:27:15-10628,runattr,,,seedset,0,
LoRaSim-MinimalTopology-0-20240420-22:27:15-10628,itervar,,,M,4,
LoRaSim-MinimalTopology-0-20240420-22:27:15-10628,itervar,,,N,2000,
LoRaSim-MinimalTopology-0-20240420-22:27:15-10628,param,,,LoRa.host[*].isBufferingEvents,false,
LoRaSim-MinimalTopology-0-20240420-22:27:15-10628,param,,,LoRa.host[*].addFrameHeader,false,
LoRaSim-MinimalTopology-0-20240420-22:27:15-10628,param,,,LoRa.host[*].nbOfChannels,3,
LoRaSim-MinimalTopology-0-20240420-22:27:15-10628,param,,,LoRa.numHosts,2000,
LoRaSim-MinimalTopology-0-20240420-22:27:15-10628,param,,,LoRa.host[*].iaTime,exponential(600s),
LoRaSim-MinimalTopology-0-20240420-22:27:15-10628,param,,,LoRa.host[*].pkLenBits,160b,
LoRaSim-MinimalTopology-0-20240420-22:27:15-10628,param,,,LoRa.netR,6333.83 m,
LoRaSim-MinimalTopology-0-20240420-22:27:15-10628,param,,,LoRa.server[*].pathlossExp,3,
LoRaSim-MinimalTopology-0-20240420-22:27:15-10628,param,,,LoRa.server[*].BW,125,
LoRaSim-MinimalTopology-0-20240420-22:27:15-10628,param,,,LoRa.numServers,4,
LoRaSim-MinimalTopology-0-20240420-22:27:15-10628,param,,,LoRa.server[0].x,-6333.83m,
LoRaSim-MinimalTopology-0-20240420-22:27:15-10628,param,,,LoRa.server[0].y,0,
LoRaSim-MinimalTopology-0-20240420-22:27:15-10628,param,,,LoRa.server[1].x,6333.83m,
LoRaSim-MinimalTopology-0-20240420-22:27:15-10628,param,,,LoRa.server[1].y,0,
LoRaSim-MinimalTopology-0-20240420-22:27:15-10628,param,,,LoRa.server[2].x,0,
LoRaSim-MinimalTopology-0-20240420-22:27:15-10628,param,,,LoRa.server[2].y,6333.83m,
LoRaSim-MinimalTopology-0-20240420-22:27:15-10628,param,,,LoRa.server[3].x,0,
LoRaSim-MinimalTopology-0-20240420-22:27:15-10628,param,,,LoRa.server[3].y,-6333.83m,
LoRaSim-MinimalTopology-0-20240420-22:27:15-10628,param,,,**.animationHoldTimeOnCollision,0s,
LoRaSim-MinimalTopology-0-20240420-22:27:15-10628,param,,,**.idleAnimationSpeed,1,
LoRaSim-MinimalTopology-0-20240420-22:27:15-10628,param,,,**.transmissionEdgeAnimationSpeed,1e-6,
LoRaSim-MinimalTopology-0-20240420-22:27:15-10628,param,,,**.midTransmissionAnimationSpeed,1e-1,
LoRaSim-MinimalTopology-0-20240420-22:27:15-10628,param,,,LoRa.slotTime,0,
LoRaSim-MinimalTopology-0-20240420-22:27:15-10628,param,,,LoRa.dutyCycleActive,true,
LoRaSim-MinimalTopology-0-20240420-22:27:15-10628,scalar,LoRa.server[0],SF: 7,,,0
LoRaSim-MinimalTopology-0-20240420-22:27:15-10628,scalar,LoRa.server[0],rcvCounter: 7,,,0
LoRaSim-MinimalTopology-0-20240420-22:27:15-10628,scalar,LoRa.server[0],noOfCollidedPackets: 7,,,0
LoRaSim-MinimalTopology-0-20240420-22:27:15-10628,scalar,LoRa.server[0],noOfSuccessPackets: 7,,,0
LoRaSim-MinimalTopology-0-20240420-22:27:15-10628,scalar,LoRa.server[0],noOfHostsInSFTier: 7,,,305
LoRaSim-MinimalTopology-0-20240420-22:27:15-10628,scalar,LoRa.server[0],SF: 8,,,0
LoRaSim-MinimalTopology-0-20240420-22:27:15-10628,scalar,LoRa.server[0],rcvCounter: 8,,,0
LoRaSim-MinimalTopology-0-20240420-22:27:15-10628,scalar,LoRa.server[0],noOfCollidedPackets: 8,,,0
LoRaSim-MinimalTopology-0-20240420-22:27:15-10628,scalar,LoRa.server[0],noOfSuccessPackets: 8,,,0
LoRaSim-MinimalTopology-0-20240420-22:27:15-10628,scalar,LoRa.server[0],noOfHostsInSFTier: 8,,,131
LoRaSim-MinimalTopology-0-20240420-22:27:15-10628,scalar,LoRa.server[0],SF: 9,,,0
LoRaSim-MinimalTopology-0-20240420-22:27:15-10628,scalar,LoRa.server[0],rcvCounter: 9,,,0
LoRaSim-MinimalTopology-0-20240420-22:27:15-10628,scalar,LoRa.server[0],noOfCollidedPackets: 9,,,0
LoRaSim-MinimalTopology-0-20240420-22:27:15-10628,scalar,LoRa.server[0],noOfSuccessPackets: 9,,,0
LoRaSim-MinimalTopology-0-20240420-22:27:15-10628,scalar,LoRa.server[0],noOfHostsInSFTier: 9,,,204
LoRaSim-MinimalTopology-0-20240420-22:27:15-10628,scalar,LoRa.server[0],SF: 10,,,0
LoRaSim-MinimalTopology-0-20240420-22:27:15-10628,scalar,LoRa.server[0],rcvCounter: 10,,,0
LoRaSim-MinimalTopology-0-20240420-22:27:15-10628,scalar,LoRa.server[0],noOfCollidedPackets: 10,,,0
LoRaSim-MinimalTopology-0-20240420-22:27:15-10628,scalar,LoRa.server[0],noOfSuccessPackets: 10,,,0
LoRaSim-MinimalTopology-0-20240420-22:27:15-10628,scalar,LoRa.server[0],noOfHostsInSFTier: 10,,,301
LoRaSim-MinimalTopology-0-20240420-22:27:15-10628,scalar,LoRa.server[0],SF: 11,,,0
LoRaSim-MinimalTopology-0-20240420-22:27:15-10628,scalar,LoRa.server[0],rcvCounter: 11,,,0
LoRaSim-MinimalTopology-0-20240420-22:27:15-10628,scalar,LoRa.server[0],noOfCollidedPackets: 11,,,0
LoRaSim-MinimalTopology-0-20240420-22:27:15-10628,scalar,LoRa.server[0],noOfSuccessPackets: 11,,,0
LoRaSim-MinimalTopology-0-20240420-22:27:15-10628,scalar,LoRa.server[0],noOfHostsInSFTier: 11,,,391
LoRaSim-MinimalTopology-0-20240420-22:27:15-10628,scalar,LoRa.server[0],SF: 12,,,0.58778703703704
LoRaSim-MinimalTopology-0-20240420-22:27:15-10628,scalar,LoRa.server[0],rcvCounter: 12,,,336080
LoRaSim-MinimalTopology-0-20240420-22:27:15-10628,scalar,LoRa.server[0],noOfCollidedPackets: 12,,,82156
LoRaSim-MinimalTopology-0-20240420-22:27:15-10628,scalar,LoRa.server[0],noOfSuccessPackets: 12,,,253924
LoRaSim-MinimalTopology-0-20240420-22:27:15-10628,scalar,LoRa.server[0],noOfHostsInSFTier: 12,,,667
LoRaSim-MinimalTopology-0-20240420-22:27:15-10628,scalar,LoRa.server[0],totalSuccessRate,,,0.58778703703704
LoRaSim-MinimalTopology-0-20240420-22:27:15-10628,scalar,LoRa.server[0],totalSuccessProb,,,0.75554629850036
LoRaSim-MinimalTopology-0-20240420-22:27:15-10628,scalar,LoRa.server[0],duration,,,432000
LoRaSim-MinimalTopology-0-20240420-22:27:15-10628,scalar,LoRa.server[1],SF: 7,,,0
LoRaSim-MinimalTopology-0-20240420-22:27:15-10628,scalar,LoRa.server[1],rcvCounter: 7,,,0
LoRaSim-MinimalTopology-0-20240420-22:27:15-10628,scalar,LoRa.server[1],noOfCollidedPackets: 7,,,0
LoRaSim-MinimalTopology-0-20240420-22:27:15-10628,scalar,LoRa.server[1],noOfSuccessPackets: 7,,,0
LoRaSim-MinimalTopology-0-20240420-22:27:15-10628,scalar,LoRa.server[1],noOfHostsInSFTier: 7,,,305
LoRaSim-MinimalTopology-0-20240420-22:27:15-10628,scalar,LoRa.server[1],SF: 8,,,0
LoRaSim-MinimalTopology-0-20240420-22:27:15-10628,scalar,LoRa.server[1],rcvCounter: 8,,,0
LoRaSim-MinimalTopology-0-20240420-22:27:15-10628,scalar,LoRa.server[1],noOfCollidedPackets: 8,,,0
LoRaSim-MinimalTopology-0-20240420-22:27:15-10628,scalar,LoRa.server[1],noOfSuccessPackets: 8,,,0
LoRaSim-MinimalTopology-0-20240420-22:27:15-10628,scalar,LoRa.server[1],noOfHostsInSFTier: 8,,,131
LoRaSim-MinimalTopology-0-20240420-22:27:15-10628,scalar,LoRa.server[1],SF: 9,,,0
LoRaSim-MinimalTopology-0-20240420-22:27:15-10628,scalar,LoRa.server[1],rcvCounter: 9,,,0
LoRaSim-MinimalTopology-0-20240420-22:27:15-10628,scalar,LoRa.server[1],noOfCollidedPackets: 9,,,0
LoRaSim-MinimalTopology-0-20240420-22:27:15-10628,scalar,LoRa.server[1],noOfSuccessPackets: 9,,,0
LoRaSim-MinimalTopology-0-20240420-22:27:15-10628,scalar,LoRa.server[1],noOfHostsInSFTier: 9,,,204
LoRaSim-MinimalTopology-0-20240420-22:27:15-10628,scalar,LoRa.server[1],SF: 10,,,0
LoRaSim-MinimalTopology-0-20240420-22:27:15-10628,scalar,LoRa.server[1],rcvCounter: 10,,,0
LoRaSim-MinimalTopology-0-20240420-22:27:15-10628,scalar,LoRa.server[1],noOfCollidedPackets: 10,,,0
LoRaSim-MinimalTopology-0-20240420-22:27:15-10628,scalar,LoRa.server[1],noOfSuccessPackets: 10,,,0
LoRaSim-MinimalTopology-0-20240420-22:27:15-10628,scalar,LoRa.server[1],noOfHostsInSFTier: 10,,,301
LoRaSim-MinimalTopology-0-20240420-22:27:15-10628,scalar,LoRa.server[1],SF: 11,,,0
LoRaSim-MinimalTopology-0-20240420-22:27:15-10628,scalar,LoRa.server[1],rcvCounter: 11,,,0
LoRaSim-MinimalTopology-0-20240420-22:27:15-10628,scalar,LoRa.server[1],noOfCollidedPackets: 11,,,0
LoRaSim-MinimalTopology-0-20240420-22:27:15-10628,scalar,LoRa.server[1],noOfSuccessPackets: 11,,,0
LoRaSim-MinimalTopology-0-20240420-22:27:15-10628,scalar,LoRa.server[1],noOfHostsInSFTier: 11,,,391
LoRaSim-MinimalTopology-0-20240420-22:27:15-10628,scalar,LoRa.server[1],SF: 12,,,0.60196296296296
LoRaSim-MinimalTopology-0-20240420-22:27:15-10628,scalar,LoRa.server[1],rcvCounter: 12,,,347621
LoRaSim-MinimalTopology-0-20240420-22:27:15-10628,scalar,LoRa.server[1],noOfCollidedPackets: 12,,,87573
LoRaSim-MinimalTopology-0-20240420-22:27:15-10628,scalar,LoRa.server[1],noOfSuccessPackets: 12,,,260048
LoRaSim-MinimalTopology-0-20240420-22:27:15-10628,scalar,LoRa.server[1],noOfHostsInSFTier: 12,,,667
LoRaSim-MinimalTopology-0-20240420-22:27:15-10628,scalar,LoRa.server[1],totalSuccessRate,,,0.60196296296296
LoRaSim-MinimalTopology-0-20240420-22:27:15-10628,scalar,LoRa.server[1],totalSuccessProb,,,0.74807908613116
LoRaSim-MinimalTopology-0-20240420-22:27:15-10628,scalar,LoRa.server[1],duration,,,432000
LoRaSim-MinimalTopology-0-20240420-22:27:15-10628,scalar,LoRa.server[2],SF: 7,,,0
LoRaSim-MinimalTopology-0-20240420-22:27:15-10628,scalar,LoRa.server[2],rcvCounter: 7,,,0
LoRaSim-MinimalTopology-0-20240420-22:27:15-10628,scalar,LoRa.server[2],noOfCollidedPackets: 7,,,0
LoRaSim-MinimalTopology-0-20240420-22:27:15-10628,scalar,LoRa.server[2],noOfSuccessPackets: 7,,,0
LoRaSim-MinimalTopology-0-20240420-22:27:15-10628,scalar,LoRa.server[2],noOfHostsInSFTier: 7,,,305
LoRaSim-MinimalTopology-0-20240420-22:27:15-10628,scalar,LoRa.server[2],SF: 8,,,0
LoRaSim-MinimalTopology-0-20240420-22:27:15-10628,scalar,LoRa.server[2],rcvCounter: 8,,,0
LoRaSim-MinimalTopology-0-20240420-22:27:15-10628,scalar,LoRa.server[2],noOfCollidedPackets: 8,,,0
LoRaSim-MinimalTopology-0-20240420-22:27:15-10628,scalar,LoRa.server[2],noOfSuccessPackets: 8,,,0
LoRaSim-MinimalTopology-0-20240420-22:27:15-10628,scalar,LoRa.server[2],noOfHostsInSFTier: 8,,,131
LoRaSim-MinimalTopology-0-20240420-22:27:15-10628,scalar,LoRa.server[2],SF: 9,,,0
LoRaSim-MinimalTopology-0-20240420-22:27:15-10628,scalar,LoRa.server[2],rcvCounter: 9,,,0
LoRaSim-MinimalTopology-0-20240420-22:27:15-10628,scalar,LoRa.server[2],noOfCollidedPackets: 9,,,0
LoRaSim-MinimalTopology-0-20240420-22:27:15-10628,scalar,LoRa.server[2],noOfSuccessPackets: 9,,,0
LoRaSim-MinimalTopology-0-20240420-22:27:15-10628,scalar,LoRa.server[2],noOfHostsInSFTier: 9,,,204
LoRaSim-MinimalTopology-0-20240420-22:27:15-10628,scalar,LoRa.server[2],SF: 10,,,0
LoRaSim-MinimalTopology-0-20240420-22:27:15-10628,scalar,LoRa.server[2],rcvCounter: 10,,,0
LoRaSim-MinimalTopology-0-20240420-22:27:15-10628,scalar,LoRa.server[2],noOfCollidedPackets: 10,,,0
LoRaSim-MinimalTopology-0-20240420-22:27:15-10628,scalar,LoRa.server[2],noOfSuccessPackets: 10,,,0
LoRaSim-MinimalTopology-0-20240420-22:27:15-10628,scalar,LoRa.server[2],noOfHostsInSFTier: 10,,,301
LoRaSim-MinimalTopology-0-20240420-22:27:15-10628,scalar,LoRa.server[2],SF: 11,,,0
LoRaSim-MinimalTopology-0-20240420-22:27:15-10628,scalar,LoRa.server[2],rcvCounter: 11,,,0
LoRaSim-MinimalTopology-0-20240420-22:27:15-10628,scalar,LoRa.server[2],noOfCollidedPackets: 11,,,0
LoRaSim-MinimalTopology-0-20240420-22:27:15-10628,scalar,LoRa.server[2],noOfSuccessPackets: 11,,,0
LoRaSim-MinimalTopology-0-20240420-22:27:15-10628,scalar,LoRa.server[2],noOfHostsInSFTier: 11,,,391
LoRaSim-MinimalTopology-0-20240420-22:27:15-10628,scalar,LoRa.server[2],SF: 12,,,0.55423611111111
LoRaSim-MinimalTopology-0-20240420-22:27:15-10628,scalar,LoRa.server[2],rcvCounter: 12,,,310982
LoRaSim-MinimalTopology-0-20240420-22:27:15-10628,scalar,LoRa.server[2],noOfCollidedPackets: 12,,,71552
LoRaSim-MinimalTopology-0-20240420-22:27:15-10628,scalar,LoRa.server[2],noOfSuccessPackets: 12,,,239430
LoRaSim-MinimalTopology-0-20240420-22:27:15-10628,scalar,LoRa.server[2],noOfHostsInSFTier: 12,,,667
LoRaSim-MinimalTopology-0-20240420-22:27:15-10628,scalar,LoRa.server[2],totalSuccessRate,,,0.55423611111111
LoRaSim-MinimalTopology-0-20240420-22:27:15-10628,scalar,LoRa.server[2],totalSuccessProb,,,0.76991594368806
LoRaSim-MinimalTopology-0-20240420-22:27:15-10628,scalar,LoRa.server[2],duration,,,432000
LoRaSim-MinimalTopology-0-20240420-22:27:15-10628,scalar,LoRa.server[3],SF: 7,,,0
LoRaSim-MinimalTopology-0-20240420-22:27:15-10628,scalar,LoRa.server[3],rcvCounter: 7,,,0
LoRaSim-MinimalTopology-0-20240420-22:27:15-10628,scalar,LoRa.server[3],noOfCollidedPackets: 7,,,0
LoRaSim-MinimalTopology-0-20240420-22:27:15-10628,scalar,LoRa.server[3],noOfSuccessPackets: 7,,,0
LoRaSim-MinimalTopology-0-20240420-22:27:15-10628,scalar,LoRa.server[3],noOfHostsInSFTier: 7,,,305
LoRaSim-MinimalTopology-0-20240420-22:27:15-10628,scalar,LoRa.server[3],SF: 8,,,0
LoRaSim-MinimalTopology-0-20240420-22:27:15-10628,scalar,LoRa.server[3],rcvCounter: 8,,,0
LoRaSim-MinimalTopology-0-20240420-22:27:15-10628,scalar,LoRa.server[3],noOfCollidedPackets: 8,,,0
LoRaSim-MinimalTopology-0-20240420-22:27:15-10628,scalar,LoRa.server[3],noOfSuccessPackets: 8,,,0
LoRaSim-MinimalTopology-0-20240420-22:27:15-10628,scalar,LoRa.server[3],noOfHostsInSFTier: 8,,,131
LoRaSim-MinimalTopology-0-20240420-22:27:15-10628,scalar,LoRa.server[3],SF: 9,,,0
LoRaSim-MinimalTopology-0-20240420-22:27:15-10628,scalar,LoRa.server[3],rcvCounter: 9,,,0
LoRaSim-MinimalTopology-0-20240420-22:27:15-10628,scalar,LoRa.server[3],noOfCollidedPackets: 9,,,0
LoRaSim-MinimalTopology-0-20240420-22:27:15-10628,scalar,LoRa.server[3],noOfSuccessPackets: 9,,,0
LoRaSim-MinimalTopology-0-20240420-22:27:15-10628,scalar,LoRa.server[3],noOfHostsInSFTier: 9,,,204
LoRaSim-MinimalTopology-0-20240420-22:27:15-10628,scalar,LoRa.server[3],SF: 10,,,0
LoRaSim-MinimalTopology-0-20240420-22:27:15-10628,scalar,LoRa.server[3],rcvCounter: 10,,,0
LoRaSim-MinimalTopology-0-20240420-22:27:15-10628,scalar,LoRa.server[3],noOfCollidedPackets: 10,,,0
LoRaSim-MinimalTopology-0-20240420-22:27:15-10628,scalar,LoRa.server[3],noOfSuccessPackets: 10,,,0
LoRaSim-MinimalTopology-0-20240420-22:27:15-10628,scalar,LoRa.server[3],noOfHostsInSFTier: 10,,,301
LoRaSim-MinimalTopology-0-20240420-22:27:15-10628,scalar,LoRa.server[3],SF: 11,,,0
LoRaSim-MinimalTopology-0-20240420-22:27:15-10628,scalar,LoRa.server[3],rcvCounter: 11,,,0
LoRaSim-MinimalTopology-0-20240420-22:27:15-10628,scalar,LoRa.server[3],noOfCollidedPackets: 11,,,0
LoRaSim-MinimalTopology-0-20240420-22:27:15-10628,scalar,LoRa.server[3],noOfSuccessPackets: 11,,,0
LoRaSim-MinimalTopology-0-20240420-22:27:15-10628,scalar,LoRa.server[3],noOfHostsInSFTier: 11,,,391
LoRaSim-MinimalTopology-0-20240420-22:27:15-10628,scalar,LoRa.server[3],SF: 12,,,0.57375462962963
LoRaSim-MinimalTopology-0-20240420-22:27:15-10628,scalar,LoRa.server[3],rcvCounter: 12,,,325235
LoRaSim-MinimalTopology-0-20240420-22:27:15-10628,scalar,LoRa.server[3],noOfCollidedPackets: 12,,,77373
LoRaSim-MinimalTopology-0-20240420-22:27:15-10628,scalar,LoRa.server[3],noOfSuccessPackets: 12,,,247862
LoRaSim-MinimalTopology-0-20240420-22:27:15-10628,scalar,LoRa.server[3],noOfHostsInSFTier: 12,,,667
LoRaSim-MinimalTopology-0-20240420-22:27:15-10628,scalar,LoRa.server[3],totalSuccessRate,,,0.57375462962963
LoRaSim-MinimalTopology-0-20240420-22:27:15-10628,scalar,LoRa.server[3],totalSuccessProb,,,0.76210124986548
LoRaSim-MinimalTopology-0-20240420-22:27:15-10628,scalar,LoRa.server[3],duration,,,432000
LoRaSim-MinimalTopology-0-20240420-22:27:15-10628,scalar,LoRa.host[0],numOfHostsPerSF_Server0_SF7,,,141
LoRaSim-MinimalTopology-0-20240420-22:27:15-10628,scalar,LoRa.host[0],numOfHostsPerSF_Server0_SF8,,,63
LoRaSim-MinimalTopology-0-20240420-22:27:15-10628,scalar,LoRa.host[0],numOfHostsPerSF_Server0_SF9,,,82
LoRaSim-MinimalTopology-0-20240420-22:27:15-10628,scalar,LoRa.host[0],numOfHostsPerSF_Server0_SF10,,,118
LoRaSim-MinimalTopology-0-20240420-22:27:15-10628,scalar,LoRa.host[0],numOfHostsPerSF_Server0_SF11,,,81
LoRaSim-MinimalTopology-0-20240420-22:27:15-10628,scalar,LoRa.host[0],numOfHostsPerSF_Server0_SF12,,,24
LoRaSim-MinimalTopology-0-20240420-22:27:15-10628,scalar,LoRa.host[0],numOfHostsPerSF_Server1_SF7,,,133
LoRaSim-MinimalTopology-0-20240420-22:27:15-10628,scalar,LoRa.host[0],numOfHostsPerSF_Server1_SF8,,,74
LoRaSim-MinimalTopology-0-20240420-22:27:15-10628,scalar,LoRa.host[0],numOfHostsPerSF_Server1_SF9,,,84
LoRaSim-MinimalTopology-0-20240420-22:27:15-10628,scalar,LoRa.host[0],numOfHostsPerSF_Server1_SF10,,,119
LoRaSim-MinimalTopology-0-20240420-22:27:15-10628,scalar,LoRa.host[0],numOfHostsPerSF_Server1_SF11,,,100
LoRaSim-MinimalTopology-0-20240420-22:27:15-10628,scalar,LoRa.host[0],numOfHostsPerSF_Server1_SF12,,,16
LoRaSim-MinimalTopology-0-20240420-22:27:15-10628,scalar,LoRa.host[0],numOfHostsPerSF_Server2_SF7,,,130
LoRaSim-MinimalTopology-0-20240420-22:27:15-10628,scalar,LoRa.host[0],numOfHostsPerSF_Server2_SF8,,,55
LoRaSim-MinimalTopology-0-20240420-22:27:15-10628,scalar,LoRa.host[0],numOfHostsPerSF_Server2_SF9,,,72
LoRaSim-MinimalTopology-0-20240420-22:27:15-10628,scalar,LoRa.host[0],numOfHostsPerSF_Server2_SF10,,,102
LoRaSim-MinimalTopology-0-20240420-22:27:15-10628,scalar,LoRa.host[0],numOfHostsPerSF_Server2_SF11,,,91
LoRaSim-MinimalTopology-0-20240420-22:27:15-10628,scalar,LoRa.host[0],numOfHostsPerSF_Server2_SF12,,,22
LoRaSim-MinimalTopology-0-20240420-22:27:15-10628,scalar,LoRa.host[0],numOfHostsPerSF_Server3_SF7,,,129
LoRaSim-MinimalTopology-0-20240420-22:27:15-10628,scalar,LoRa.host[0],numOfHostsPerSF_Server3_SF8,,,58
LoRaSim-MinimalTopology-0-20240420-22:27:15-10628,scalar,LoRa.host[0],numOfHostsPerSF_Server3_SF9,,,82
LoRaSim-MinimalTopology-0-20240420-22:27:15-10628,scalar,LoRa.host[0],numOfHostsPerSF_Server3_SF10,,,130
LoRaSim-MinimalTopology-0-20240420-22:27:15-10628,scalar,LoRa.host[0],numOfHostsPerSF_Server3_SF11,,,70
LoRaSim-MinimalTopology-0-20240420-22:27:15-10628,scalar,LoRa.host[0],numOfHostsPerSF_Server3_SF12,,,24
LoRaSim-MinimalTopology-0-20240420-22:27:15-10628,scalar,_runattrs_,M,,,4
LoRaSim-MinimalTopology-0-20240420-22:27:15-10628,scalar,_runattrs_,N,,,2000
