run,type,module,name,attrname,attrvalue,value
LoRaSim-MinimalTopology-0-20240420-22:28:11-14380,runattr,,,configname,LoRaSim-MinimalTopology,
LoRaSim-MinimalTopology-0-20240420-22:28:11-14380,runattr,,,datetime,20240420-22:28:11,
LoRaSim-MinimalTopology-0-20240420-22:28:11-14380,runattr,,,experiment,LoRaSim-MinimalTopology,
LoRaSim-MinimalTopology-0-20240420-22:28:11-14380,runattr,,,inifile,omnetpp.ini,
LoRaSim-MinimalTopology-0-20240420-22:28:11-14380,runattr,,,iterationvars,"$N=3000, $M=4",
LoRaSim-MinimalTopology-0-20240420-22:28:11-14380,runattr,,,iterationvarsf,"N=3000,M=4-",
LoRaSim-MinimalTopology-0-20240420-22:28:11-14380,runattr,,,measurement,"$N=3000, $M=4",
LoRaSim-MinimalTopology-0-20240420-22:28:11-14380,runattr,,,network,LoRa,
LoRaSim-MinimalTopology-0-20240420-22:28:11-14380,runattr,,,processid,14380,
LoRaSim-MinimalTopology-0-20240420-22:28:11-14380,runattr,,,repetition,0,
LoRaSim-MinimalTopology-0-20240420-22:28:11-14380,runattr,,,replication,#0,
LoRaSim-MinimalTopology-0-20240420-22:28:11-14380,runattr,,,resultdir,results,
LoRaSim-MinimalTopology-0-20240420-22:28:11-14380,runattr,,,runnumber,0,
LoRaSim-MinimalTopology-0-20240420-22:28:11-14380,runattr,,,seedset,0,
LoRaSim-MinimalTopology-0-20240420-22:28:11-14380,itervar,,,M,4,
LoRaSim-MinimalTopology-0-20240420-22:28:11-14380,itervar,,,N,3000,
LoRaSim-MinimalTopology-0-20240420-22:28:11-14380,param,,,LoRa.host[*].isBufferingEvents,false,
LoRaSim-MinimalTopology-0-20240420-22:28:11-14380,param,,,LoRa.host[*].addFrameHeader,false,
LoRaSim-MinimalTopology-0-20240420-22:28:11-14380,param,,,LoRa.host[*].nbOfChannels,3,
LoRaSim-MinimalTopology-0-20240420-22:28:11-14380,param,,,LoRa.numHosts,3000,
LoRaSim-MinimalTopology-0-20240420-22:28:11-14380,param,,,LoRa.host[*].iaTime,exponential(600s),
LoRaSim-MinimalTopology-0-20240420-22:28:11-14380,param,,,LoRa.host[*].pkLenBits,160b,
LoRaSim-MinimalTopology-0-20240420-22:28:11-14380,param,,,LoRa.netR,6333.83 m,
LoRaSim-MinimalTopology-0-20240420-22:28:11-14380,param,,,LoRa.server[*].pathlossExp,3,
LoRaSim-MinimalTopology-0-20240420-22:28:11-14380,param,,,LoRa.server[*].BW,125,
LoRaSim-MinimalTopology-0-20240420-22:28:11-14380,param,,,LoRa.numServers,4,
LoRaSim-MinimalTopology-0-20240420-22:28:11-14380,param,,,LoRa.server[0].x,-6333.83m,
LoRaSim-MinimalTopology-0-20240420-22:28:11-14380,param,,,LoRa.server[0].y,0,
LoRaSim-MinimalTopology-0-20240420-22:28:11-14380,param,,,LoRa.server[1].x,6333.83m,
LoRaSim-MinimalTopology-0-20240420-22:28:11-14380,param,,,LoRa.server[1].y,0,
LoRaSim-MinimalTopology-0-20240420-22:28:11-14380,param,,,LoRa.server[2].x,0,
LoRaSim-MinimalTopology-0-20240420-22:28:11-14380,param,,,LoRa.server[2].y,6333.83m,
LoRaSim-MinimalTopology-0-20240420-22:28:11-14380,param,,,LoRa.server[3].x,0,
LoRaSim-MinimalTopology-0-20240420-22:28:11-14380,param,,,LoRa.server[3].y,-6333.83m,
LoRaSim-MinimalTopology-0-20240420-22:28:11-14380,param,,,**.animationHoldTimeOnCollision,0s,
LoRaSim-MinimalTopology-0-20240420-22:28:11-14380,param,,,**.idleAnimationSpeed,1,
LoRaSim-MinimalTopology-0-20240420-22:28:11-14380,param,,,**.transmissionEdgeAnimationSpeed,1e-6,
LoRaSim-MinimalTopology-0-20240420-22:28:11-14380,param,,,**.midTransmissionAnimationSpeed,1e-1,
LoRaSim-MinimalTopology-0-20240420-22:28:11-14380,param,,,LoRa.slotTime,0,
LoRaSim-MinimalTopology-0-20240420-22:28:11-14380,param,,,LoRa.dutyCycleActive,true,
LoRaSim-MinimalTopology-0-20240420-22:28:11-14380,scalar,LoRa.server[0],SF: 7,,,0
LoRaSim-MinimalTopology-0-20240420-22:28:11-14380,scalar,LoRa.server[0],rcvCounter: 7,,,0
LoRaSim-MinimalTopology-0-20240420-22:28:11-14380,scalar,LoRa.server[0],noOfCollidedPackets: 7,,,0
LoRaSim-MinimalTopology-0-20240420-22:28:11-14380,scalar,LoRa.server[0],noOfSuccessPackets: 7,,,0
LoRaSim-MinimalTopology-0-20240420-22:28:11-14380,scalar,LoRa.server[0],noOfHostsInSFTier: 7,,,446
LoRaSim-MinimalTopology-0-20240420-22:28:11-14380,scalar,LoRa.server[0],SF: 8,,,0
LoRaSim-MinimalTopology-0-20240420-22:28:11-14380,scalar,LoRa.server[0],rcvCounter: 8,,,0
LoRaSim-MinimalTopology-0-20240420-22:28:11-14380,scalar,LoRa.server[0],noOfCollidedPackets: 8,,,0
LoRaSim-MinimalTopology-0-20240420-22:28:11-14380,scalar,LoRa.server[0],noOfSuccessPackets: 8,,,0
LoRaSim-MinimalTopology-0-20240420-22:28:11-14380,scalar,LoRa.server[0],noOfHostsInSFTier: 8,,,182
LoRaSim-MinimalTopology-0-20240420-22:28:11-14380,scalar,LoRa.server[0],SF: 9,,,0
LoRaSim-MinimalTopology-0-20240420-22:28:11-14380,scalar,LoRa.server[0],rcvCounter: 9,,,0
LoRaSim-MinimalTopology-0-20240420-22:28:11-14380,scalar,LoRa.server[0],noOfCollidedPackets: 9,,,0
LoRaSim-MinimalTopology-0-20240420-22:28:11-14380,scalar,LoRa.server[0],noOfSuccessPackets: 9,,,0
LoRaSim-MinimalTopology-0-20240420-22:28:11-14380,scalar,LoRa.server[0],noOfHostsInSFTier: 9,,,317
LoRaSim-MinimalTopology-0-20240420-22:28:11-14380,scalar,LoRa.server[0],SF: 10,,,0
LoRaSim-MinimalTopology-0-20240420-22:28:11-14380,scalar,LoRa.server[0],rcvCounter: 10,,,0
LoRaSim-MinimalTopology-0-20240420-22:28:11-14380,scalar,LoRa.server[0],noOfCollidedPackets: 10,,,0
LoRaSim-MinimalTopology-0-20240420-22:28:11-14380,scalar,LoRa.server[0],noOfSuccessPackets: 10,,,0
LoRaSim-MinimalTopology-0-20240420-22:28:11-14380,scalar,LoRa.server[0],noOfHostsInSFTier: 10,,,459
LoRaSim-MinimalTopology-0-20240420-22:28:11-14380,scalar,LoRa.server[0],SF: 11,,,0
LoRaSim-MinimalTopology-0-20240420-22:28:11-14380,scalar,LoRa.server[0],rcvCounter: 11,,,0
LoRaSim-MinimalTopology-0-20240420-22:28:11-14380,scalar,LoRa.server[0],noOfCollidedPackets: 11,,,0
LoRaSim-MinimalTopology-0-20240420-22:28:11-14380,scalar,LoRa.server[0],noOfSuccessPackets: 11,,,0
LoRaSim-MinimalTopology-0-20240420-22:28:11-14380,scalar,LoRa.server[0],noOfHostsInSFTier: 11,,,602
LoRaSim-MinimalTopology-0-20240420-22:28:11-14380,scalar,LoRa.server[0],SF: 12,,,0.76343287037037
LoRaSim-MinimalTopology-0-20240420-22:28:11-14380,scalar,LoRa.server[0],rcvCounter: 12,,,498481
LoRaSim-MinimalTopology-0-20240420-22:28:11-14380,scalar,LoRa.server[0],noOfCollidedPackets: 12,,,168678
LoRaSim-MinimalTopology-0-20240420-22:28:11-14380,scalar,LoRa.server[0],noOfSuccessPackets: 12,,,329803
LoRaSim-MinimalTopology-0-20240420-22:28:11-14380,scalar,LoRa.server[0],noOfHostsInSFTier: 12,,,991
LoRaSim-MinimalTopology-0-20240420-22:28:11-14380,scalar,LoRa.server[0],totalSuccessRate,,,0.76343287037037
LoRaSim-MinimalTopology-0-20240420-22:28:11-14380,scalar,LoRa.server[0],totalSuccessProb,,,0.66161598937572
LoRaSim-MinimalTopology-0-20240420-22:28:11-14380,scalar,LoRa.server[0],duration,,,432000
LoRaSim-MinimalTopology-0-20240420-22:28:11-14380,scalar,LoRa.server[1],SF: 7,,,0
LoRaSim-MinimalTopology-0-20240420-22:28:11-14380,scalar,LoRa.server[1],rcvCounter: 7,,,0
LoRaSim-MinimalTopology-0-20240420-22:28:11-14380,scalar,LoRa.server[1],noOfCollidedPackets: 7,,,0
LoRaSim-MinimalTopology-0-20240420-22:28:11-14380,scalar,LoRa.server[1],noOfSuccessPackets: 7,,,0
LoRaSim-MinimalTopology-0-20240420-22:28:11-14380,scalar,LoRa.server[1],noOfHostsInSFTier: 7,,,446
LoRaSim-MinimalTopology-0-20240420-22:28:11-14380,scalar,LoRa.server[1],SF: 8,,,0
LoRaSim-MinimalTopology-0-20240420-22:28:11-14380,scalar,LoRa.server[1],rcvCounter: 8,,,0
LoRaSim-MinimalTopology-0-20240420-22:28:11-14380,scalar,LoRa.server[1],noOfCollidedPackets: 8,,,0
LoRaSim-MinimalTopology-0-20240420-22:28:11-14380,scalar,LoRa.server[1],noOfSuccessPackets: 8,,,0
LoRaSim-MinimalTopology-0-20240420-22:28:11-14380,scalar,LoRa.server[1],noOfHostsInSFTier: 8,,,182
LoRaSim-MinimalTopology-0-20240420-22:28:11-14380,scalar,LoRa.server[1],SF: 9,,,0
LoRaSim-MinimalTopology-0-20240420-22:28:11-14380,scalar,LoRa.server[1],rcvCounter: 9,,,0
LoRaSim-MinimalTopology-0-20240420-22:28:11-14380,scalar,LoRa.server[1],noOfCollidedPackets: 9,,,0
LoRaSim-MinimalTopology-0-20240420-22:28:11-14380,scalar,LoRa.server[1],noOfSuccessPackets: 9,,,0
LoRaSim-MinimalTopology-0-20240420-22:28:11-14380,scalar,LoRa.server[1],noOfHostsInSFTier: 9,,,317
LoRaSim-MinimalTopology-0-20240420-22:28:11-14380,scalar,LoRa.server[1],SF: 10,,,0
LoRaSim-MinimalTopology-0-20240420-22:28:11-14380,scalar,LoRa.server[1],rcvCounter: 10,,,0
LoRaSim-MinimalTopology-0-20240420-22:28:11-14380,scalar,LoRa.server[1],noOfCollidedPackets: 10,,,0
LoRaSim-MinimalTopology-0-20240420-22:28:11-14380,scalar,LoRa.server[1],noOfSuccessPackets: 10,,,0
LoRaSim-MinimalTopology-0-20240420-22:28:11-14380,scalar,LoRa.server[1],noOfHostsInSFTier: 10,,,459
LoRaSim-MinimalTopology-0-20240420-22:28:11-14380,scalar,LoRa.server[1],SF: 11,,,0
LoRaSim-MinimalTopology-0-20240420-22:28:11-14380,scalar,LoRa.server[1],rcvCounter: 11,,,0
LoRaSim-MinimalTopology-0-20240420-22:28:11-14380,scalar,LoRa.server[1],noOfCollidedPackets: 11,,,0
LoRaSim-MinimalTopology-0-20240420-22:28:11-14380,scalar,LoRa.server[1],noOfSuccessPackets: 11,,,0
LoRaSim-MinimalTopology-0-20240420-22:28:11-14380,scalar,LoRa.server[1],noOfHostsInSFTier: 11,,,602
LoRaSim-MinimalTopology-0-20240420-22:28:11-14380,scalar,LoRa.server[1],SF: 12,,,0.7766412037037
LoRaSim-MinimalTopology-0-20240420-22:28:11-14380,scalar,LoRa.server[1],rcvCounter: 12,,,510175
LoRaSim-MinimalTopology-0-20240420-22:28:11-14380,scalar,LoRa.server[1],noOfCollidedPackets: 12,,,174666
LoRaSim-MinimalTopology-0-20240420-22:28:11-14380,scalar,LoRa.server[1],noOfSuccessPackets: 12,,,335509
LoRaSim-MinimalTopology-0-20240420-22:28:11-14380,scalar,LoRa.server[1],noOfHostsInSFTier: 12,,,991
LoRaSim-MinimalTopology-0-20240420-22:28:11-14380,scalar,LoRa.server[1],totalSuccessRate,,,0.7766412037037
LoRaSim-MinimalTopology-0-20240420-22:28:11-14380,scalar,LoRa.server[1],totalSuccessProb,,,0.65763512520214
LoRaSim-MinimalTopology-0-20240420-22:28:11-14380,scalar,LoRa.server[1],duration,,,432000
LoRaSim-MinimalTopology-0-20240420-22:28:11-14380,scalar,LoRa.server[2],SF: 7,,,0
LoRaSim-MinimalTopology-0-20240420-22:28:11-14380,scalar,LoRa.server[2],rcvCounter: 7,,,0
LoRaSim-MinimalTopology-0-20240420-22:28:11-14380,scalar,LoRa.server[2],noOfCollidedPackets: 7,,,0
LoRaSim-MinimalTopology-0-20240420-22:28:11-14380,scalar,LoRa.server[2],noOfSuccessPackets: 7,,,0
LoRaSim-MinimalTopology-0-20240420-22:28:11-14380,scalar,LoRa.server[2],noOfHostsInSFTier: 7,,,446
LoRaSim-MinimalTopology-0-20240420-22:28:11-14380,scalar,LoRa.server[2],SF: 8,,,0
LoRaSim-MinimalTopology-0-20240420-22:28:11-14380,scalar,LoRa.server[2],rcvCounter: 8,,,0
LoRaSim-MinimalTopology-0-20240420-22:28:11-14380,scalar,LoRa.server[2],noOfCollidedPackets: 8,,,0
LoRaSim-MinimalTopology-0-20240420-22:28:11-14380,scalar,LoRa.server[2],noOfSuccessPackets: 8,,,0
LoRaSim-MinimalTopology-0-20240420-22:28:11-14380,scalar,LoRa.server[2],noOfHostsInSFTier: 8,,,182
LoRaSim-MinimalTopology-0-20240420-22:28:11-14380,scalar,LoRa.server[2],SF: 9,,,0
LoRaSim-MinimalTopology-0-20240420-22:28:11-14380,scalar,LoRa.server[2],rcvCounter: 9,,,0
LoRaSim-MinimalTopology-0-20240420-22:28:11-14380,scalar,LoRa.server[2],noOfCollidedPackets: 9,,,0
LoRaSim-MinimalTopology-0-20240420-22:28:11-14380,scalar,LoRa.server[2],noOfSuccessPackets: 9,,,0
LoRaSim-MinimalTopology-0-20240420-22:28:11-14380,scalar,LoRa.server[2],noOfHostsInSFTier: 9,,,317
LoRaSim-MinimalTopology-0-20240420-22:28:11-14380,scalar,LoRa.server[2],SF: 10,,,0
LoRaSim-MinimalTopology-0-20240420-22:28:11-14380,scalar,LoRa.server[2],rcvCounter: 10,,,0
LoRaSim-MinimalTopology-0-20240420-22:28:11-14380,scalar,LoRa.server[2],noOfCollidedPackets: 10,,,0
LoRaSim-MinimalTopology-0-20240420-22:28:11-14380,scalar,LoRa.server[2],noOfSuccessPackets: 10,,,0
LoRaSim-MinimalTopology-0-20240420-22:28:11-14380,scalar,LoRa.server[2],noOfHostsInSFTier: 10,,,459
LoRaSim-MinimalTopology-0-20240420-22:28:11-14380,scalar,LoRa.server[2],SF: 11,,,0
LoRaSim-MinimalTopology-0-20240420-22:28:11-14380,scalar,LoRa.server[2],rcvCounter: 11,,,0
LoRaSim-MinimalTopology-0-20240420-22:28:11-14380,scalar,LoRa.server[2],noOfCollidedPackets: 11,,,0
LoRaSim-MinimalTopology-0-20240420-22:28:11-14380,scalar,LoRa.server[2],noOfSuccessPackets: 11,,,0
LoRaSim-MinimalTopology-0-20240420-22:28:11-14380,scalar,LoRa.server[2],noOfHostsInSFTier: 11,,,602
LoRaSim-MinimalTopology-0-20240420-22:28:11-14380,scalar,LoRa.server[2],SF: 12,,,0.75397222222222
LoRaSim-MinimalTopology-0-20240420-22:28:11-14380,scalar,LoRa.server[2],rcvCounter: 12,,,484760
LoRaSim-MinimalTopology-0-20240420-22:28:11-14380,scalar,LoRa.server[2],noOfCollidedPackets: 12,,,159044
LoRaSim-MinimalTopology-0-20240420-22:28:11-14380,scalar,LoRa.server[2],noOfSuccessPackets: 12,,,325716
LoRaSim-MinimalTopology-0-20240420-22:28:11-14380,scalar,LoRa.server[2],noOfHostsInSFTier: 12,,,991
LoRaSim-MinimalTopology-0-20240420-22:28:11-14380,scalar,LoRa.server[2],totalSuccessRate,,,0.75397222222222
LoRaSim-MinimalTopology-0-20240420-22:28:11-14380,scalar,LoRa.server[2],totalSuccessProb,,,0.67191187391699
LoRaSim-MinimalTopology-0-20240420-22:28:11-14380,scalar,LoRa.server[2],duration,,,432000
LoRaSim-MinimalTopology-0-20240420-22:28:11-14380,scalar,LoRa.server[3],SF: 7,,,0
LoRaSim-MinimalTopology-0-20240420-22:28:11-14380,scalar,LoRa.server[3],rcvCounter: 7,,,0
LoRaSim-MinimalTopology-0-20240420-22:28:11-14380,scalar,LoRa.server[3],noOfCollidedPackets: 7,,,0
LoRaSim-MinimalTopology-0-20240420-22:28:11-14380,scalar,LoRa.server[3],noOfSuccessPackets: 7,,,0
LoRaSim-MinimalTopology-0-20240420-22:28:11-14380,scalar,LoRa.server[3],noOfHostsInSFTier: 7,,,446
LoRaSim-MinimalTopology-0-20240420-22:28:11-14380,scalar,LoRa.server[3],SF: 8,,,0
LoRaSim-MinimalTopology-0-20240420-22:28:11-14380,scalar,LoRa.server[3],rcvCounter: 8,,,0
LoRaSim-MinimalTopology-0-20240420-22:28:11-14380,scalar,LoRa.server[3],noOfCollidedPackets: 8,,,0
LoRaSim-MinimalTopology-0-20240420-22:28:11-14380,scalar,LoRa.server[3],noOfSuccessPackets: 8,,,0
LoRaSim-MinimalTopology-0-20240420-22:28:11-14380,scalar,LoRa.server[3],noOfHostsInSFTier: 8,,,182
LoRaSim-MinimalTopology-0-20240420-22:28:11-14380,scalar,LoRa.server[3],SF: 9,,,0
LoRaSim-MinimalTopology-0-20240420-22:28:11-14380,scalar,LoRa.server[3],rcvCounter: 9,,,0
LoRaSim-MinimalTopology-0-20240420-22:28:11-14380,scalar,LoRa.server[3],noOfCollidedPackets: 9,,,0
LoRaSim-MinimalTopology-0-20240420-22:28:11-14380,scalar,LoRa.server[3],noOfSuccessPackets: 9,,,0
LoRaSim-MinimalTopology-0-20240420-22:28:11-14380,scalar,LoRa.server[3],noOfHostsInSFTier: 9,,,317
LoRaSim-MinimalTopology-0-20240420-22:28:11-14380,scalar,LoRa.server[3],SF: 10,,,0
LoRaSim-MinimalTopology-0-20240420-22:28:11-14380,scalar,LoRa.server[3],rcvCounter: 10,,,0
LoRaSim-MinimalTopology-0-20240420-22:28:11-14380,scalar,LoRa.server[3],noOfCollidedPackets: 10,,,0
LoRaSim-MinimalTopology-0-20240420-22:28:11-14380,scalar,LoRa.server[3],noOfSuccessPackets: 10,,,0
LoRaSim-MinimalTopology-0-20240420-22:28:11-14380,scalar,LoRa.server[3],noOfHostsInSFTier: 10,,,459
LoRaSim-MinimalTopology-0-20240420-22:28:11-14380,scalar,LoRa.server[3],SF: 11,,,0
LoRaSim-MinimalTopology-0-20240420-22:28:11-14380,scalar,LoRa.server[3],rcvCounter: 11,,,0
LoRaSim-MinimalTopology-0-20240420-22:28:11-14380,scalar,LoRa.server[3],noOfCollidedPackets: 11,,,0
LoRaSim-MinimalTopology-0-20240420-22:28:11-14380,scalar,LoRa.server[3],noOfSuccessPackets: 11,,,0
LoRaSim-MinimalTopology-0-20240420-22:28:11-14380,scalar,LoRa.server[3],noOfHostsInSFTier: 11,,,602
LoRaSim-MinimalTopology-0-20240420-22:28:11-14380,scalar,LoRa.server[3],SF: 12,,,0.75192592592593
LoRaSim-MinimalTopology-0-20240420-22:28:11-14380,scalar,LoRa.server[3],rcvCounter: 12,,,485605
LoRaSim-MinimalTopology-0-20240420-22:28:11-14380,scalar,LoRa.server[3],noOfCollidedPackets: 12,,,160773
LoRaSim-MinimalTopology-0-20240420-22:28:11-14380,scalar,LoRa.server[3],noOfSuccessPackets: 12,,,324832
LoRaSim-MinimalTopology-0-20240420-22:28:11-14380,scalar,LoRa.server[3],noOfHostsInSFTier: 12,,,991
LoRaSim-MinimalTopology-0-20240420-22:28:11-14380,scalar,LoRa.server[3],totalSuccessRate,,,0.75192592592593
LoRaSim-MinimalTopology-0-20240420-22:28:11-14380,scalar,LoRa.server[3],totalSuccessProb,,,0.66892227221713
LoRaSim-MinimalTopology-0-20240420-22:28:11-14380,scalar,LoRa.server[3],duration,,,432000
LoRaSim-MinimalTopology-0-20240420-22:28:11-14380,scalar,LoRa.host[0],numOfHostsPerSF_Server0_SF7,,,204
LoRaSim-MinimalTopology-0-20240420-22:28:11-14380,scalar,LoRa.host[0],numOfHostsPerSF_Server0_SF8,,,93
LoRaSim-MinimalTopology-0-20240420-22:28:11-14380,scalar,LoRa.host[0],numOfHostsPerSF_Server0_SF9,,,135
LoRaSim-MinimalTopology-0-20240420-22:28:11-14380,scalar,LoRa.host[0],numOfHostsPerSF_Server0_SF10,,,171
LoRaSim-MinimalTopology-0-20240420-22:28:11-14380,scalar,LoRa.host[0],numOfHostsPerSF_Server0_SF11,,,124
LoRaSim-MinimalTopology-0-20240420-22:28:11-14380,scalar,LoRa.host[0],numOfHostsPerSF_Server0_SF12,,,30
LoRaSim-MinimalTopology-0-20240420-22:28:11-14380,scalar,LoRa.host[0],numOfHostsPerSF_Server1_SF7,,,202
LoRaSim-MinimalTopology-0-20240420-22:28:11-14380,scalar,LoRa.host[0],numOfHostsPerSF_Server1_SF8,,,105
LoRaSim-MinimalTopology-0-20240420-22:28:11-14380,scalar,LoRa.host[0],numOfHostsPerSF_Server1_SF9,,,119
LoRaSim-MinimalTopology-0-20240420-22:28:11-14380,scalar,LoRa.host[0],numOfHostsPerSF_Server1_SF10,,,181
LoRaSim-MinimalTopology-0-20240420-22:28:11-14380,scalar,LoRa.host[0],numOfHostsPerSF_Server1_SF11,,,136
LoRaSim-MinimalTopology-0-20240420-22:28:11-14380,scalar,LoRa.host[0],numOfHostsPerSF_Server1_SF12,,,30
LoRaSim-MinimalTopology-0-20240420-22:28:11-14380,scalar,LoRa.host[0],numOfHostsPerSF_Server2_SF7,,,204
LoRaSim-MinimalTopology-0-20240420-22:28:11-14380,scalar,LoRa.host[0],numOfHostsPerSF_Server2_SF8,,,82
LoRaSim-MinimalTopology-0-20240420-22:28:11-14380,scalar,LoRa.host[0],numOfHostsPerSF_Server2_SF9,,,116
LoRaSim-MinimalTopology-0-20240420-22:28:11-14380,scalar,LoRa.host[0],numOfHostsPerSF_Server2_SF10,,,169
LoRaSim-MinimalTopology-0-20240420-22:28:11-14380,scalar,LoRa.host[0],numOfHostsPerSF_Server2_SF11,,,130
LoRaSim-MinimalTopology-0-20240420-22:28:11-14380,scalar,LoRa.host[0],numOfHostsPerSF_Server2_SF12,,,33
LoRaSim-MinimalTopology-0-20240420-22:28:11-14380,scalar,LoRa.host[0],numOfHostsPerSF_Server3_SF7,,,192
LoRaSim-MinimalTopology-0-20240420-22:28:11-14380,scalar,LoRa.host[0],numOfHostsPerSF_Server3_SF8,,,83
LoRaSim-MinimalTopology-0-20240420-22:28:11-14380,scalar,LoRa.host[0],numOfHostsPerSF_Server3_SF9,,,128
LoRaSim-MinimalTopology-0-20240420-22:28:11-14380,scalar,LoRa.host[0],numOfHostsPerSF_Server3_SF10,,,184
LoRaSim-MinimalTopology-0-20240420-22:28:11-14380,scalar,LoRa.host[0],numOfHostsPerSF_Server3_SF11,,,114
LoRaSim-MinimalTopology-0-20240420-22:28:11-14380,scalar,LoRa.host[0],numOfHostsPerSF_Server3_SF12,,,35
LoRaSim-MinimalTopology-0-20240420-22:28:11-14380,scalar,_runattrs_,M,,,4
LoRaSim-MinimalTopology-0-20240420-22:28:11-14380,scalar,_runattrs_,N,,,3000
