run,type,module,name,attrname,attrvalue,value
LoRaSim-MinimalTopology-0-20240420-20:49:00-1404,runattr,,,configname,LoRaSim-MinimalTopology,
LoRaSim-MinimalTopology-0-20240420-20:49:00-1404,runattr,,,datetime,20240420-20:49:00,
LoRaSim-MinimalTopology-0-20240420-20:49:00-1404,runattr,,,experiment,LoRaSim-MinimalTopology,
LoRaSim-MinimalTopology-0-20240420-20:49:00-1404,runattr,,,inifile,omnetpp.ini,
LoRaSim-MinimalTopology-0-20240420-20:49:00-1404,runattr,,,iterationvars,"$N=4000, $M=1",
LoRaSim-MinimalTopology-0-20240420-20:49:00-1404,runattr,,,iterationvarsf,"N=4000,M=1-",
LoRaSim-MinimalTopology-0-20240420-20:49:00-1404,runattr,,,measurement,"$N=4000, $M=1",
LoRaSim-MinimalTopology-0-20240420-20:49:00-1404,runattr,,,network,LoRa,
LoRaSim-MinimalTopology-0-20240420-20:49:00-1404,runattr,,,processid,1404,
LoRaSim-MinimalTopology-0-20240420-20:49:00-1404,runattr,,,repetition,0,
LoRaSim-MinimalTopology-0-20240420-20:49:00-1404,runattr,,,replication,#0,
LoRaSim-MinimalTopology-0-20240420-20:49:00-1404,runattr,,,resultdir,results,
LoRaSim-MinimalTopology-0-20240420-20:49:00-1404,runattr,,,runnumber,0,
LoRaSim-MinimalTopology-0-20240420-20:49:00-1404,runattr,,,seedset,0,
LoRaSim-MinimalTopology-0-20240420-20:49:00-1404,itervar,,,M,1,
LoRaSim-MinimalTopology-0-20240420-20:49:00-1404,itervar,,,N,4000,
LoRaSim-MinimalTopology-0-20240420-20:49:00-1404,param,,,LoRa.host[*].isBufferingEvents,false,
LoRaSim-MinimalTopology-0-20240420-20:49:00-1404,param,,,LoRa.host[*].addFrameHeader,false,
LoRaSim-MinimalTopology-0-20240420-20:49:00-1404,param,,,LoRa.host[*].nbOfChannels,3,
LoRaSim-MinimalTopology-0-20240420-20:49:00-1404,param,,,LoRa.numHosts,4000,
LoRaSim-MinimalTopology-0-20240420-20:49:00-1404,param,,,LoRa.host[*].iaTime,exponential(600s),
LoRaSim-MinimalTopology-0-20240420-20:49:00-1404,param,,,LoRa.host[*].pkLenBits,160b,
LoRaSim-MinimalTopology-0-20240420-20:49:00-1404,param,,,LoRa.netR,6333.83 m,
LoRaSim-MinimalTopology-0-20240420-20:49:00-1404,param,,,LoRa.server[*].pathlossExp,3,
LoRaSim-MinimalTopology-0-20240420-20:49:00-1404,param,,,LoRa.server[*].BW,125,
LoRaSim-MinimalTopology-0-20240420-20:49:00-1404,param,,,LoRa.numServers,1,
LoRaSim-MinimalTopology-0-20240420-20:49:00-1404,param,,,LoRa.server[0].x,0,
LoRaSim-MinimalTopology-0-20240420-20:49:00-1404,param,,,LoRa.server[0].y,0,
LoRaSim-MinimalTopology-0-20240420-20:49:00-1404,param,,,**.animationHoldTimeOnCollision,0s,
LoRaSim-MinimalTopology-0-20240420-20:49:00-1404,param,,,**.idleAnimationSpeed,1,
LoRaSim-MinimalTopology-0-20240420-20:49:00-1404,param,,,**.transmissionEdgeAnimationSpeed,1e-6,
LoRaSim-MinimalTopology-0-20240420-20:49:00-1404,param,,,**.midTransmissionAnimationSpeed,1e-1,
LoRaSim-MinimalTopology-0-20240420-20:49:00-1404,param,,,LoRa.slotTime,0,
LoRaSim-MinimalTopology-0-20240420-20:49:00-1404,param,,,LoRa.dutyCycleActive,true,
LoRaSim-MinimalTopology-0-20240420-20:49:00-1404,scalar,LoRa.server[0],SF: 7,,,5.8257476851852
LoRaSim-MinimalTopology-0-20240420-20:49:00-1404,scalar,LoRa.server[0],rcvCounter: 7,,,2864027
LoRaSim-MinimalTopology-0-20240420-20:49:00-1404,scalar,LoRa.server[0],noOfCollidedPackets: 7,,,347304
LoRaSim-MinimalTopology-0-20240420-20:49:00-1404,scalar,LoRa.server[0],noOfSuccessPackets: 7,,,2516723
LoRaSim-MinimalTopology-0-20240420-20:49:00-1404,scalar,LoRa.server[0],noOfHostsInSFTier: 7,,,592
LoRaSim-MinimalTopology-0-20240420-20:49:00-1404,scalar,LoRa.server[0],SF: 8,,,0
LoRaSim-MinimalTopology-0-20240420-20:49:00-1404,scalar,LoRa.server[0],rcvCounter: 8,,,0
LoRaSim-MinimalTopology-0-20240420-20:49:00-1404,scalar,LoRa.server[0],noOfCollidedPackets: 8,,,0
LoRaSim-MinimalTopology-0-20240420-20:49:00-1404,scalar,LoRa.server[0],noOfSuccessPackets: 8,,,0
LoRaSim-MinimalTopology-0-20240420-20:49:00-1404,scalar,LoRa.server[0],noOfHostsInSFTier: 8,,,262
LoRaSim-MinimalTopology-0-20240420-20:49:00-1404,scalar,LoRa.server[0],SF: 9,,,0
LoRaSim-MinimalTopology-0-20240420-20:49:00-1404,scalar,LoRa.server[0],rcvCounter: 9,,,0
LoRaSim-MinimalTopology-0-20240420-20:49:00-1404,scalar,LoRa.server[0],noOfCollidedPackets: 9,,,0
LoRaSim-MinimalTopology-0-20240420-20:49:00-1404,scalar,LoRa.server[0],noOfSuccessPackets: 9,,,0
LoRaSim-MinimalTopology-0-20240420-20:49:00-1404,scalar,LoRa.server[0],noOfHostsInSFTier: 9,,,429
LoRaSim-MinimalTopology-0-20240420-20:49:00-1404,scalar,LoRa.server[0],SF: 10,,,0
LoRaSim-MinimalTopology-0-20240420-20:49:00-1404,scalar,LoRa.server[0],rcvCounter: 10,,,0
LoRaSim-MinimalTopology-0-20240420-20:49:00-1404,scalar,LoRa.server[0],noOfCollidedPackets: 10,,,0
LoRaSim-MinimalTopology-0-20240420-20:49:00-1404,scalar,LoRa.server[0],noOfSuccessPackets: 10,,,0
LoRaSim-MinimalTopology-0-20240420-20:49:00-1404,scalar,LoRa.server[0],noOfHostsInSFTier: 10,,,623
LoRaSim-MinimalTopology-0-20240420-20:49:00-1404,scalar,LoRa.server[0],SF: 11,,,0
LoRaSim-MinimalTopology-0-20240420-20:49:00-1404,scalar,LoRa.server[0],rcvCounter: 11,,,0
LoRaSim-MinimalTopology-0-20240420-20:49:00-1404,scalar,LoRa.server[0],noOfCollidedPackets: 11,,,0
LoRaSim-MinimalTopology-0-20240420-20:49:00-1404,scalar,LoRa.server[0],noOfSuccessPackets: 11,,,0
LoRaSim-MinimalTopology-0-20240420-20:49:00-1404,scalar,LoRa.server[0],noOfHostsInSFTier: 11,,,801
LoRaSim-MinimalTopology-0-20240420-20:49:00-1404,scalar,LoRa.server[0],SF: 12,,,0
LoRaSim-MinimalTopology-0-20240420-20:49:00-1404,scalar,LoRa.server[0],rcvCounter: 12,,,0
LoRaSim-MinimalTopology-0-20240420-20:49:00-1404,scalar,LoRa.server[0],noOfCollidedPackets: 12,,,0
LoRaSim-MinimalTopology-0-20240420-20:49:00-1404,scalar,LoRa.server[0],noOfSuccessPackets: 12,,,0
LoRaSim-MinimalTopology-0-20240420-20:49:00-1404,scalar,LoRa.server[0],noOfHostsInSFTier: 12,,,1289
LoRaSim-MinimalTopology-0-20240420-20:49:00-1404,scalar,LoRa.server[0],totalSuccessRate,,,5.8257476851852
LoRaSim-MinimalTopology-0-20240420-20:49:00-1404,scalar,LoRa.server[0],totalSuccessProb,,,0.8787357800747
LoRaSim-MinimalTopology-0-20240420-20:49:00-1404,scalar,LoRa.server[0],duration,,,432000
LoRaSim-MinimalTopology-0-20240420-20:49:00-1404,scalar,LoRa.host[0],numOfHostsPerSF_Server0_SF7,,,592
LoRaSim-MinimalTopology-0-20240420-20:49:00-1404,scalar,LoRa.host[0],numOfHostsPerSF_Server0_SF8,,,262
LoRaSim-MinimalTopology-0-20240420-20:49:00-1404,scalar,LoRa.host[0],numOfHostsPerSF_Server0_SF9,,,429
LoRaSim-MinimalTopology-0-20240420-20:49:00-1404,scalar,LoRa.host[0],numOfHostsPerSF_Server0_SF10,,,623
LoRaSim-MinimalTopology-0-20240420-20:49:00-1404,scalar,LoRa.host[0],numOfHostsPerSF_Server0_SF11,,,801
LoRaSim-MinimalTopology-0-20240420-20:49:00-1404,scalar,LoRa.host[0],numOfHostsPerSF_Server0_SF12,,,1293
LoRaSim-MinimalTopology-0-20240420-20:49:00-1404,scalar,_runattrs_,M,,,1
LoRaSim-MinimalTopology-0-20240420-20:49:00-1404,scalar,_runattrs_,N,,,4000
