run,type,module,name,attrname,attrvalue,value
LoRaSim-MinimalTopology-0-20240420-20:45:58-1504,runattr,,,configname,LoRaSim-MinimalTopology,
LoRaSim-MinimalTopology-0-20240420-20:45:58-1504,runattr,,,datetime,20240420-20:45:58,
LoRaSim-MinimalTopology-0-20240420-20:45:58-1504,runattr,,,experiment,LoRaSim-MinimalTopology,
LoRaSim-MinimalTopology-0-20240420-20:45:58-1504,runattr,,,inifile,omnetpp.ini,
LoRaSim-MinimalTopology-0-20240420-20:45:58-1504,runattr,,,iterationvars,"$N=2000, $M=1",
LoRaSim-MinimalTopology-0-20240420-20:45:58-1504,runattr,,,iterationvarsf,"N=2000,M=1-",
LoRaSim-MinimalTopology-0-20240420-20:45:58-1504,runattr,,,measurement,"$N=2000, $M=1",
LoRaSim-MinimalTopology-0-20240420-20:45:58-1504,runattr,,,network,LoRa,
LoRaSim-MinimalTopology-0-20240420-20:45:58-1504,runattr,,,processid,1504,
LoRaSim-MinimalTopology-0-20240420-20:45:58-1504,runattr,,,repetition,0,
LoRaSim-MinimalTopology-0-20240420-20:45:58-1504,runattr,,,replication,#0,
LoRaSim-MinimalTopology-0-20240420-20:45:58-1504,runattr,,,resultdir,results,
LoRaSim-MinimalTopology-0-20240420-20:45:58-1504,runattr,,,runnumber,0,
LoRaSim-MinimalTopology-0-20240420-20:45:58-1504,runattr,,,seedset,0,
LoRaSim-MinimalTopology-0-20240420-20:45:58-1504,itervar,,,M,1,
LoRaSim-MinimalTopology-0-20240420-20:45:58-1504,itervar,,,N,2000,
LoRaSim-MinimalTopology-0-20240420-20:45:58-1504,param,,,LoRa.host[*].isBufferingEvents,false,
LoRaSim-MinimalTopology-0-20240420-20:45:58-1504,param,,,LoRa.host[*].addFrameHeader,false,
LoRaSim-MinimalTopology-0-20240420-20:45:58-1504,param,,,LoRa.host[*].nbOfChannels,3,
LoRaSim-MinimalTopology-0-20240420-20:45:58-1504,param,,,LoRa.numHosts,2000,
LoRaSim-MinimalTopology-0-20240420-20:45:58-1504,param,,,LoRa.host[*].iaTime,exponential(600s),
LoRaSim-MinimalTopology-0-20240420-20:45:58-1504,param,,,LoRa.host[*].pkLenBits,160b,
LoRaSim-MinimalTopology-0-20240420-20:45:58-1504,param,,,LoRa.netR,6333.83 m,
LoRaSim-MinimalTopology-0-20240420-20:45:58-1504,param,,,LoRa.server[*].pathlossExp,3,
LoRaSim-MinimalTopology-0-20240420-20:45:58-1504,param,,,LoRa.server[*].BW,125,
LoRaSim-MinimalTopology-0-20240420-20:45:58-1504,param,,,LoRa.numServers,1,
LoRaSim-MinimalTopology-0-20240420-20:45:58-1504,param,,,LoRa.server[0].x,0,
LoRaSim-MinimalTopology-0-20240420-20:45:58-1504,param,,,LoRa.server[0].y,0,
LoRaSim-MinimalTopology-0-20240420-20:45:58-1504,param,,,**.animationHoldTimeOnCollision,0s,
LoRaSim-MinimalTopology-0-20240420-20:45:58-1504,param,,,**.idleAnimationSpeed,1,
LoRaSim-MinimalTopology-0-20240420-20:45:58-1504,param,,,**.transmissionEdgeAnimationSpeed,1e-6,
LoRaSim-MinimalTopology-0-20240420-20:45:58-1504,param,,,**.midTransmissionAnimationSpeed,1e-1,
LoRaSim-MinimalTopology-0-20240420-20:45:58-1504,param,,,LoRa.slotTime,0,
LoRaSim-MinimalTopology-0-20240420-20:45:58-1504,param,,,LoRa.dutyCycleActive,true,
LoRaSim-MinimalTopology-0-20240420-20:45:58-1504,scalar,LoRa.server[0],SF: 7,,,3.1026527777778
LoRaSim-MinimalTopology-0-20240420-20:45:58-1504,scalar,LoRa.server[0],rcvCounter: 7,,,1430114
LoRaSim-MinimalTopology-0-20240420-20:45:58-1504,scalar,LoRa.server[0],noOfCollidedPackets: 7,,,89768
LoRaSim-MinimalTopology-0-20240420-20:45:58-1504,scalar,LoRa.server[0],noOfSuccessPackets: 7,,,1340346
LoRaSim-MinimalTopology-0-20240420-20:45:58-1504,scalar,LoRa.server[0],noOfHostsInSFTier: 7,,,305
LoRaSim-MinimalTopology-0-20240420-20:45:58-1504,scalar,LoRa.server[0],SF: 8,,,0
LoRaSim-MinimalTopology-0-20240420-20:45:58-1504,scalar,LoRa.server[0],rcvCounter: 8,,,0
LoRaSim-MinimalTopology-0-20240420-20:45:58-1504,scalar,LoRa.server[0],noOfCollidedPackets: 8,,,0
LoRaSim-MinimalTopology-0-20240420-20:45:58-1504,scalar,LoRa.server[0],noOfSuccessPackets: 8,,,0
LoRaSim-MinimalTopology-0-20240420-20:45:58-1504,scalar,LoRa.server[0],noOfHostsInSFTier: 8,,,131
LoRaSim-MinimalTopology-0-20240420-20:45:58-1504,scalar,LoRa.server[0],SF: 9,,,0
LoRaSim-MinimalTopology-0-20240420-20:45:58-1504,scalar,LoRa.server[0],rcvCounter: 9,,,0
LoRaSim-MinimalTopology-0-20240420-20:45:58-1504,scalar,LoRa.server[0],noOfCollidedPackets: 9,,,0
LoRaSim-MinimalTopology-0-20240420-20:45:58-1504,scalar,LoRa.server[0],noOfSuccessPackets: 9,,,0
LoRaSim-MinimalTopology-0-20240420-20:45:58-1504,scalar,LoRa.server[0],noOfHostsInSFTier: 9,,,204
LoRaSim-MinimalTopology-0-20240420-20:45:58-1504,scalar,LoRa.server[0],SF: 10,,,0
LoRaSim-MinimalTopology-0-20240420-20:45:58-1504,scalar,LoRa.server[0],rcvCounter: 10,,,0
LoRaSim-MinimalTopology-0-20240420-20:45:58-1504,scalar,LoRa.server[0],noOfCollidedPackets: 10,,,0
LoRaSim-MinimalTopology-0-20240420-20:45:58-1504,scalar,LoRa.server[0],noOfSuccessPackets: 10,,,0
LoRaSim-MinimalTopology-0-20240420-20:45:58-1504,scalar,LoRa.server[0],noOfHostsInSFTier: 10,,,301
LoRaSim-MinimalTopology-0-20240420-20:45:58-1504,scalar,LoRa.server[0],SF: 11,,,0
LoRaSim-MinimalTopology-0-20240420-20:45:58-1504,scalar,LoRa.server[0],rcvCounter: 11,,,0
LoRaSim-MinimalTopology-0-20240420-20:45:58-1504,scalar,LoRa.server[0],noOfCollidedPackets: 11,,,0
LoRaSim-MinimalTopology-0-20240420-20:45:58-1504,scalar,LoRa.server[0],noOfSuccessPackets: 11,,,0
LoRaSim-MinimalTopology-0-20240420-20:45:58-1504,scalar,LoRa.server[0],noOfHostsInSFTier: 11,,,391
LoRaSim-MinimalTopology-0-20240420-20:45:58-1504,scalar,LoRa.server[0],SF: 12,,,0
LoRaSim-MinimalTopology-0-20240420-20:45:58-1504,scalar,LoRa.server[0],rcvCounter: 12,,,0
LoRaSim-MinimalTopology-0-20240420-20:45:58-1504,scalar,LoRa.server[0],noOfCollidedPackets: 12,,,0
LoRaSim-MinimalTopology-0-20240420-20:45:58-1504,scalar,LoRa.server[0],noOfSuccessPackets: 12,,,0
LoRaSim-MinimalTopology-0-20240420-20:45:58-1504,scalar,LoRa.server[0],noOfHostsInSFTier: 12,,,667
LoRaSim-MinimalTopology-0-20240420-20:45:58-1504,scalar,LoRa.server[0],totalSuccessRate,,,3.1026527777778
LoRaSim-MinimalTopology-0-20240420-20:45:58-1504,scalar,LoRa.server[0],totalSuccessProb,,,0.93723017885287
LoRaSim-MinimalTopology-0-20240420-20:45:58-1504,scalar,LoRa.server[0],duration,,,432000
LoRaSim-MinimalTopology-0-20240420-20:45:58-1504,scalar,LoRa.host[0],numOfHostsPerSF_Server0_SF7,,,305
LoRaSim-MinimalTopology-0-20240420-20:45:58-1504,scalar,LoRa.host[0],numOfHostsPerSF_Server0_SF8,,,131
LoRaSim-MinimalTopology-0-20240420-20:45:58-1504,scalar,LoRa.host[0],numOfHostsPerSF_Server0_SF9,,,204
LoRaSim-MinimalTopology-0-20240420-20:45:58-1504,scalar,LoRa.host[0],numOfHostsPerSF_Server0_SF10,,,301
LoRaSim-MinimalTopology-0-20240420-20:45:58-1504,scalar,LoRa.host[0],numOfHostsPerSF_Server0_SF11,,,391
LoRaSim-MinimalTopology-0-20240420-20:45:58-1504,scalar,LoRa.host[0],numOfHostsPerSF_Server0_SF12,,,668
LoRaSim-MinimalTopology-0-20240420-20:45:58-1504,scalar,_runattrs_,M,,,1
LoRaSim-MinimalTopology-0-20240420-20:45:58-1504,scalar,_runattrs_,N,,,2000
