run,type,module,name,attrname,attrvalue,value
LoRaSim-MinimalTopology-0-20240420-20:47:07-12996,runattr,,,configname,LoRaSim-MinimalTopology,
LoRaSim-MinimalTopology-0-20240420-20:47:07-12996,runattr,,,datetime,20240420-20:47:07,
LoRaSim-MinimalTopology-0-20240420-20:47:07-12996,runattr,,,experiment,LoRaSim-MinimalTopology,
LoRaSim-MinimalTopology-0-20240420-20:47:07-12996,runattr,,,inifile,omnetpp.ini,
LoRaSim-MinimalTopology-0-20240420-20:47:07-12996,runattr,,,iterationvars,"$N=3000, $M=1",
LoRaSim-MinimalTopology-0-20240420-20:47:07-12996,runattr,,,iterationvarsf,"N=3000,M=1-",
LoRaSim-MinimalTopology-0-20240420-20:47:07-12996,runattr,,,measurement,"$N=3000, $M=1",
LoRaSim-MinimalTopology-0-20240420-20:47:07-12996,runattr,,,network,LoRa,
LoRaSim-MinimalTopology-0-20240420-20:47:07-12996,runattr,,,processid,12996,
LoRaSim-MinimalTopology-0-20240420-20:47:07-12996,runattr,,,repetition,0,
LoRaSim-MinimalTopology-0-20240420-20:47:07-12996,runattr,,,replication,#0,
LoRaSim-MinimalTopology-0-20240420-20:47:07-12996,runattr,,,resultdir,results,
LoRaSim-MinimalTopology-0-20240420-20:47:07-12996,runattr,,,runnumber,0,
LoRaSim-MinimalTopology-0-20240420-20:47:07-12996,runattr,,,seedset,0,
LoRaSim-MinimalTopology-0-20240420-20:47:07-12996,itervar,,,M,1,
LoRaSim-MinimalTopology-0-20240420-20:47:07-12996,itervar,,,N,3000,
LoRaSim-MinimalTopology-0-20240420-20:47:07-12996,param,,,LoRa.host[*].isBufferingEvents,false,
LoRaSim-MinimalTopology-0-20240420-20:47:07-12996,param,,,LoRa.host[*].addFrameHeader,false,
LoRaSim-MinimalTopology-0-20240420-20:47:07-12996,param,,,LoRa.host[*].nbOfChannels,3,
LoRaSim-MinimalTopology-0-20240420-20:47:07-12996,param,,,LoRa.numHosts,3000,
LoRaSim-MinimalTopology-0-20240420-20:47:07-12996,param,,,LoRa.host[*].iaTime,exponential(600s),
LoRaSim-MinimalTopology-0-20240420-20:47:07-12996,param,,,LoRa.host[*].pkLenBits,160b,
LoRaSim-MinimalTopology-0-20240420-20:47:07-12996,param,,,LoRa.netR,6333.83 m,
LoRaSim-MinimalTopology-0-20240420-20:47:07-12996,param,,,LoRa.server[*].pathlossExp,3,
LoRaSim-MinimalTopology-0-20240420-20:47:07-12996,param,,,LoRa.server[*].BW,125,
LoRaSim-MinimalTopology-0-20240420-20:47:07-12996,param,,,LoRa.numServers,1,
LoRaSim-MinimalTopology-0-20240420-20:47:07-12996,param,,,LoRa.server[0].x,0,
LoRaSim-MinimalTopology-0-20240420-20:47:07-12996,param,,,LoRa.server[0].y,0,
LoRaSim-MinimalTopology-0-20240420-20:47:07-12996,param,,,**.animationHoldTimeOnCollision,0s,
LoRaSim-MinimalTopology-0-20240420-20:47:07-12996,param,,,**.idleAnimationSpeed,1,
LoRaSim-MinimalTopology-0-20240420-20:47:07-12996,param,,,**.transmissionEdgeAnimationSpeed,1e-6,
LoRaSim-MinimalTopology-0-20240420-20:47:07-12996,param,,,**.midTransmissionAnimationSpeed,1e-1,
LoRaSim-MinimalTopology-0-20240420-20:47:07-12996,param,,,LoRa.slotTime,0,
LoRaSim-MinimalTopology-0-20240420-20:47:07-12996,param,,,LoRa.dutyCycleActive,true,
LoRaSim-MinimalTopology-0-20240420-20:47:07-12996,scalar,LoRa.server[0],SF: 7,,,4.5152361111111
LoRaSim-MinimalTopology-0-20240420-20:47:07-12996,scalar,LoRa.server[0],rcvCounter: 7,,,2149375
LoRaSim-MinimalTopology-0-20240420-20:47:07-12996,scalar,LoRa.server[0],noOfCollidedPackets: 7,,,198793
LoRaSim-MinimalTopology-0-20240420-20:47:07-12996,scalar,LoRa.server[0],noOfSuccessPackets: 7,,,1950582
LoRaSim-MinimalTopology-0-20240420-20:47:07-12996,scalar,LoRa.server[0],noOfHostsInSFTier: 7,,,446
LoRaSim-MinimalTopology-0-20240420-20:47:07-12996,scalar,LoRa.server[0],SF: 8,,,0
LoRaSim-MinimalTopology-0-20240420-20:47:07-12996,scalar,LoRa.server[0],rcvCounter: 8,,,0
LoRaSim-MinimalTopology-0-20240420-20:47:07-12996,scalar,LoRa.server[0],noOfCollidedPackets: 8,,,0
LoRaSim-MinimalTopology-0-20240420-20:47:07-12996,scalar,LoRa.server[0],noOfSuccessPackets: 8,,,0
LoRaSim-MinimalTopology-0-20240420-20:47:07-12996,scalar,LoRa.server[0],noOfHostsInSFTier: 8,,,182
LoRaSim-MinimalTopology-0-20240420-20:47:07-12996,scalar,LoRa.server[0],SF: 9,,,0
LoRaSim-MinimalTopology-0-20240420-20:47:07-12996,scalar,LoRa.server[0],rcvCounter: 9,,,0
LoRaSim-MinimalTopology-0-20240420-20:47:07-12996,scalar,LoRa.server[0],noOfCollidedPackets: 9,,,0
LoRaSim-MinimalTopology-0-20240420-20:47:07-12996,scalar,LoRa.server[0],noOfSuccessPackets: 9,,,0
LoRaSim-MinimalTopology-0-20240420-20:47:07-12996,scalar,LoRa.server[0],noOfHostsInSFTier: 9,,,317
LoRaSim-MinimalTopology-0-20240420-20:47:07-12996,scalar,LoRa.server[0],SF: 10,,,0
LoRaSim-MinimalTopology-0-20240420-20:47:07-12996,scalar,LoRa.server[0],rcvCounter: 10,,,0
LoRaSim-MinimalTopology-0-20240420-20:47:07-12996,scalar,LoRa.server[0],noOfCollidedPackets: 10,,,0
LoRaSim-MinimalTopology-0-20240420-20:47:07-12996,scalar,LoRa.server[0],noOfSuccessPackets: 10,,,0
LoRaSim-MinimalTopology-0-20240420-20:47:07-12996,scalar,LoRa.server[0],noOfHostsInSFTier: 10,,,459
LoRaSim-MinimalTopology-0-20240420-20:47:07-12996,scalar,LoRa.server[0],SF: 11,,,0
LoRaSim-MinimalTopology-0-20240420-20:47:07-12996,scalar,LoRa.server[0],rcvCounter: 11,,,0
LoRaSim-MinimalTopology-0-20240420-20:47:07-12996,scalar,LoRa.server[0],noOfCollidedPackets: 11,,,0
LoRaSim-MinimalTopology-0-20240420-20:47:07-12996,scalar,LoRa.server[0],noOfSuccessPackets: 11,,,0
LoRaSim-MinimalTopology-0-20240420-20:47:07-12996,scalar,LoRa.server[0],noOfHostsInSFTier: 11,,,602
LoRaSim-MinimalTopology-0-20240420-20:47:07-12996,scalar,LoRa.server[0],SF: 12,,,0
LoRaSim-MinimalTopology-0-20240420-20:47:07-12996,scalar,LoRa.server[0],rcvCounter: 12,,,0
LoRaSim-MinimalTopology-0-20240420-20:47:07-12996,scalar,LoRa.server[0],noOfCollidedPackets: 12,,,0
LoRaSim-MinimalTopology-0-20240420-20:47:07-12996,scalar,LoRa.server[0],noOfSuccessPackets: 12,,,0
LoRaSim-MinimalTopology-0-20240420-20:47:07-12996,scalar,LoRa.server[0],noOfHostsInSFTier: 12,,,991
LoRaSim-MinimalTopology-0-20240420-20:47:07-12996,scalar,LoRa.server[0],totalSuccessRate,,,4.5152361111111
LoRaSim-MinimalTopology-0-20240420-20:47:07-12996,scalar,LoRa.server[0],totalSuccessProb,,,0.9075112532713
LoRaSim-MinimalTopology-0-20240420-20:47:07-12996,scalar,LoRa.server[0],duration,,,432000
LoRaSim-MinimalTopology-0-20240420-20:47:07-12996,scalar,LoRa.host[0],numOfHostsPerSF_Server0_SF7,,,446
LoRaSim-MinimalTopology-0-20240420-20:47:07-12996,scalar,LoRa.host[0],numOfHostsPerSF_Server0_SF8,,,182
LoRaSim-MinimalTopology-0-20240420-20:47:07-12996,scalar,LoRa.host[0],numOfHostsPerSF_Server0_SF9,,,317
LoRaSim-MinimalTopology-0-20240420-20:47:07-12996,scalar,LoRa.host[0],numOfHostsPerSF_Server0_SF10,,,459
LoRaSim-MinimalTopology-0-20240420-20:47:07-12996,scalar,LoRa.host[0],numOfHostsPerSF_Server0_SF11,,,602
LoRaSim-MinimalTopology-0-20240420-20:47:07-12996,scalar,LoRa.host[0],numOfHostsPerSF_Server0_SF12,,,994
LoRaSim-MinimalTopology-0-20240420-20:47:07-12996,scalar,_runattrs_,M,,,1
LoRaSim-MinimalTopology-0-20240420-20:47:07-12996,scalar,_runattrs_,N,,,3000
