run,type,module,name,attrname,attrvalue,value
LoRaSim-MinimalTopology-0-20240420-20:51:38-9148,runattr,,,configname,LoRaSim-MinimalTopology,
LoRaSim-MinimalTopology-0-20240420-20:51:38-9148,runattr,,,datetime,20240420-20:51:38,
LoRaSim-MinimalTopology-0-20240420-20:51:38-9148,runattr,,,experiment,LoRaSim-MinimalTopology,
LoRaSim-MinimalTopology-0-20240420-20:51:38-9148,runattr,,,inifile,omnetpp.ini,
LoRaSim-MinimalTopology-0-20240420-20:51:38-9148,runattr,,,iterationvars,"$N=5000, $M=1",
LoRaSim-MinimalTopology-0-20240420-20:51:38-9148,runattr,,,iterationvarsf,"N=5000,M=1-",
LoRaSim-MinimalTopology-0-20240420-20:51:38-9148,runattr,,,measurement,"$N=5000, $M=1",
LoRaSim-MinimalTopology-0-20240420-20:51:38-9148,runattr,,,network,LoRa,
LoRaSim-MinimalTopology-0-20240420-20:51:38-9148,runattr,,,processid,9148,
LoRaSim-MinimalTopology-0-20240420-20:51:38-9148,runattr,,,repetition,0,
LoRaSim-MinimalTopology-0-20240420-20:51:38-9148,runattr,,,replication,#0,
LoRaSim-MinimalTopology-0-20240420-20:51:38-9148,runattr,,,resultdir,results,
LoRaSim-MinimalTopology-0-20240420-20:51:38-9148,runattr,,,runnumber,0,
LoRaSim-MinimalTopology-0-20240420-20:51:38-9148,runattr,,,seedset,0,
LoRaSim-MinimalTopology-0-20240420-20:51:38-9148,itervar,,,M,1,
LoRaSim-MinimalTopology-0-20240420-20:51:38-9148,itervar,,,N,5000,
LoRaSim-MinimalTopology-0-20240420-20:51:38-9148,param,,,LoRa.host[*].isBufferingEvents,false,
LoRaSim-MinimalTopology-0-20240420-20:51:38-9148,param,,,LoRa.host[*].addFrameHeader,false,
LoRaSim-MinimalTopology-0-20240420-20:51:38-9148,param,,,LoRa.host[*].nbOfChannels,3,
LoRaSim-MinimalTopology-0-20240420-20:51:38-9148,param,,,LoRa.numHosts,5000,
LoRaSim-MinimalTopology-0-20240420-20:51:38-9148,param,,,LoRa.host[*].iaTime,exponential(600s),
LoRaSim-MinimalTopology-0-20240420-20:51:38-9148,param,,,LoRa.host[*].pkLenBits,160b,
LoRaSim-MinimalTopology-0-20240420-20:51:38-9148,param,,,LoRa.netR,6333.83 m,
LoRaSim-MinimalTopology-0-20240420-20:51:38-9148,param,,,LoRa.server[*].pathlossExp,3,
LoRaSim-MinimalTopology-0-20240420-20:51:38-9148,param,,,LoRa.server[*].BW,125,
LoRaSim-MinimalTopology-0-20240420-20:51:38-9148,param,,,LoRa.numServers,1,
LoRaSim-MinimalTopology-0-20240420-20:51:38-9148,param,,,LoRa.server[0].x,0,
LoRaSim-MinimalTopology-0-20240420-20:51:38-9148,param,,,LoRa.server[0].y,0,
LoRaSim-MinimalTopology-0-20240420-20:51:38-9148,param,,,**.animationHoldTimeOnCollision,0s,
LoRaSim-MinimalTopology-0-20240420-20:51:38-9148,param,,,**.idleAnimationSpeed,1,
LoRaSim-MinimalTopology-0-20240420-20:51:38-9148,param,,,**.transmissionEdgeAnimationSpeed,1e-6,
LoRaSim-MinimalTopology-0-20240420-20:51:38-9148,param,,,**.midTransmissionAnimationSpeed,1e-1,
LoRaSim-MinimalTopology-0-20240420-20:51:38-9148,param,,,LoRa.slotTime,0,
LoRaSim-MinimalTopology-0-20240420-20:51:38-9148,param,,,LoRa.dutyCycleActive,true,
LoRaSim-MinimalTopology-0-20240420-20:51:38-9148,scalar,LoRa.server[0],SF: 7,,,7.056474537037
LoRaSim-MinimalTopology-0-20240420-20:51:38-9148,scalar,LoRa.server[0],rcvCounter: 7,,,3580898
LoRaSim-MinimalTopology-0-20240420-20:51:38-9148,scalar,LoRa.server[0],noOfCollidedPackets: 7,,,532501
LoRaSim-MinimalTopology-0-20240420-20:51:38-9148,scalar,LoRa.server[0],noOfSuccessPackets: 7,,,3048397
LoRaSim-MinimalTopology-0-20240420-20:51:38-9148,scalar,LoRa.server[0],noOfHostsInSFTier: 7,,,739
LoRaSim-MinimalTopology-0-20240420-20:51:38-9148,scalar,LoRa.server[0],SF: 8,,,0
LoRaSim-MinimalTopology-0-20240420-20:51:38-9148,scalar,LoRa.server[0],rcvCounter: 8,,,0
LoRaSim-MinimalTopology-0-20240420-20:51:38-9148,scalar,LoRa.server[0],noOfCollidedPackets: 8,,,0
LoRaSim-MinimalTopology-0-20240420-20:51:38-9148,scalar,LoRa.server[0],noOfSuccessPackets: 8,,,0
LoRaSim-MinimalTopology-0-20240420-20:51:38-9148,scalar,LoRa.server[0],noOfHostsInSFTier: 8,,,331
LoRaSim-MinimalTopology-0-20240420-20:51:38-9148,scalar,LoRa.server[0],SF: 9,,,0
LoRaSim-MinimalTopology-0-20240420-20:51:38-9148,scalar,LoRa.server[0],rcvCounter: 9,,,0
LoRaSim-MinimalTopology-0-20240420-20:51:38-9148,scalar,LoRa.server[0],noOfCollidedPackets: 9,,,0
LoRaSim-MinimalTopology-0-20240420-20:51:38-9148,scalar,LoRa.server[0],noOfSuccessPackets: 9,,,0
LoRaSim-MinimalTopology-0-20240420-20:51:38-9148,scalar,LoRa.server[0],noOfHostsInSFTier: 9,,,539
LoRaSim-MinimalTopology-0-20240420-20:51:38-9148,scalar,LoRa.server[0],SF: 10,,,0
LoRaSim-MinimalTopology-0-20240420-20:51:38-9148,scalar,LoRa.server[0],rcvCounter: 10,,,0
LoRaSim-MinimalTopology-0-20240420-20:51:38-9148,scalar,LoRa.server[0],noOfCollidedPackets: 10,,,0
LoRaSim-MinimalTopology-0-20240420-20:51:38-9148,scalar,LoRa.server[0],noOfSuccessPackets: 10,,,0
LoRaSim-MinimalTopology-0-20240420-20:51:38-9148,scalar,LoRa.server[0],noOfHostsInSFTier: 10,,,767
LoRaSim-MinimalTopology-0-20240420-20:51:38-9148,scalar,LoRa.server[0],SF: 11,,,0
LoRaSim-MinimalTopology-0-20240420-20:51:38-9148,scalar,LoRa.server[0],rcvCounter: 11,,,0
LoRaSim-MinimalTopology-0-20240420-20:51:38-9148,scalar,LoRa.server[0],noOfCollidedPackets: 11,,,0
LoRaSim-MinimalTopology-0-20240420-20:51:38-9148,scalar,LoRa.server[0],noOfSuccessPackets: 11,,,0
LoRaSim-MinimalTopology-0-20240420-20:51:38-9148,scalar,LoRa.server[0],noOfHostsInSFTier: 11,,,1043
LoRaSim-MinimalTopology-0-20240420-20:51:38-9148,scalar,LoRa.server[0],SF: 12,,,0
LoRaSim-MinimalTopology-0-20240420-20:51:38-9148,scalar,LoRa.server[0],rcvCounter: 12,,,0
LoRaSim-MinimalTopology-0-20240420-20:51:38-9148,scalar,LoRa.server[0],noOfCollidedPackets: 12,,,0
LoRaSim-MinimalTopology-0-20240420-20:51:38-9148,scalar,LoRa.server[0],noOfSuccessPackets: 12,,,0
LoRaSim-MinimalTopology-0-20240420-20:51:38-9148,scalar,LoRa.server[0],noOfHostsInSFTier: 12,,,1577
LoRaSim-MinimalTopology-0-20240420-20:51:38-9148,scalar,LoRa.server[0],totalSuccessRate,,,7.056474537037
LoRaSim-MinimalTopology-0-20240420-20:51:38-9148,scalar,LoRa.server[0],totalSuccessProb,,,0.85129400502332
LoRaSim-MinimalTopology-0-20240420-20:51:38-9148,scalar,LoRa.server[0],duration,,,432000
LoRaSim-MinimalTopology-0-20240420-20:51:38-9148,scalar,LoRa.host[0],numOfHostsPerSF_Server0_SF7,,,739
LoRaSim-MinimalTopology-0-20240420-20:51:38-9148,scalar,LoRa.host[0],numOfHostsPerSF_Server0_SF8,,,331
LoRaSim-MinimalTopology-0-20240420-20:51:38-9148,scalar,LoRa.host[0],numOfHostsPerSF_Server0_SF9,,,539
LoRaSim-MinimalTopology-0-20240420-20:51:38-9148,scalar,LoRa.host[0],numOfHostsPerSF_Server0_SF10,,,767
LoRaSim-MinimalTopology-0-20240420-20:51:38-9148,scalar,LoRa.host[0],numOfHostsPerSF_Server0_SF11,,,1043
LoRaSim-MinimalTopology-0-20240420-20:51:38-9148,scalar,LoRa.host[0],numOfHostsPerSF_Server0_SF12,,,1581
LoRaSim-MinimalTopology-0-20240420-20:51:38-9148,scalar,_runattrs_,M,,,1
LoRaSim-MinimalTopology-0-20240420-20:51:38-9148,scalar,_runattrs_,N,,,5000
