run,type,module,name,attrname,attrvalue,value
LoRaSim-MinimalTopology-0-20240419-23:16:50-13280,runattr,,,configname,LoRaSim-MinimalTopology,
LoRaSim-MinimalTopology-0-20240419-23:16:50-13280,runattr,,,datetime,20240419-23:16:50,
LoRaSim-MinimalTopology-0-20240419-23:16:50-13280,runattr,,,experiment,LoRaSim-MinimalTopology,
LoRaSim-MinimalTopology-0-20240419-23:16:50-13280,runattr,,,inifile,omnetpp.ini,
LoRaSim-MinimalTopology-0-20240419-23:16:50-13280,runattr,,,iterationvars,"$N=1000, $M=1",
LoRaSim-MinimalTopology-0-20240419-23:16:50-13280,runattr,,,iterationvarsf,"N=1000,M=1-",
LoRaSim-MinimalTopology-0-20240419-23:16:50-13280,runattr,,,measurement,"$N=1000, $M=1",
LoRaSim-MinimalTopology-0-20240419-23:16:50-13280,runattr,,,network,LoRa,
LoRaSim-MinimalTopology-0-20240419-23:16:50-13280,runattr,,,processid,13280,
LoRaSim-MinimalTopology-0-20240419-23:16:50-13280,runattr,,,repetition,0,
LoRaSim-MinimalTopology-0-20240419-23:16:50-13280,runattr,,,replication,#0,
LoRaSim-MinimalTopology-0-20240419-23:16:50-13280,runattr,,,resultdir,results,
LoRaSim-MinimalTopology-0-20240419-23:16:50-13280,runattr,,,runnumber,0,
LoRaSim-MinimalTopology-0-20240419-23:16:50-13280,runattr,,,seedset,0,
LoRaSim-MinimalTopology-0-20240419-23:16:50-13280,itervar,,,M,1,
LoRaSim-MinimalTopology-0-20240419-23:16:50-13280,itervar,,,N,1000,
LoRaSim-MinimalTopology-0-20240419-23:16:50-13280,param,,,LoRa.host[*].isBufferingEvents,FALSE,
LoRaSim-MinimalTopology-0-20240419-23:16:50-13280,param,,,LoRa.host[*].addFrameHeader,FALSE,
LoRaSim-MinimalTopology-0-20240419-23:16:50-13280,param,,,LoRa.host[*].nbOfChannels,3,
LoRaSim-MinimalTopology-0-20240419-23:16:50-13280,param,,,LoRa.numHosts,1000,
LoRaSim-MinimalTopology-0-20240419-23:16:50-13280,param,,,LoRa.host[*].iaTime,exponential(600s),
LoRaSim-MinimalTopology-0-20240419-23:16:50-13280,param,,,LoRa.host[*].pkLenBits,160b,
LoRaSim-MinimalTopology-0-20240419-23:16:50-13280,param,,,LoRa.netR,6333.83 m,
LoRaSim-MinimalTopology-0-20240419-23:16:50-13280,param,,,LoRa.server[*].pathlossExp,3,
LoRaSim-MinimalTopology-0-20240419-23:16:50-13280,param,,,LoRa.server[*].BW,125,
LoRaSim-MinimalTopology-0-20240419-23:16:50-13280,param,,,LoRa.numServers,1,
LoRaSim-MinimalTopology-0-20240419-23:16:50-13280,param,,,LoRa.server[0].x,0,
LoRaSim-MinimalTopology-0-20240419-23:16:50-13280,param,,,LoRa.server[0].y,0,
LoRaSim-MinimalTopology-0-20240419-23:16:50-13280,param,,,**.animationHoldTimeOnCollision,0s,
LoRaSim-MinimalTopology-0-20240419-23:16:50-13280,param,,,**.idleAnimationSpeed,1,
LoRaSim-MinimalTopology-0-20240419-23:16:50-13280,param,,,**.transmissionEdgeAnimationSpeed,1.00E-06,
LoRaSim-MinimalTopology-0-20240419-23:16:50-13280,param,,,**.midTransmissionAnimationSpeed,1.00E-01,
LoRaSim-MinimalTopology-0-20240419-23:16:50-13280,param,,,LoRa.slotTime,0,
LoRaSim-MinimalTopology-0-20240419-23:16:50-13280,param,,,LoRa.dutyCycleActive,TRUE,
LoRaSim-MinimalTopology-0-20240419-23:16:50-13280,scalar,LoRa.server[0],SF: 7,,,1.6036875
LoRaSim-MinimalTopology-0-20240419-23:16:50-13280,scalar,LoRa.server[0],rcvCounter: 7,,,715409
LoRaSim-MinimalTopology-0-20240419-23:16:50-13280,scalar,LoRa.server[0],noOfCollidedPackets: 7,,,22616
LoRaSim-MinimalTopology-0-20240419-23:16:50-13280,scalar,LoRa.server[0],noOfSuccessPackets: 7,,,692793
LoRaSim-MinimalTopology-0-20240419-23:16:50-13280,scalar,LoRa.server[0],noOfHostsInSFTier: 7,,,148
LoRaSim-MinimalTopology-0-20240419-23:16:50-13280,scalar,LoRa.server[0],SF: 8,,,0
LoRaSim-MinimalTopology-0-20240419-23:16:50-13280,scalar,LoRa.server[0],rcvCounter: 8,,,0
LoRaSim-MinimalTopology-0-20240419-23:16:50-13280,scalar,LoRa.server[0],noOfCollidedPackets: 8,,,0
LoRaSim-MinimalTopology-0-20240419-23:16:50-13280,scalar,LoRa.server[0],noOfSuccessPackets: 8,,,0
LoRaSim-MinimalTopology-0-20240419-23:16:50-13280,scalar,LoRa.server[0],noOfHostsInSFTier: 8,,,64
LoRaSim-MinimalTopology-0-20240419-23:16:50-13280,scalar,LoRa.server[0],SF: 9,,,0
LoRaSim-MinimalTopology-0-20240419-23:16:50-13280,scalar,LoRa.server[0],rcvCounter: 9,,,0
LoRaSim-MinimalTopology-0-20240419-23:16:50-13280,scalar,LoRa.server[0],noOfCollidedPackets: 9,,,0
LoRaSim-MinimalTopology-0-20240419-23:16:50-13280,scalar,LoRa.server[0],noOfSuccessPackets: 9,,,0
LoRaSim-MinimalTopology-0-20240419-23:16:50-13280,scalar,LoRa.server[0],noOfHostsInSFTier: 9,,,110
LoRaSim-MinimalTopology-0-20240419-23:16:50-13280,scalar,LoRa.server[0],SF: 10,,,0
LoRaSim-MinimalTopology-0-20240419-23:16:50-13280,scalar,LoRa.server[0],rcvCounter: 10,,,0
LoRaSim-MinimalTopology-0-20240419-23:16:50-13280,scalar,LoRa.server[0],noOfCollidedPackets: 10,,,0
LoRaSim-MinimalTopology-0-20240419-23:16:50-13280,scalar,LoRa.server[0],noOfSuccessPackets: 10,,,0
LoRaSim-MinimalTopology-0-20240419-23:16:50-13280,scalar,LoRa.server[0],noOfHostsInSFTier: 10,,,168
LoRaSim-MinimalTopology-0-20240419-23:16:50-13280,scalar,LoRa.server[0],SF: 11,,,0
LoRaSim-MinimalTopology-0-20240419-23:16:50-13280,scalar,LoRa.server[0],rcvCounter: 11,,,0
LoRaSim-MinimalTopology-0-20240419-23:16:50-13280,scalar,LoRa.server[0],noOfCollidedPackets: 11,,,0
LoRaSim-MinimalTopology-0-20240419-23:16:50-13280,scalar,LoRa.server[0],noOfSuccessPackets: 11,,,0
LoRaSim-MinimalTopology-0-20240419-23:16:50-13280,scalar,LoRa.server[0],noOfHostsInSFTier: 11,,,194
LoRaSim-MinimalTopology-0-20240419-23:16:50-13280,scalar,LoRa.server[0],SF: 12,,,0
LoRaSim-MinimalTopology-0-20240419-23:16:50-13280,scalar,LoRa.server[0],rcvCounter: 12,,,0
LoRaSim-MinimalTopology-0-20240419-23:16:50-13280,scalar,LoRa.server[0],noOfCollidedPackets: 12,,,0
LoRaSim-MinimalTopology-0-20240419-23:16:50-13280,scalar,LoRa.server[0],noOfSuccessPackets: 12,,,0
LoRaSim-MinimalTopology-0-20240419-23:16:50-13280,scalar,LoRa.server[0],noOfHostsInSFTier: 12,,,315
LoRaSim-MinimalTopology-0-20240419-23:16:50-13280,scalar,LoRa.server[0],totalSuccessRate,,,1.6036875
LoRaSim-MinimalTopology-0-20240419-23:16:50-13280,scalar,LoRa.server[0],totalSuccessProb,,,0.968387314
LoRaSim-MinimalTopology-0-20240419-23:16:50-13280,scalar,LoRa.server[0],duration,,,432000
LoRaSim-MinimalTopology-0-20240419-23:16:50-13280,scalar,LoRa.host[0],numOfHostsPerSF_Server0_SF7,,,148
LoRaSim-MinimalTopology-0-20240419-23:16:50-13280,scalar,LoRa.host[0],numOfHostsPerSF_Server0_SF8,,,64
LoRaSim-MinimalTopology-0-20240419-23:16:50-13280,scalar,LoRa.host[0],numOfHostsPerSF_Server0_SF9,,,110
LoRaSim-MinimalTopology-0-20240419-23:16:50-13280,scalar,LoRa.host[0],numOfHostsPerSF_Server0_SF10,,,168
LoRaSim-MinimalTopology-0-20240419-23:16:50-13280,scalar,LoRa.host[0],numOfHostsPerSF_Server0_SF11,,,194
LoRaSim-MinimalTopology-0-20240419-23:16:50-13280,scalar,LoRa.host[0],numOfHostsPerSF_Server0_SF12,,,316
LoRaSim-MinimalTopology-0-20240419-23:16:50-13280,scalar,_runattrs_,M,,,1
LoRaSim-MinimalTopology-0-20240419-23:16:50-13280,scalar,_runattrs_,N,,,1000
